{
  "name": "SENDGRID",
  "url": "https://mcp.aci.dev/virtual/mcp?server_name=SENDGRID",
  "transport_type": "streamable_http",
  "description": "SendGrid is a cloud-based email service that delivers transactional and marketing emails. It provides a robust API for sending emails, managing email templates, and tracking email delivery status.",
  "logo": "https://raw.githubusercontent.com/aipotheosis-labs/aipolabs-icons/refs/heads/main/apps/sendgrid.svg",
  "categories": ["Communication"],
  "auth_configs": [
    {
      "type": "api_key",
      "location": "header",
      "name": "Authorization",
      "prefix": "Bearer"
    }
  ],
  "server_metadata": {
    "is_virtual_mcp_server": true
  }
}
