{
  "name": "HACKERNEWS",
  "url": "https://mcp.aci.dev/virtual/mcp?server_name=HACKERNEWS",
  "transport_type": "streamable_http",
  "description": "Hacker News is a social news website focusing on computer science and entrepreneurship, run by Y Combinator. This API allows you to fetch top stories, new stories, ask stories, show stories, and job postings from Hacker News.",
  "logo": "https://raw.githubusercontent.com/aipotheosis-labs/aipolabs-icons/refs/heads/main/apps/hackernews.png",
  "categories": ["News"],
  "auth_configs": [
    {
      "type": "no_auth"
    }
  ],
  "server_metadata": {
    "is_virtual_mcp_server": true
  }
}
