[
  {
    "name": "HACKERNEWS__TOP_STORIES_GET",
    "description": "Fetch the top stories from HackerNews.",
    "tags": [],
    "tool_metadata": {
      "canonical_tool_name": "TOP_STORIES_GET",
      "canonical_tool_description_hash": "fe13345cc511945fc53f0549b4022b8f68e278ee753ea16f42413a9084e8645c",
      "canonical_tool_input_schema_hash": "d746974fa9afd5e951f76f9af38954b0ad7f436f2120dc974da65e5ee39f856f"
    },
    "input_schema": {
      "type": "object",
      "required": [],
      "properties": {},
      "additionalProperties": false
    }
  },
  {
    "name": "HACKERNEWS__ITEM_GET",
    "description": "Fetch a specific item (story or comment) by ID.",
    "tags": [],
    "tool_metadata": {
      "canonical_tool_name": "ITEM_GET",
      "canonical_tool_description_hash": "9accc60cf7712370d44c12bcc10c13a024618d7cb75c3d1e3794027fd50d8695",
      "canonical_tool_input_schema_hash": "d2ba47ec26431b3eeefdb78f79033955bcb3d29b06811575d1ceba8f63581e46"
    },
    "input_schema": {
      "type": "object",
      "required": ["path"],
      "properties": {
        "path": {
          "type": "object",
          "required": ["id"],
          "properties": {
            "id": {
              "type": "string",
              "description": "The ID of the item (story or comment) to retrieve."
            }
          },
          "description": "Path parameters for the request.",
          "additionalProperties": false
        }
      },
      "additionalProperties": false
    }
  },
  {
    "name": "HACKERNEWS__USER_GET",
    "description": "Fetch user information by user ID.",
    "tags": [],
    "tool_metadata": {
      "canonical_tool_name": "USER_GET",
      "canonical_tool_description_hash": "0a05a8dd22bb946b816f6b637bd5c62682f73b7c4c6e805996612bce57ff60de",
      "canonical_tool_input_schema_hash": "9db32d56e85af2b64835c8f5eddf77dc88cc02e7adf50460bd24138807d8fefe"
    },
    "input_schema": {
      "type": "object",
      "required": ["path"],
      "properties": {
        "path": {
          "type": "object",
          "required": ["id"],
          "properties": {
            "id": {
              "type": "string",
              "description": "The ID of the user to retrieve."
            }
          },
          "description": "Path parameters for the request.",
          "additionalProperties": false
        }
      },
      "additionalProperties": false
    }
  },
  {
    "name": "HACKERNEWS__USER_STORIES_GET",
    "description": "Fetch stories submitted by a user.",
    "tags": [],
    "tool_metadata": {
      "canonical_tool_name": "USER_STORIES_GET",
      "canonical_tool_description_hash": "a022da0d4fea36b4691d081d93de10e9c0bd5aebd7b60cfcdb72d79ad31dbf13",
      "canonical_tool_input_schema_hash": "05d6ccc696fcc85c774b2b3b64bbc6238571106e2b8e04739921209105dd4fa2"
    },
    "input_schema": {
      "type": "object",
      "required": ["path"],
      "properties": {
        "path": {
          "type": "object",
          "required": ["id"],
          "properties": {
            "id": {
              "type": "string",
              "description": "The ID of the user whose submitted stories to retrieve."
            }
          },
          "description": "Path parameters for the request.",
          "additionalProperties": false
        }
      },
      "additionalProperties": false
    }
  },
  {
    "name": "HACKERNEWS__USER_RECEIVED_GET",
    "description": "Fetch stories received (comments) by a user.",
    "tags": [],
    "tool_metadata": {
      "canonical_tool_name": "USER_RECEIVED_GET",
      "canonical_tool_description_hash": "93511629044e5e01aac80b4f4fba0fc1cd3315bc26964ad0c646c9b302332c59",
      "canonical_tool_input_schema_hash": "7bb6140810b52ead803d26626b9c073b0d089781e1b1427e8fa0a115e4085eb9"
    },
    "input_schema": {
      "type": "object",
      "required": ["path"],
      "properties": {
        "path": {
          "type": "object",
          "required": ["id"],
          "properties": {
            "id": {
              "type": "string",
              "description": "The ID of the user whose received stories/comments to retrieve."
            }
          },
          "description": "Path parameters for the request.",
          "additionalProperties": false
        }
      },
      "additionalProperties": false
    }
  }
]
