{
  "name": "ALL_IMAGES",
  "url": "https://mcp.aci.dev/virtual/mcp?server_name=ALL_IMAGES",
  "transport_type": "streamable_http",
  "description": "All-Images.ai API integration for image search and AI image generation. Provides capabilities for searching stock images and generating custom images using AI.",
  "logo": "https://raw.githubusercontent.com/aipotheosis-labs/aipolabs-icons/refs/heads/main/apps/all_images.svg",
  "categories": ["Media"],
  "auth_configs": [
    {
      "type": "api_key",
      "location": "header",
      "name": "api-key"
    }
  ],
  "server_metadata": {
    "is_virtual_mcp_server": true
  }
}
