[
  {
    "name": "AIDBASE__GET_ALL_CHATBOTS",
    "description": "Get all chatbots associated with the user.",
    "tool_metadata": {
      "type": "rest",
      "method": "GET",
      "endpoint": "https://api.aidbase.ai/v1/chatbots"
    },
    "input_schema": {
      "type": "object",
      "properties": {
        "header": {
          "type": "object",
          "description": "header parameters",
          "properties": {
            "Accept": {
              "type": "string",
              "description": "The supported media type",
              "default": "application/json"
            }
          },
          "required": [],
          "visible": [],
          "additionalProperties": false
        }
      },
      "required": [],
      "visible": [],
      "additionalProperties": false
    }
  },
  {
    "name": "AIDBASE__GET_CHATBOT_BY_ID",
    "description": "Get a specific chatbot by ID.",
    "tool_metadata": {
      "type": "rest",
      "method": "GET",
      "endpoint": "https://api.aidbase.ai/v1/chatbot/{id}"
    },
    "input_schema": {
      "type": "object",
      "properties": {
        "path": {
          "type": "object",
          "description": "Path parameters.",
          "properties": {
            "id": {
              "type": "string",
              "description": "Unique identifier for the chatbot",
              "example": "p-8KP033W9GT8xZMEULqa"
            }
          },
          "required": [
            "id"
          ],
          "visible": [
            "id"
          ],
          "additionalProperties": false
        },
        "header": {
          "type": "object",
          "description": "header parameters",
          "properties": {
            "Accept": {
              "type": "string",
              "description": "The supported media type",
              "default": "application/json"
            }
          },
          "required": [],
          "visible": [],
          "additionalProperties": false
        }
      },
      "required": [
        "path"
      ],
      "visible": [
        "path"
      ],
      "additionalProperties": false
    }
  },
  {
    "name": "AIDBASE__POST_CHATBOT_REPLY",
    "description": "Get an AI reply from a chatbot.",
    "tool_metadata": {
      "type": "rest",
      "method": "POST",
      "endpoint": "https://api.aidbase.ai/v1/chatbot/{id}/reply"
    },
    "input_schema": {
      "type": "object",
      "properties": {
        "path": {
          "type": "object",
          "description": "Path parameters.",
          "properties": {
            "id": {
              "type": "string",
              "description": "Unique identifier for the chatbot.",
              "example": "odguL9hXiB413s3g9ZO3z"
            }
          },
          "required": [
            "id"
          ],
          "visible": [
            "id"
          ],
          "additionalProperties": false
        },
        "header": {
          "type": "object",
          "description": "header parameters",
          "properties": {
            "Accept": {
              "type": "string",
              "description": "The supported media type",
              "default": "application/json"
            }
          },
          "required": [],
          "visible": [],
          "additionalProperties": false
        },
        "body": {
          "type": "object",
          "description": "Reply payload.",
          "properties": {
            "message": {
              "type": "string",
              "description": "The reply message to send.",
              "example": "How can I get started with Aidbase API?"
            },
            "session_id": {
              "type": "string",
              "description": "Optional session identifier for the chatbot.",
              "example": "tAp_XW4qvRzKw"
            }
          },
          "required": [
            "message"
          ],
          "visible": [
            "message",
            "session_id"
          ],
          "additionalProperties": false
        }
      },
      "required": [
        "path",
        "body"
      ],
      "visible": [
        "path",
        "body"
      ],
      "additionalProperties": false
    }
  },
  {
    "name": "AIDBASE__GET_CHATBOT_KNOWLEDGE",
    "description": "Get all knowledge items associated with a chatbot.",
    "tool_metadata": {
      "type": "rest",
      "method": "GET",
      "endpoint": "https://api.aidbase.ai/v1/chatbot/{id}/knowledge"
    },
    "input_schema": {
      "type": "object",
      "properties": {
        "path": {
          "type": "object",
          "description": "Path parameters.",
          "properties": {
            "id": {
              "type": "string",
              "description": "Unique identifier for the chatbot.",
              "example": "odguL9hXiB413s3g9ZO3z"
            }
          },
          "required": [
            "id"
          ],
          "visible": [
            "id"
          ],
          "additionalProperties": false
        },
        "header": {
          "type": "object",
          "description": "header parameters",
          "properties": {
            "Accept": {
              "type": "string",
              "description": "The supported media type",
              "default": "application/json"
            }
          },
          "required": [],
          "visible": [],
          "additionalProperties": false
        }
      },
      "required": [
        "path"
      ],
      "visible": [
        "path"
      ],
      "additionalProperties": false
    }
  },
  {
    "name": "AIDBASE__PUT_CHATBOT_KNOWLEDGE",
    "description": "Add a new knowledge item to a chatbot.",
    "tool_metadata": {
      "type": "rest",
      "method": "PUT",
      "endpoint": "https://api.aidbase.ai/v1/chatbot/{id}/knowledge"
    },
    "input_schema": {
      "type": "object",
      "properties": {
        "path": {
          "type": "object",
          "description": "Path parameters.",
          "properties": {
            "id": {
              "type": "string",
              "description": "Unique identifier for the chatbot.",
              "example": "odguL9hXiB413s3g9ZO3z"
            }
          },
          "required": [
            "id"
          ],
          "visible": [
            "id"
          ],
          "additionalProperties": false
        },
        "header": {
          "type": "object",
          "description": "header parameters",
          "properties": {
            "Accept": {
              "type": "string",
              "description": "The supported media type",
              "default": "application/json"
            }
          },
          "required": [],
          "visible": [],
          "additionalProperties": false
        },
        "body": {
          "type": "object",
          "description": "Knowledge update payload.",
          "properties": {
            "knowledge_id": {
              "type": "string",
              "description": "Unique identifier for the knowledge item to update.",
              "example": "cd2faf2c-464b-421f-a7b1-b856860551f8"
            }
          },
          "required": [
            "knowledge_id"
          ],
          "visible": [
            "knowledge_id"
          ],
          "additionalProperties": false
        }
      },
      "required": [
        "path",
        "body"
      ],
      "visible": [
        "path",
        "body"
      ],
      "additionalProperties": false
    }
  },
  {
    "name": "AIDBASE__REMOVE_CHATBOT_KNOWLEDGE",
    "description": "Remove a knowledge item from a chatbot.",
    "tool_metadata": {
      "type": "rest",
      "method": "DELETE",
      "endpoint": "https://api.aidbase.ai/v1/chatbot/{id}/knowledge"
    },
    "input_schema": {
      "type": "object",
      "properties": {
        "path": {
          "type": "object",
          "description": "Path parameters.",
          "properties": {
            "id": {
              "type": "string",
              "description": "Unique identifier for the chatbot.",
              "example": "odguL9hXiB413s3g9ZO3z"
            }
          },
          "required": [
            "id"
          ],
          "visible": [
            "id"
          ],
          "additionalProperties": false
        },
        "header": {
          "type": "object",
          "description": "header parameters",
          "properties": {
            "Accept": {
              "type": "string",
              "description": "The supported media type",
              "default": "application/json"
            }
          },
          "required": [],
          "visible": [],
          "additionalProperties": false
        },
        "body": {
          "type": "object",
          "description": "Knowledge delete payload.",
          "properties": {
            "knowledge_id": {
              "type": "string",
              "description": "Unique identifier for the knowledge item to delete.",
              "example": "cd2faf2c-464b-421f-a7b1-b856860551f8"
            }
          },
          "required": [
            "knowledge_id"
          ],
          "visible": [
            "knowledge_id"
          ],
          "additionalProperties": false
        }
      },
      "required": [
        "path",
        "body"
      ],
      "visible": [
        "path",
        "body"
      ],
      "additionalProperties": false
    }
  }
]
