[
  {
    "name": "MICROSOFT_OUTLOOK__LIST_MESSAGES",
    "description": "List email messages from the user's inbox.",
    "tool_metadata": {
      "type": "rest",
      "method": "GET",
      "endpoint": "https://graph.microsoft.com/v1.0/me/messages"
    },
    "input_schema": {
      "type": "object",
      "properties": {
        "query": {
          "type": "object",
          "description": "Query parameters for filtering messages",
          "properties": {
            "$top": {
              "type": "integer",
              "description": "Limits the number of items returned from a collection"
            },
            "$skip": {
              "type": "integer",
              "description": "Skips items in a result set. Also used by some APIs to implement paging and can be used with $top to manually page results"
            },
            "$filter": {
              "type": "string",
              "description": "OData filter expression"
            },
            "$orderby": {
              "type": "string",
              "description": "Order by expression like 'receivedDateTime desc'"
            }
          },
          "required": [],
          "visible": [
            "$top",
            "$skip",
            "$filter",
            "$orderby"
          ],
          "additionalProperties": false
        }
      },
      "required": [],
      "visible": [
        "query"
      ],
      "additionalProperties": false
    }
  },
  {
    "name": "MICROSOFT_OUTLOOK__LIST_MESSAGES_IN_FOLDER",
    "description": "Get all messages in a specified mail folder. Supports filtering, pagination, and sorting using OData query parameters. This allows you to retrieve messages from any specific folder in the mailbox.",
    "tool_metadata": {
      "type": "rest",
      "method": "GET",
      "endpoint": "https://graph.microsoft.com/v1.0/me/mailFolders/{folder_id}/messages"
    },
    "input_schema": {
      "type": "object",
      "properties": {
        "path": {
          "type": "object",
          "description": "The path parameters",
          "properties": {
            "folder_id": {
              "type": "string",
              "description": "The unique identifier of the mail folder, or a well-known folder name (e.g., 'inbox', 'drafts', 'sentitems')"
            }
          },
          "required": [
            "folder_id"
          ],
          "visible": [
            "folder_id"
          ],
          "additionalProperties": false
        },
        "query": {
          "type": "object",
          "description": "Query parameters for filtering and customizing the message list",
          "properties": {
            "$select": {
              "type": "string",
              "description": "Comma-separated list of properties to include (e.g., 'id,subject,sender,receivedDateTime')"
            },
            "$filter": {
              "type": "string",
              "description": "Filter expression to limit messages (e.g., 'hasAttachments eq true', 'from/emailAddress/address eq \"example@domain.com\"')"
            },
            "$orderby": {
              "type": "string",
              "description": "Property to sort by with direction (e.g., 'receivedDateTime desc', 'subject asc')"
            },
            "$top": {
              "type": "integer",
              "description": "Maximum number of messages to return (default 10, max 1000)"
            },
            "$skip": {
              "type": "integer",
              "description": "Number of messages to skip for pagination"
            },
            "$search": {
              "type": "string",
              "description": "Search query string to find messages containing specific text"
            },
            "$expand": {
              "type": "string",
              "description": "Expand related entities (e.g., 'attachments', 'extensions')"
            }
          },
          "required": [],
          "visible": [
            "$select",
            "$filter",
            "$orderby",
            "$top",
            "$skip",
            "$search",
            "$expand"
          ],
          "additionalProperties": false
        }
      },
      "required": [
        "path"
      ],
      "visible": [
        "path",
        "query"
      ],
      "additionalProperties": false
    }
  },
  {
    "name": "MICROSOFT_OUTLOOK__LIST_MAIL_FOLDERS",
    "description": "Get the mail folder collection directly under the root folder of the signed-in user. Includes mail search folders and can optionally include hidden folders.",
    "tool_metadata": {
      "type": "rest",
      "method": "GET",
      "endpoint": "https://graph.microsoft.com/v1.0/me/mailFolders"
    },
    "input_schema": {
      "type": "object",
      "properties": {
        "query": {
          "type": "object",
          "description": "Query parameters for customizing the folder list",
          "properties": {
            "includeHiddenFolders": {
              "type": "boolean",
              "description": "Include hidden folders in the response (folders where isHidden property is true)"
            },
            "$top": {
              "type": "integer",
              "description": "Limits the number of folders returned from a collection"
            },
            "$skip": {
              "type": "integer",
              "description": "Skips folders in a result set"
            },
            "$filter": {
              "type": "string",
              "description": "OData filter expression to filter folders"
            },
            "$orderby": {
              "type": "string",
              "description": "Order by expression like 'displayName asc'"
            },
            "$select": {
              "type": "string",
              "description": "Select specific properties like 'id,displayName,parentFolderId'"
            }
          },
          "required": [],
          "visible": [
            "includeHiddenFolders",
            "$top",
            "$skip",
            "$filter",
            "$orderby",
            "$select"
          ],
          "additionalProperties": false
        }
      },
      "required": [],
      "visible": [
        "query"
      ],
      "additionalProperties": false
    }
  },
  {
    "name": "MICROSOFT_OUTLOOK__GET_MAIL_FOLDER",
    "description": "Retrieve the properties and relationships of a specific mail folder object by its ID. Returns detailed folder information including permissions and relationships.",
    "tool_metadata": {
      "type": "rest",
      "method": "GET",
      "endpoint": "https://graph.microsoft.com/v1.0/me/mailFolders/{folder_id}"
    },
    "input_schema": {
      "type": "object",
      "properties": {
        "path": {
          "type": "object",
          "description": "The path parameters",
          "properties": {
            "folder_id": {
              "type": "string",
              "description": "The unique identifier of the mail folder to retrieve"
            }
          },
          "required": [
            "folder_id"
          ],
          "visible": [
            "folder_id"
          ],
          "additionalProperties": false
        },
        "query": {
          "type": "object",
          "description": "Query parameters for customizing the folder details",
          "properties": {
            "$select": {
              "type": "string",
              "description": "Select specific properties like 'id,displayName,parentFolderId,childFolderCount'"
            },
            "$expand": {
              "type": "string",
              "description": "Expand related entities like 'childFolders' or 'messages'"
            }
          },
          "required": [],
          "visible": [
            "$select",
            "$expand"
          ],
          "additionalProperties": false
        }
      },
      "required": [
        "path"
      ],
      "visible": [
        "path",
        "query"
      ],
      "additionalProperties": false
    }
  },
  {
    "name": "MICROSOFT_OUTLOOK__UPDATE_MAIL_FOLDER",
    "description": "Update the properties of a mail folder object. Currently supports updating the display name of the folder. This allows you to rename folders for better organization.",
    "tool_metadata": {
      "type": "rest",
      "method": "PATCH",
      "endpoint": "https://graph.microsoft.com/v1.0/me/mailFolders/{folder_id}"
    },
    "input_schema": {
      "type": "object",
      "properties": {
        "path": {
          "type": "object",
          "description": "The path parameters",
          "properties": {
            "folder_id": {
              "type": "string",
              "description": "The unique identifier of the mail folder to update"
            }
          },
          "required": [
            "folder_id"
          ],
          "visible": [
            "folder_id"
          ],
          "additionalProperties": false
        },
        "body": {
          "type": "object",
          "description": "The mail folder properties to update",
          "properties": {
            "displayName": {
              "type": "string",
              "description": "The new display name for the mail folder. This will be the name shown in the user's mailbox."
            }
          },
          "required": [
            "displayName"
          ],
          "visible": [
            "displayName"
          ],
          "additionalProperties": false
        }
      },
      "required": [
        "path",
        "body"
      ],
      "visible": [
        "path",
        "body"
      ],
      "additionalProperties": false
    }
  },
  {
    "name": "MICROSOFT_OUTLOOK__LIST_CHILD_FOLDERS",
    "description": "Get the collection of child folders under a specified mail folder. By default, hidden folders are excluded unless explicitly requested. Supports OData query parameters for filtering and customization.",
    "tool_metadata": {
      "type": "rest",
      "method": "GET",
      "endpoint": "https://graph.microsoft.com/v1.0/me/mailFolders/{folder_id}/childFolders"
    },
    "input_schema": {
      "type": "object",
      "properties": {
        "path": {
          "type": "object",
          "description": "The path parameters",
          "properties": {
            "folder_id": {
              "type": "string",
              "description": "The unique identifier of the parent mail folder whose child folders to retrieve"
            }
          },
          "required": [
            "folder_id"
          ],
          "visible": [
            "folder_id"
          ],
          "additionalProperties": false
        },
        "query": {
          "type": "object",
          "description": "Query parameters for customizing the child folder list",
          "properties": {
            "includeHiddenFolders": {
              "type": "boolean",
              "description": "Whether to include hidden child folders in the response. Default is false."
            },
            "$select": {
              "type": "string",
              "description": "Comma-separated list of properties to include in the response (e.g., 'id,displayName,totalItemCount')"
            },
            "$filter": {
              "type": "string",
              "description": "Filter expression to limit the child folders returned (e.g., 'totalItemCount gt 0')"
            },
            "$orderby": {
              "type": "string",
              "description": "Property to sort the child folders by, optionally with 'asc' or 'desc' (e.g., 'displayName asc')"
            },
            "$top": {
              "type": "integer",
              "description": "Maximum number of child folders to return"
            },
            "$skip": {
              "type": "integer",
              "description": "Number of child folders to skip (for pagination)"
            }
          },
          "required": [],
          "visible": [
            "includeHiddenFolders",
            "$select",
            "$filter",
            "$orderby",
            "$top",
            "$skip"
          ],
          "additionalProperties": false
        }
      },
      "required": [
        "path"
      ],
      "visible": [
        "path",
        "query"
      ],
      "additionalProperties": false
    }
  },
  {
    "name": "MICROSOFT_OUTLOOK__CREATE_MESSAGE_IN_FOLDER",
    "description": "Create a new message directly in a specific mail folder. This creates an actual message in the folder, not a draft. The message will appear in the specified folder immediately.",
    "tool_metadata": {
      "type": "rest",
      "method": "POST",
      "endpoint": "https://graph.microsoft.com/v1.0/me/mailFolders/{folder_id}/messages"
    },
    "input_schema": {
      "type": "object",
      "properties": {
        "path": {
          "type": "object",
          "description": "The path parameters",
          "properties": {
            "folder_id": {
              "type": "string",
              "description": "The unique identifier of the mail folder where the message will be created"
            }
          },
          "required": [
            "folder_id"
          ],
          "visible": [
            "folder_id"
          ],
          "additionalProperties": false
        },
        "body": {
          "type": "object",
          "description": "The message properties to create",
          "properties": {
            "subject": {
              "type": "string",
              "description": "The subject line of the message"
            },
            "body": {
              "type": "object",
              "description": "The body of the message",
              "properties": {
                "contentType": {
                  "type": "string",
                  "description": "The content type of the body. Either 'text' or 'html'"
                },
                "content": {
                  "type": "string",
                  "description": "The content of the message body"
                }
              },
              "required": [
                "contentType",
                "content"
              ],
              "visible": [
                "contentType",
                "content"
              ],
              "additionalProperties": false
            },
            "toRecipients": {
              "type": "array",
              "description": "The recipients in the To field",
              "items": {
                "type": "object",
                "properties": {
                  "emailAddress": {
                    "type": "object",
                    "properties": {
                      "address": {
                        "type": "string",
                        "description": "The email address"
                      },
                      "name": {
                        "type": "string",
                        "description": "The display name of the recipient"
                      }
                    },
                    "required": [
                      "address"
                    ],
                    "visible": [
                      "address",
                      "name"
                    ],
                    "additionalProperties": false
                  }
                },
                "required": [
                  "emailAddress"
                ],
                "visible": [
                  "emailAddress"
                ],
                "additionalProperties": false
              }
            },
            "ccRecipients": {
              "type": "array",
              "description": "The recipients in the CC field",
              "items": {
                "type": "object",
                "properties": {
                  "emailAddress": {
                    "type": "object",
                    "properties": {
                      "address": {
                        "type": "string",
                        "description": "The email address"
                      },
                      "name": {
                        "type": "string",
                        "description": "The display name of the recipient"
                      }
                    },
                    "required": [
                      "address"
                    ],
                    "visible": [
                      "address",
                      "name"
                    ],
                    "additionalProperties": false
                  }
                },
                "required": [
                  "emailAddress"
                ],
                "visible": [
                  "emailAddress"
                ],
                "additionalProperties": false
              }
            },
            "bccRecipients": {
              "type": "array",
              "description": "The recipients in the BCC field",
              "items": {
                "type": "object",
                "properties": {
                  "emailAddress": {
                    "type": "object",
                    "properties": {
                      "address": {
                        "type": "string",
                        "description": "The email address"
                      },
                      "name": {
                        "type": "string",
                        "description": "The display name of the recipient"
                      }
                    },
                    "required": [
                      "address"
                    ],
                    "visible": [
                      "address",
                      "name"
                    ],
                    "additionalProperties": false
                  }
                },
                "required": [
                  "emailAddress"
                ],
                "visible": [
                  "emailAddress"
                ],
                "additionalProperties": false
              }
            },
            "importance": {
              "type": "string",
              "enum": [
                "low",
                "normal",
                "high"
              ],
              "description": "The importance of the message. Values: low, normal, high"
            },
            "isRead": {
              "type": "boolean",
              "description": "Indicates whether the message has been read"
            }
          },
          "required": [
            "subject",
            "body"
          ],
          "visible": [
            "subject",
            "body",
            "toRecipients",
            "ccRecipients",
            "bccRecipients",
            "importance",
            "isRead"
          ],
          "additionalProperties": false
        }
      },
      "required": [
        "path",
        "body"
      ],
      "visible": [
        "path",
        "body"
      ],
      "additionalProperties": false
    }
  },
  {
    "name": "MICROSOFT_OUTLOOK__CREATE_MAIL_FOLDER",
    "description": "Create a new mail folder in the root folder of the user's mailbox. You can set the folder name and whether it should be hidden. Hidden folders cannot be unhidden later.",
    "tool_metadata": {
      "type": "rest",
      "method": "POST",
      "endpoint": "https://graph.microsoft.com/v1.0/me/mailFolders"
    },
    "input_schema": {
      "type": "object",
      "properties": {
        "body": {
          "type": "object",
          "description": "The mail folder properties to create",
          "properties": {
            "displayName": {
              "type": "string",
              "description": "The display name of the new folder. This is the name that will appear in the user's mailbox."
            },
            "isHidden": {
              "type": "boolean",
              "description": "Indicates whether the new folder should be hidden. Default is false. Once set to true, this property cannot be changed later."
            }
          },
          "required": [
            "displayName"
          ],
          "visible": [
            "displayName",
            "isHidden"
          ],
          "additionalProperties": false
        }
      },
      "required": [
        "body"
      ],
      "visible": [
        "body"
      ],
      "additionalProperties": false
    }
  },
  {
    "name": "MICROSOFT_OUTLOOK__CREATE_CHILD_FOLDER",
    "description": "Create a new child mail folder under a specific parent folder. You can set the folder name and whether it should be hidden. Hidden folders cannot be unhidden later. This is useful for organizing emails in a hierarchical structure.",
    "tool_metadata": {
      "type": "rest",
      "method": "POST",
      "endpoint": "https://graph.microsoft.com/v1.0/me/mailFolders/{folder_id}/childFolders"
    },
    "input_schema": {
      "type": "object",
      "properties": {
        "path": {
          "type": "object",
          "description": "The path parameters",
          "properties": {
            "folder_id": {
              "type": "string",
              "description": "The unique identifier of the parent mail folder under which to create the child folder"
            }
          },
          "required": [
            "folder_id"
          ],
          "visible": [
            "folder_id"
          ],
          "additionalProperties": false
        },
        "body": {
          "type": "object",
          "description": "The child folder properties to create",
          "properties": {
            "displayName": {
              "type": "string",
              "description": "The display name of the new child folder. This is the name that will appear in the user's mailbox under the parent folder."
            },
            "isHidden": {
              "type": "boolean",
              "description": "Indicates whether the new child folder should be hidden. Default is false. Once set to true, this property cannot be changed later."
            }
          },
          "required": [
            "displayName"
          ],
          "visible": [
            "displayName",
            "isHidden"
          ],
          "additionalProperties": false
        }
      },
      "required": [
        "path",
        "body"
      ],
      "visible": [
        "path",
        "body"
      ],
      "additionalProperties": false
    }
  },
  {
    "name": "MICROSOFT_OUTLOOK__GET_MESSAGE",
    "description": "Get a specific email message by its ID with detailed information including sender, recipients, subject, body, and attachments.",
    "tool_metadata": {
      "type": "rest",
      "method": "GET",
      "endpoint": "https://graph.microsoft.com/v1.0/me/messages/{message_id}"
    },
    "input_schema": {
      "type": "object",
      "properties": {
        "path": {
          "type": "object",
          "description": "The path parameters",
          "properties": {
            "message_id": {
              "type": "string",
              "description": "The unique identifier of the message to retrieve"
            }
          },
          "required": [
            "message_id"
          ],
          "visible": [
            "message_id"
          ],
          "additionalProperties": false
        },
        "query": {
          "type": "object",
          "description": "Query parameters for customizing the response",
          "properties": {
            "$select": {
              "type": "string",
              "description": "Comma-separated list of properties to include in the response (e.g., 'subject,sender,receivedDateTime')"
            },
            "$expand": {
              "type": "string",
              "description": "Comma-separated list of relationships to expand (e.g., 'attachments')"
            }
          },
          "required": [],
          "visible": [
            "$select",
            "$expand"
          ],
          "additionalProperties": false
        }
      },
      "required": [
        "path"
      ],
      "visible": [
        "path",
        "query"
      ],
      "additionalProperties": false
    }
  },
  {
    "name": "MICROSOFT_OUTLOOK__DELETE_MESSAGE",
    "description": "Delete a specific email message by its ID. This operation moves the message to the Deleted Items folder.",
    "tool_metadata": {
      "type": "rest",
      "method": "DELETE",
      "endpoint": "https://graph.microsoft.com/v1.0/me/messages/{message_id}"
    },
    "input_schema": {
      "type": "object",
      "properties": {
        "path": {
          "type": "object",
          "description": "The path parameters",
          "properties": {
            "message_id": {
              "type": "string",
              "description": "The unique identifier of the message to delete"
            }
          },
          "required": [
            "message_id"
          ],
          "visible": [
            "message_id"
          ],
          "additionalProperties": false
        }
      },
      "required": [
        "path"
      ],
      "visible": [
        "path"
      ],
      "additionalProperties": false
    }
  },
  {
    "name": "MICROSOFT_OUTLOOK__PERMANENT_DELETE",
    "description": "Permanently delete a message and place it in the purges folder in the dumpster. Unlike regular delete, this cannot be recovered by email clients and items are permanently deleted after a set period.",
    "tool_metadata": {
      "type": "rest",
      "method": "POST",
      "endpoint": "https://graph.microsoft.com/v1.0/me/messages/{message_id}/permanentDelete"
    },
    "input_schema": {
      "type": "object",
      "properties": {
        "path": {
          "type": "object",
          "description": "The path parameters",
          "properties": {
            "message_id": {
              "type": "string",
              "description": "The unique identifier of the message to permanently delete"
            }
          },
          "required": [
            "message_id"
          ],
          "visible": [
            "message_id"
          ],
          "additionalProperties": false
        }
      },
      "required": [
        "path"
      ],
      "visible": [
        "path"
      ],
      "additionalProperties": false
    }
  },
  {
    "name": "MICROSOFT_OUTLOOK__COPY_MESSAGE",
    "description": "Copy a message to a folder within the user's mailbox. You can specify a destination folder ID or use well-known folder names like 'inbox', 'drafts', 'sentitems', 'deleteditems'.",
    "tool_metadata": {
      "type": "rest",
      "method": "POST",
      "endpoint": "https://graph.microsoft.com/v1.0/me/messages/{message_id}/copy"
    },
    "input_schema": {
      "type": "object",
      "properties": {
        "path": {
          "type": "object",
          "description": "The path parameters",
          "properties": {
            "message_id": {
              "type": "string",
              "description": "The unique identifier of the message to copy"
            }
          },
          "required": [
            "message_id"
          ],
          "visible": [
            "message_id"
          ],
          "additionalProperties": false
        },
        "body": {
          "type": "object",
          "description": "The copy operation parameters",
          "properties": {
            "destinationId": {
              "type": "string",
              "description": "The destination folder ID, or a well-known folder name (e.g., 'inbox', 'drafts', 'sentitems', 'deleteditems', 'archive', 'junkfolder')"
            }
          },
          "required": [
            "destinationId"
          ],
          "visible": [
            "destinationId"
          ],
          "additionalProperties": false
        }
      },
      "required": [
        "path",
        "body"
      ],
      "visible": [
        "path",
        "body"
      ],
      "additionalProperties": false
    }
  },
  {
    "name": "MICROSOFT_OUTLOOK__CREATE_FORWARD",
    "description": "Create a draft to forward an existing message. You can optionally add a comment and specify recipients. The draft can be updated later or sent in a subsequent operation.",
    "tool_metadata": {
      "type": "rest",
      "method": "POST",
      "endpoint": "https://graph.microsoft.com/v1.0/me/messages/{message_id}/createForward"
    },
    "input_schema": {
      "type": "object",
      "properties": {
        "path": {
          "type": "object",
          "description": "The path parameters",
          "properties": {
            "message_id": {
              "type": "string",
              "description": "The unique identifier of the message to forward"
            }
          },
          "required": [
            "message_id"
          ],
          "visible": [
            "message_id"
          ],
          "additionalProperties": false
        },
        "body": {
          "type": "object",
          "description": "Optional parameters for the forward draft",
          "properties": {
            "comment": {
              "type": "string",
              "description": "A comment to include with the forward (alternative to message body)"
            },
            "toRecipients": {
              "type": "array",
              "description": "The list of recipients to forward the message to",
              "items": {
                "type": "object",
                "properties": {
                  "emailAddress": {
                    "type": "object",
                    "properties": {
                      "address": {
                        "type": "string",
                        "description": "The email address of the recipient"
                      },
                      "name": {
                        "type": "string",
                        "description": "The display name of the recipient"
                      }
                    },
                    "required": [
                      "address"
                    ],
                    "visible": [
                      "address",
                      "name"
                    ],
                    "additionalProperties": false
                  }
                },
                "required": [
                  "emailAddress"
                ],
                "visible": [
                  "emailAddress"
                ],
                "additionalProperties": false
              }
            },
            "message": {
              "type": "object",
              "description": "Message properties for the forward draft",
              "properties": {
                "body": {
                  "type": "object",
                  "description": "The body content of the forward message",
                  "properties": {
                    "contentType": {
                      "type": "string",
                      "enum": [
                        "text",
                        "html"
                      ],
                      "description": "The content type of the message body"
                    },
                    "content": {
                      "type": "string",
                      "description": "The actual content of the message body"
                    }
                  },
                  "required": [
                    "contentType",
                    "content"
                  ],
                  "visible": [
                    "contentType",
                    "content"
                  ],
                  "additionalProperties": false
                },
                "toRecipients": {
                  "type": "array",
                  "description": "The list of recipients (alternative to top-level toRecipients)",
                  "items": {
                    "type": "object",
                    "properties": {
                      "emailAddress": {
                        "type": "object",
                        "properties": {
                          "address": {
                            "type": "string",
                            "description": "The email address of the recipient"
                          },
                          "name": {
                            "type": "string",
                            "description": "The display name of the recipient"
                          }
                        },
                        "required": [
                          "address"
                        ],
                        "visible": [
                          "address",
                          "name"
                        ],
                        "additionalProperties": false
                      }
                    },
                    "required": [
                      "emailAddress"
                    ],
                    "visible": [
                      "emailAddress"
                    ],
                    "additionalProperties": false
                  }
                }
              },
              "required": [],
              "visible": [
                "body",
                "toRecipients"
              ],
              "additionalProperties": false
            }
          },
          "required": [],
          "visible": [
            "comment",
            "toRecipients",
            "message"
          ],
          "additionalProperties": false
        }
      },
      "required": [
        "path"
      ],
      "visible": [
        "path",
        "body"
      ],
      "additionalProperties": false
    }
  },
  {
    "name": "MICROSOFT_OUTLOOK__CREATE_REPLY",
    "description": "Create a draft reply to an existing message. The reply will automatically include the original sender as the recipient and reference the original message.",
    "tool_metadata": {
      "type": "rest",
      "method": "POST",
      "endpoint": "https://graph.microsoft.com/v1.0/me/messages/{message_id}/createReply"
    },
    "input_schema": {
      "type": "object",
      "properties": {
        "path": {
          "type": "object",
          "description": "The path parameters",
          "properties": {
            "message_id": {
              "type": "string",
              "description": "The unique identifier of the message to reply to"
            }
          },
          "required": [
            "message_id"
          ],
          "visible": [
            "message_id"
          ],
          "additionalProperties": false
        }
      },
      "required": [
        "path"
      ],
      "visible": [
        "path"
      ],
      "additionalProperties": false
    }
  },
  {
    "name": "MICROSOFT_OUTLOOK__CREATE_REPLY_ALL",
    "description": "Create a draft to reply to the sender and all recipients of a message. The reply will automatically include all original recipients (To, CC) and follow proper reply-to logic.",
    "tool_metadata": {
      "type": "rest",
      "method": "POST",
      "endpoint": "https://graph.microsoft.com/v1.0/me/messages/{message_id}/createReplyAll"
    },
    "input_schema": {
      "type": "object",
      "properties": {
        "path": {
          "type": "object",
          "description": "The path parameters",
          "properties": {
            "message_id": {
              "type": "string",
              "description": "The unique identifier of the message to reply to all recipients"
            }
          },
          "required": [
            "message_id"
          ],
          "visible": [
            "message_id"
          ],
          "additionalProperties": false
        }
      },
      "required": [
        "path"
      ],
      "visible": [
        "path"
      ],
      "additionalProperties": false
    }
  },
  {
    "name": "MICROSOFT_OUTLOOK__FORWARD",
    "description": "Forward a message immediately (not as draft). The message will be sent right away and saved in the Sent Items folder. You can add a comment and specify recipients.",
    "tool_metadata": {
      "type": "rest",
      "method": "POST",
      "endpoint": "https://graph.microsoft.com/v1.0/me/messages/{message_id}/forward"
    },
    "input_schema": {
      "type": "object",
      "properties": {
        "path": {
          "type": "object",
          "description": "The path parameters",
          "properties": {
            "message_id": {
              "type": "string",
              "description": "The unique identifier of the message to forward"
            }
          },
          "required": [
            "message_id"
          ],
          "visible": [
            "message_id"
          ],
          "additionalProperties": false
        },
        "body": {
          "type": "object",
          "description": "The request body for forwarding the message",
          "properties": {
            "comment": {
              "type": "string",
              "description": "A comment to include with the forwarded message. Cannot be used together with message.body property."
            },
            "toRecipients": {
              "type": "array",
              "description": "The recipients for the forwarded message. Cannot be used together with message.toRecipients property.",
              "items": {
                "type": "object",
                "properties": {
                  "emailAddress": {
                    "type": "object",
                    "properties": {
                      "address": {
                        "type": "string",
                        "description": "The email address"
                      },
                      "name": {
                        "type": "string",
                        "description": "The display name for the email address"
                      }
                    },
                    "required": [
                      "address"
                    ],
                    "visible": [
                      "address",
                      "name"
                    ],
                    "additionalProperties": false
                  }
                },
                "required": [
                  "emailAddress"
                ],
                "visible": [
                  "emailAddress"
                ],
                "additionalProperties": false
              }
            },
            "message": {
              "type": "object",
              "description": "Alternative way to specify message properties",
              "properties": {
                "body": {
                  "type": "object",
                  "description": "The body of the forwarded message. Cannot be used together with comment parameter.",
                  "properties": {
                    "contentType": {
                      "type": "string",
                      "enum": [
                        "text",
                        "html"
                      ],
                      "description": "The content type of the body"
                    },
                    "content": {
                      "type": "string",
                      "description": "The content of the body"
                    }
                  },
                  "required": [],
                  "visible": [
                    "contentType",
                    "content"
                  ],
                  "additionalProperties": false
                },
                "toRecipients": {
                  "type": "array",
                  "description": "Recipients in message format. Cannot be used together with toRecipients parameter.",
                  "items": {
                    "type": "object",
                    "properties": {
                      "emailAddress": {
                        "type": "object",
                        "properties": {
                          "address": {
                            "type": "string",
                            "description": "The email address"
                          },
                          "name": {
                            "type": "string",
                            "description": "The display name"
                          }
                        },
                        "required": [
                          "address"
                        ],
                        "visible": [
                          "address",
                          "name"
                        ],
                        "additionalProperties": false
                      }
                    },
                    "required": [
                      "emailAddress"
                    ],
                    "visible": [
                      "emailAddress"
                    ],
                    "additionalProperties": false
                  }
                }
              },
              "required": [],
              "visible": [
                "body",
                "toRecipients"
              ],
              "additionalProperties": false
            }
          },
          "required": [],
          "visible": [
            "comment",
            "toRecipients",
            "message"
          ],
          "additionalProperties": false
        }
      },
      "required": [
        "path",
        "body"
      ],
      "visible": [
        "path",
        "body"
      ],
      "additionalProperties": false
    }
  },
  {
    "name": "MICROSOFT_OUTLOOK__REPLY",
    "description": "Reply to the sender of a message immediately (not as draft). The reply will be sent right away and saved in the Sent Items folder. You can add a comment or custom body.",
    "tool_metadata": {
      "type": "rest",
      "method": "POST",
      "endpoint": "https://graph.microsoft.com/v1.0/me/messages/{message_id}/reply"
    },
    "input_schema": {
      "type": "object",
      "properties": {
        "path": {
          "type": "object",
          "description": "The path parameters",
          "properties": {
            "message_id": {
              "type": "string",
              "description": "The unique identifier of the message to reply to"
            }
          },
          "required": [
            "message_id"
          ],
          "visible": [
            "message_id"
          ],
          "additionalProperties": false
        },
        "body": {
          "type": "object",
          "description": "The request body for the reply",
          "properties": {
            "comment": {
              "type": "string",
              "description": "A comment to include with the reply. Cannot be used together with message.body property."
            },
            "message": {
              "type": "object",
              "description": "Alternative way to specify message properties",
              "properties": {
                "body": {
                  "type": "object",
                  "description": "The body of the reply message. Cannot be used together with comment parameter.",
                  "properties": {
                    "contentType": {
                      "type": "string",
                      "enum": [
                        "text",
                        "html"
                      ],
                      "description": "The content type of the body"
                    },
                    "content": {
                      "type": "string",
                      "description": "The content of the body"
                    }
                  },
                  "required": [],
                  "visible": [
                    "contentType",
                    "content"
                  ],
                  "additionalProperties": false
                }
              },
              "required": [],
              "visible": [
                "body"
              ],
              "additionalProperties": false
            }
          },
          "required": [],
          "visible": [
            "comment",
            "message"
          ],
          "additionalProperties": false
        }
      },
      "required": [
        "path",
        "body"
      ],
      "visible": [
        "path",
        "body"
      ],
      "additionalProperties": false
    }
  },
  {
    "name": "MICROSOFT_OUTLOOK__REPLY_ALL",
    "description": "Reply to all recipients of a message immediately (not as draft). The reply will be sent right away to all original recipients and saved in the Sent Items folder. You can add a comment or custom body.",
    "tool_metadata": {
      "type": "rest",
      "method": "POST",
      "endpoint": "https://graph.microsoft.com/v1.0/me/messages/{message_id}/replyAll"
    },
    "input_schema": {
      "type": "object",
      "properties": {
        "path": {
          "type": "object",
          "description": "The path parameters",
          "properties": {
            "message_id": {
              "type": "string",
              "description": "The unique identifier of the message to reply all to"
            }
          },
          "required": [
            "message_id"
          ],
          "visible": [
            "message_id"
          ],
          "additionalProperties": false
        },
        "body": {
          "type": "object",
          "description": "The request body for the reply all",
          "properties": {
            "comment": {
              "type": "string",
              "description": "A comment to include with the reply all. Cannot be used together with message.body property."
            },
            "message": {
              "type": "object",
              "description": "Alternative way to specify message properties",
              "properties": {
                "body": {
                  "type": "object",
                  "description": "The body of the reply all message. Cannot be used together with comment parameter.",
                  "properties": {
                    "contentType": {
                      "type": "string",
                      "enum": [
                        "text",
                        "html"
                      ],
                      "description": "The content type of the body"
                    },
                    "content": {
                      "type": "string",
                      "description": "The content of the body"
                    }
                  },
                  "required": [],
                  "visible": [
                    "contentType",
                    "content"
                  ],
                  "additionalProperties": false
                }
              },
              "required": [],
              "visible": [
                "body"
              ],
              "additionalProperties": false
            }
          },
          "required": [],
          "visible": [
            "comment",
            "message"
          ],
          "additionalProperties": false
        }
      },
      "required": [
        "path",
        "body"
      ],
      "visible": [
        "path",
        "body"
      ],
      "additionalProperties": false
    }
  },
  {
    "name": "MICROSOFT_OUTLOOK__SEND",
    "description": "Send an existing draft message. The draft can be a new message draft, reply draft, reply-all draft, or forward draft. This saves the message in the Sent Items folder.",
    "tool_metadata": {
      "type": "rest",
      "method": "POST",
      "endpoint": "https://graph.microsoft.com/v1.0/me/messages/{message_id}/send"
    },
    "input_schema": {
      "type": "object",
      "properties": {
        "path": {
          "type": "object",
          "description": "The path parameters",
          "properties": {
            "message_id": {
              "type": "string",
              "description": "The unique identifier of the draft message to send"
            }
          },
          "required": [
            "message_id"
          ],
          "visible": [
            "message_id"
          ],
          "additionalProperties": false
        }
      },
      "required": [
        "path"
      ],
      "visible": [
        "path"
      ],
      "additionalProperties": false
    }
  },
  {
    "name": "MICROSOFT_OUTLOOK__CREATE_DRAFT_MESSAGE",
    "description": "Create a draft of a new message in JSON format. By default, this operation saves the draft in the Drafts folder. You can update the draft later to add content or change properties, or send it in a subsequent operation.",
    "tool_metadata": {
      "type": "rest",
      "method": "POST",
      "endpoint": "https://graph.microsoft.com/v1.0/me/messages"
    },
    "input_schema": {
      "type": "object",
      "properties": {
        "body": {
          "type": "object",
          "description": "The message properties for creating a draft email",
          "properties": {
            "subject": {
              "type": "string",
              "description": "The subject of the message"
            },
            "importance": {
              "type": "string",
              "enum": [
                "low",
                "normal",
                "high"
              ],
              "description": "The importance level of the message"
            },
            "body": {
              "type": "object",
              "description": "The body content of the message",
              "properties": {
                "contentType": {
                  "type": "string",
                  "enum": [
                    "text",
                    "html"
                  ],
                  "description": "The content type of the message body"
                },
                "content": {
                  "type": "string",
                  "description": "The actual content of the message body"
                }
              },
              "required": [
                "contentType",
                "content"
              ],
              "visible": [
                "contentType",
                "content"
              ],
              "additionalProperties": false
            },
            "toRecipients": {
              "type": "array",
              "description": "The list of recipients to send the message to",
              "items": {
                "type": "object",
                "properties": {
                  "emailAddress": {
                    "type": "object",
                    "properties": {
                      "address": {
                        "type": "string",
                        "description": "The email address of the recipient"
                      },
                      "name": {
                        "type": "string",
                        "description": "The display name of the recipient"
                      }
                    },
                    "required": [
                      "address"
                    ],
                    "visible": [
                      "address",
                      "name"
                    ],
                    "additionalProperties": false
                  }
                },
                "required": [
                  "emailAddress"
                ],
                "visible": [
                  "emailAddress"
                ],
                "additionalProperties": false
              }
            },
            "ccRecipients": {
              "type": "array",
              "description": "The list of CC recipients",
              "items": {
                "type": "object",
                "properties": {
                  "emailAddress": {
                    "type": "object",
                    "properties": {
                      "address": {
                        "type": "string",
                        "description": "The email address of the CC recipient"
                      },
                      "name": {
                        "type": "string",
                        "description": "The display name of the CC recipient"
                      }
                    },
                    "required": [
                      "address"
                    ],
                    "visible": [
                      "address",
                      "name"
                    ],
                    "additionalProperties": false
                  }
                },
                "required": [
                  "emailAddress"
                ],
                "visible": [
                  "emailAddress"
                ],
                "additionalProperties": false
              }
            },
            "bccRecipients": {
              "type": "array",
              "description": "The list of BCC recipients",
              "items": {
                "type": "object",
                "properties": {
                  "emailAddress": {
                    "type": "object",
                    "properties": {
                      "address": {
                        "type": "string",
                        "description": "The email address of the BCC recipient"
                      },
                      "name": {
                        "type": "string",
                        "description": "The display name of the BCC recipient"
                      }
                    },
                    "required": [
                      "address"
                    ],
                    "visible": [
                      "address",
                      "name"
                    ],
                    "additionalProperties": false
                  }
                },
                "required": [
                  "emailAddress"
                ],
                "visible": [
                  "emailAddress"
                ],
                "additionalProperties": false
              }
            }
          },
          "required": [],
          "visible": [
            "subject",
            "importance",
            "body",
            "toRecipients",
            "ccRecipients",
            "bccRecipients"
          ],
          "additionalProperties": false
        }
      },
      "required": [
        "body"
      ],
      "visible": [
        "body"
      ],
      "additionalProperties": false
    }
  },
  {
    "name": "MICROSOFT_OUTLOOK__DELTA_MAIL_FOLDERS",
    "description": "Get incremental changes (added, deleted, or updated) in mail folders since the last delta query. This allows efficient synchronization by tracking only changes rather than fetching all folders every time. Use deltatoken for completed rounds and skiptoken for pagination.",
    "tool_metadata": {
      "type": "rest",
      "method": "GET",
      "endpoint": "https://graph.microsoft.com/v1.0/me/mailFolders/delta"
    },
    "input_schema": {
      "type": "object",
      "properties": {
        "query": {
          "type": "object",
          "description": "Query parameters for delta tracking and customization",
          "properties": {
            "$deltatoken": {
              "type": "string",
              "description": "State token from the @odata.deltaLink URL of the previous delta call, indicating completion of a change tracking round. Use this to start the next round of change tracking."
            },
            "$skiptoken": {
              "type": "string",
              "description": "State token from the @odata.nextLink URL of the previous delta call, indicating there are more changes to be tracked in the same round."
            },
            "$select": {
              "type": "string",
              "description": "Comma-separated list of properties to include in the response for performance optimization (e.g., 'id,displayName,parentFolderId'). The 'id' property is always returned."
            }
          },
          "required": [],
          "visible": [
            "$deltatoken",
            "$skiptoken",
            "$select"
          ],
          "additionalProperties": false
        }
      },
      "required": [],
      "visible": [
        "query"
      ],
      "additionalProperties": false
    }
  },
  {
    "name": "MICROSOFT_OUTLOOK__COPY_MAIL_FOLDER",
    "description": "Copy a mail folder and its contents to another mail folder. You can specify a destination folder ID or use well-known folder names like 'inbox', 'drafts', 'sentitems', 'deleteditems'. The entire folder structure and contents will be duplicated.",
    "tool_metadata": {
      "type": "rest",
      "method": "POST",
      "endpoint": "https://graph.microsoft.com/v1.0/me/mailFolders/{folder_id}/copy"
    },
    "input_schema": {
      "type": "object",
      "properties": {
        "path": {
          "type": "object",
          "description": "The path parameters",
          "properties": {
            "folder_id": {
              "type": "string",
              "description": "The unique identifier of the mail folder to copy"
            }
          },
          "required": [
            "folder_id"
          ],
          "visible": [
            "folder_id"
          ],
          "additionalProperties": false
        },
        "body": {
          "type": "object",
          "description": "The copy operation parameters",
          "properties": {
            "destinationId": {
              "type": "string",
              "description": "The destination folder ID, or a well-known folder name (e.g., 'inbox', 'drafts', 'sentitems', 'deleteditems', 'archive', 'junkfolder')"
            }
          },
          "required": [
            "destinationId"
          ],
          "visible": [
            "destinationId"
          ],
          "additionalProperties": false
        }
      },
      "required": [
        "path",
        "body"
      ],
      "visible": [
        "path",
        "body"
      ],
      "additionalProperties": false
    }
  },
  {
    "name": "MICROSOFT_OUTLOOK__DELETE_MAIL_FOLDER",
    "description": "Delete a mail folder by its ID. The folder can be a mailSearchFolder. You can specify a mail folder by its folder ID, or by its well-known folder name. Note: You may not be able to delete items in the recoverable items deletions folder.",
    "tool_metadata": {
      "type": "rest",
      "method": "DELETE",
      "endpoint": "https://graph.microsoft.com/v1.0/me/mailFolders/{folder_id}"
    },
    "input_schema": {
      "type": "object",
      "properties": {
        "path": {
          "type": "object",
          "description": "The path parameters",
          "properties": {
            "folder_id": {
              "type": "string",
              "description": "The unique identifier of the mail folder to delete, or a well-known folder name"
            }
          },
          "required": [
            "folder_id"
          ],
          "visible": [
            "folder_id"
          ],
          "additionalProperties": false
        }
      },
      "required": [
        "path"
      ],
      "visible": [
        "path"
      ],
      "additionalProperties": false
    }
  }
]
