{
  "name": "GOOGLE_MAPS",
  "url": "https://mcp.aci.dev/virtual/mcp?server_name=GOOGLE_MAPS",
  "transport_type": "streamable_http",
  "description": "Navigate your world faster and easier with Google Maps. Over 220 countries and territories mapped and hundreds of millions of businesses and places on the map. Get real-time GPS navigation, traffic, and transit info, and find what you need by getting the latest information on businesses, including grocery stores, pharmacies and other important places.",
  "logo": "https://raw.githubusercontent.com/aipotheosis-labs/aipolabs-icons/refs/heads/main/apps/google_maps.svg",
  "categories": ["Map"],
  "auth_configs": [
    {
      "type": "api_key",
      "location": "query",
      "name": "key"
    }
  ],
  "server_metadata": {
    "is_virtual_mcp_server": true
  }
}
