[
  {
    "name": "CODA__LIST_DOCS",
    "description": "Retrieves a list of all accessible Coda documents. Supports pagination via 'limit' and 'pageToken' parameters. Returns metadata for each document, including ID, name, and creation timestamps.",
    "tool_metadata": {
      "type": "rest",
      "method": "GET",
      "endpoint": "https://coda.io/apis/v1/docs"
    },
    "input_schema": {
      "type": "object",
      "properties": {
        "query": {
          "type": "object",
          "description": "Query parameters",
          "properties": {
            "limit": {
              "type": "integer",
              "description": "Maximum number of docs to return. Default is 100; maximum is 100."
            },
            "pageToken": {
              "type": "string",
              "description": "Token to retrieve the next page of results."
            }
          },
          "required": [],
          "visible": [
            "limit",
            "pageToken"
          ],
          "additionalProperties": false
        }
      },
      "required": [],
      "visible": [
        "query"
      ],
      "additionalProperties": false
    }
  },
  {
    "name": "CODA__LIST_TABLES",
    "description": "Retrieves a list of tables within a specified Coda document. Supports pagination through 'limit' and 'pageToken' parameters. Returns metadata for each table, including ID, name, and creation timestamps.",
    "tool_metadata": {
      "type": "rest",
      "method": "GET",
      "endpoint": "https://coda.io/apis/v1/docs/{doc_id}/tables"
    },
    "input_schema": {
      "type": "object",
      "properties": {
        "path": {
          "type": "object",
          "description": "Path parameters",
          "properties": {
            "doc_id": {
              "type": "string",
              "description": "The ID of the document containing the tables."
            }
          },
          "required": [
            "doc_id"
          ],
          "visible": [
            "doc_id"
          ],
          "additionalProperties": false
        },
        "query": {
          "type": "object",
          "description": "Query parameters",
          "properties": {
            "limit": {
              "type": "integer",
              "description": "Maximum number of tables to return. Default is 100; maximum is 100."
            },
            "pageToken": {
              "type": "string",
              "description": "Token to retrieve the next page of results."
            }
          },
          "required": [],
          "visible": [
            "limit",
            "pageToken"
          ],
          "additionalProperties": false
        }
      },
      "required": [
        "path"
      ],
      "visible": [
        "path",
        "query"
      ],
      "additionalProperties": false
    }
  },
  {
    "name": "CODA__LIST_ROWS",
    "description": "Retrieves a list of rows from a specified table within a Coda document. Supports pagination and filtering through query parameters. Returns metadata for each row, including ID and values for each column.",
    "tool_metadata": {
      "type": "rest",
      "method": "GET",
      "endpoint": "https://coda.io/apis/v1/docs/{doc_id}/tables/{table_id}/rows"
    },
    "input_schema": {
      "type": "object",
      "properties": {
        "path": {
          "type": "object",
          "description": "Path parameters",
          "properties": {
            "doc_id": {
              "type": "string",
              "description": "The ID of the document containing the table."
            },
            "table_id": {
              "type": "string",
              "description": "The ID of the table from which to retrieve rows."
            }
          },
          "required": [
            "doc_id",
            "table_id"
          ],
          "visible": [
            "doc_id",
            "table_id"
          ],
          "additionalProperties": false
        },
        "query": {
          "type": "object",
          "description": "Query parameters",
          "properties": {
            "limit": {
              "type": "integer",
              "description": "Maximum number of rows to return. Default is 100; maximum is 100."
            },
            "pageToken": {
              "type": "string",
              "description": "Token to retrieve the next page of results."
            },
            "query": {
              "type": "object",
              "description": "Filters to apply when retrieving rows. For example: {\"Column Name\": \"Value\"}. Note: Only one filter can be applied at a time.",
              "properties": {
                "additionalProp1": {
                  "type": "string",
                  "description": "Filter property name and value"
                }
              },
              "required": [],
              "visible": [
                "additionalProp1"
              ],
              "additionalProperties": true
            }
          },
          "required": [],
          "visible": [
            "limit",
            "pageToken",
            "query"
          ],
          "additionalProperties": false
        }
      },
      "required": [
        "path"
      ],
      "visible": [
        "path",
        "query"
      ],
      "additionalProperties": false
    }
  },
  {
    "name": "CODA__GET_ROW",
    "description": "Retrieves a specific row from a table within a Coda document using the row ID. Returns the values of all columns for the specified row.",
    "tool_metadata": {
      "type": "rest",
      "method": "GET",
      "endpoint": "https://coda.io/apis/v1/docs/{doc_id}/tables/{table_id}/rows/{row_id}"
    },
    "input_schema": {
      "type": "object",
      "properties": {
        "path": {
          "type": "object",
          "description": "Path parameters",
          "properties": {
            "doc_id": {
              "type": "string",
              "description": "The ID of the document containing the table."
            },
            "table_id": {
              "type": "string",
              "description": "The ID of the table containing the row."
            },
            "row_id": {
              "type": "string",
              "description": "The ID of the row to retrieve."
            }
          },
          "required": [
            "doc_id",
            "table_id",
            "row_id"
          ],
          "visible": [
            "doc_id",
            "table_id",
            "row_id"
          ],
          "additionalProperties": false
        },
        "query": {
          "type": "object",
          "description": "Query parameters",
          "properties": {
            "valueFormat": {
              "type": "string",
              "description": "The format in which to return cell values. Options are 'user' (default) or 'rich'. 'user' returns plain text values, while 'rich' includes rich text formatting and links.",
              "enum": [
                "user",
                "rich"
              ]
            }
          },
          "required": [],
          "visible": [
            "valueFormat"
          ],
          "additionalProperties": false
        }
      },
      "required": [
        "path"
      ],
      "visible": [
        "path",
        "query"
      ],
      "additionalProperties": false
    }
  },
  {
    "name": "CODA__DELETE_ROW",
    "description": "Deletes a specific row from a table within a Coda document using the row ID. This operation is irreversible and permanently removes the row from the table.",
    "tool_metadata": {
      "type": "rest",
      "method": "DELETE",
      "endpoint": "https://coda.io/apis/v1/docs/{doc_id}/tables/{table_id}/rows/{row_id}"
    },
    "input_schema": {
      "type": "object",
      "properties": {
        "path": {
          "type": "object",
          "description": "Path parameters",
          "properties": {
            "doc_id": {
              "type": "string",
              "description": "The ID of the document containing the table."
            },
            "table_id": {
              "type": "string",
              "description": "The ID of the table containing the row."
            },
            "row_id": {
              "type": "string",
              "description": "The ID of the row to delete."
            }
          },
          "required": [
            "doc_id",
            "table_id",
            "row_id"
          ],
          "visible": [
            "doc_id",
            "table_id",
            "row_id"
          ],
          "additionalProperties": false
        }
      },
      "required": [
        "path"
      ],
      "visible": [
        "path"
      ],
      "additionalProperties": false
    }
  }
]
