{
  "name": "GOOGLE_SHEETS",
  "url": "https://mcp.aci.dev/virtual/mcp?server_name=GOOGLE_SHEETS",
  "transport_type": "streamable_http",
  "description": "The Google Sheets API is a RESTful API that allows programmatic access to spreadsheet data and formatting. It supports CRUD operations, formulas, charts, and collaboration features.",
  "logo": "https://raw.githubusercontent.com/aipotheosis-labs/aipolabs-icons/refs/heads/main/apps/google_sheets.svg",
  "categories": ["Data & Analytics", "Productivity"],
  "auth_configs": [
    {
      "type": "oauth2",
      "client_id": "{{ CLIENT_ID }}",
      "client_secret": "{{ CLIENT_SECRET }}",
      "scope": "https://www.googleapis.com/auth/spreadsheets",
      "authorize_url": "https://accounts.google.com/o/oauth2/v2/auth",
      "access_token_url": "https://oauth2.googleapis.com/token",
      "refresh_token_url": "https://oauth2.googleapis.com/token"
    }
  ],
  "server_metadata": {
    "is_virtual_mcp_server": true
  }
}
