[
  {
    "name": "AIRTABLE__LIST_BASES",
    "description": "List all bases in Airtable that the user has access to",
    "tags": [],
    "tool_metadata": {
      "canonical_tool_name": "LIST_BASES",
      "canonical_tool_description_hash": "7e1383151cfe84881f2b0d4f96ee12130f924a90e2829b7dc6f1d6ff39a3877e",
      "canonical_tool_input_schema_hash": "98abee7b17f50ff687433e6aa66c4a8a407130e6c24685a489269b6f16872bea"
    },
    "input_schema": {
      "type": "object",
      "required": ["header"],
      "properties": {
        "query": {
          "type": "object",
          "required": [],
          "properties": {
            "offset": {
              "type": "string",
              "description": "Pagination offset. Use the offset returned in the previous response to fetch the next page of records."
            }
          },
          "description": "Query parameters",
          "additionalProperties": false
        },
        "header": {
          "type": "object",
          "required": ["Content-Type"],
          "properties": {
            "Content-Type": {
              "type": "string",
              "default": "application/json",
              "description": "Content type of the request"
            }
          },
          "description": "Headers for the HTTP request",
          "additionalProperties": false
        }
      },
      "additionalProperties": false
    }
  },
  {
    "name": "AIRTABLE__GET_BASE_SCHEMA",
    "description": "Get the schema of tables in a specific base",
    "tags": [],
    "tool_metadata": {
      "canonical_tool_name": "GET_BASE_SCHEMA",
      "canonical_tool_description_hash": "a2002e03dcf5f3180daabbb39fd339e1904bfa4f84ded43ad3a8fbb641397aa9",
      "canonical_tool_input_schema_hash": "01dcfba643d1898063f4f4164fd0e6bcb152b046340e5e3eecb11782cc7c89fc"
    },
    "input_schema": {
      "type": "object",
      "required": ["path"],
      "properties": {
        "path": {
          "type": "object",
          "required": ["base_id"],
          "properties": {
            "base_id": {
              "type": "string",
              "description": "ID of the base to retrieve tables from"
            }
          },
          "description": "Path parameters",
          "additionalProperties": false
        },
        "query": {
          "type": "object",
          "required": [],
          "properties": {
            "include": {
              "type": "array",
              "items": {
                "enum": ["visibleFieldIds"],
                "type": "string"
              },
              "description": "If specified, additional fields to include in the views object response; currently, this list only allows a single literal value 'visibleFieldIds' (for views of type grid only)"
            }
          },
          "description": "Query parameters",
          "additionalProperties": false
        }
      },
      "additionalProperties": false
    }
  },
  {
    "name": "AIRTABLE__CREATE_TABLE",
    "description": "Create a new table in a specific base",
    "tags": [],
    "tool_metadata": {
      "canonical_tool_name": "CREATE_TABLE",
      "canonical_tool_description_hash": "2491f284a41cc42b77ed8729ae64a9af56909b622e23f0f89cf3e27020ccc870",
      "canonical_tool_input_schema_hash": "a4a7788a8f45e78f149e346786e074b3df17a2bc3cdcd1ec125da63022ac99ba"
    },
    "input_schema": {
      "type": "object",
      "required": ["path", "body"],
      "properties": {
        "body": {
          "type": "object",
          "required": ["name", "fields"],
          "properties": {
            "name": {
              "type": "string",
              "description": "Name of the new table"
            },
            "fields": {
              "type": "array",
              "items": {
                "type": "object",
                "visible": ["name", "description", "type", "options"],
                "required": ["name", "type"],
                "properties": {
                  "name": {
                    "type": "string",
                    "description": "Name of the field"
                  },
                  "type": {
                    "enum": [
                      "autoNumber",
                      "barcode",
                      "button",
                      "checkbox",
                      "count",
                      "createdBy",
                      "createdTime",
                      "currency",
                      "date",
                      "dateTime",
                      "duration",
                      "email",
                      "formula",
                      "lastModifiedBy",
                      "lastModifiedTime",
                      "lookup",
                      "multilineText",
                      "multipleAttachments",
                      "multipleCollaborators",
                      "multipleRecordLinks",
                      "multipleSelects",
                      "number",
                      "percent",
                      "phoneNumber",
                      "rating",
                      "richText",
                      "rollup",
                      "singleCollaborator",
                      "singleLineText",
                      "singleSelect",
                      "url"
                    ],
                    "type": "string",
                    "description": "Type of the field"
                  },
                  "options": {
                    "type": "object",
                    "properties": {
                      "max": {
                        "type": "number",
                        "description": "For rating fields, the maximum rating value"
                      },
                      "icon": {
                        "type": "string",
                        "description": "Icon identifier for fields like checkbox (e.g., 'check', 'x')"
                      },
                      "color": {
                        "type": "string",
                        "description": "Color for field display (e.g., 'greenBright', 'red')"
                      },
                      "symbol": {
                        "type": "string",
                        "description": "For currency fields, the currency symbol to use (e.g., '$')"
                      },
                      "choices": {
                        "type": "array",
                        "items": {
                          "type": "object",
                          "required": ["name"],
                          "properties": {
                            "name": {
                              "type": "string",
                              "description": "Display name for the choice"
                            },
                            "color": {
                              "type": "string",
                              "description": "Color for the choice (e.g., 'blue', 'red')"
                            }
                          }
                        },
                        "description": "For singleSelect and multipleSelects fields, the list of available options"
                      },
                      "formula": {
                        "type": "string",
                        "description": "For formula fields, the formula expression"
                      },
                      "timeZone": {
                        "type": "string",
                        "description": "For dateTime fields, the time zone (e.g., 'America/Los_Angeles', 'UTC')"
                      },
                      "precision": {
                        "type": "integer",
                        "description": "For number fields, the number of digits after the decimal point"
                      },
                      "dateFormat": {
                        "type": "object",
                        "properties": {
                          "name": {
                            "enum": ["local", "friendly", "iso", "european", "us"],
                            "type": "string",
                            "description": "Format name for the date"
                          }
                        },
                        "description": "For date fields, the format of the date"
                      },
                      "isReversed": {
                        "type": "boolean",
                        "description": "For multipleRecordLinks fields, whether the relationship is reversed"
                      },
                      "timeFormat": {
                        "type": "object",
                        "properties": {
                          "name": {
                            "enum": ["12hour", "24hour"],
                            "type": "string",
                            "description": "Format name for the time"
                          }
                        },
                        "description": "For dateTime fields, the format of the time"
                      },
                      "relationship": {
                        "enum": ["oneToMany", "manyToOne", "manyToMany"],
                        "type": "string",
                        "description": "For multipleRecordLinks fields, the relationship type"
                      },
                      "foreignTableId": {
                        "type": "string",
                        "description": "For multipleRecordLinks fields, the ID of the linked table"
                      },
                      "symmetricColumnId": {
                        "type": "string",
                        "description": "For multipleRecordLinks fields, the ID of the symmetric field in the linked table"
                      },
                      "inverseForeignFieldId": {
                        "type": "string",
                        "description": "For lookup fields, the ID of the field to look up from"
                      },
                      "inverseForeignTableId": {
                        "type": "string",
                        "description": "For lookup fields, the ID of the table to look up from"
                      }
                    },
                    "description": "Additional options for the field based on its type"
                  },
                  "description": {
                    "type": "string",
                    "description": "Description of the field"
                  }
                },
                "description": "Field definition",
                "additionalProperties": false
              },
              "description": "Fields to create in the new table. A list of JSON objects representing the fields in the table."
            },
            "description": {
              "type": "string",
              "description": "Description of the new table"
            }
          },
          "description": "Table creation parameters",
          "additionalProperties": false
        },
        "path": {
          "type": "object",
          "required": ["base_id"],
          "properties": {
            "base_id": {
              "type": "string",
              "description": "ID of the base to create a table in"
            }
          },
          "description": "Path parameters",
          "additionalProperties": false
        }
      },
      "additionalProperties": false
    }
  },
  {
    "name": "AIRTABLE__LIST_WEBHOOKS",
    "description": "List all webhooks for a specific base",
    "tags": [],
    "tool_metadata": {
      "canonical_tool_name": "LIST_WEBHOOKS",
      "canonical_tool_description_hash": "f37bd22295b4cf40eb68af0743979e5a31887d6f0c00b5ff0123518140a142a0",
      "canonical_tool_input_schema_hash": "d27188a2585ceddf7de34a54e16c21b76a976f8c17abcaa01d877cf3e052bb78"
    },
    "input_schema": {
      "type": "object",
      "required": ["path"],
      "properties": {
        "path": {
          "type": "object",
          "required": ["base_id"],
          "properties": {
            "base_id": {
              "type": "string",
              "description": "ID of the base to retrieve webhooks from"
            }
          },
          "description": "Path parameters",
          "additionalProperties": false
        }
      },
      "additionalProperties": false
    }
  },
  {
    "name": "AIRTABLE__UPDATE_TABLE",
    "description": "Update an existing table in a specific base",
    "tags": [],
    "tool_metadata": {
      "canonical_tool_name": "UPDATE_TABLE",
      "canonical_tool_description_hash": "3a53769aac6f33bbec7ed74eaa5be8c03c547a95db82a721400dd74f4ea0574a",
      "canonical_tool_input_schema_hash": "d84d3388d15412afbc7aebe4d09174d4757308a06dcc6a182d41759539a6c7ed"
    },
    "input_schema": {
      "type": "object",
      "required": ["path", "body"],
      "properties": {
        "body": {
          "type": "object",
          "required": [],
          "properties": {
            "name": {
              "type": "string",
              "description": "New name for the table"
            },
            "description": {
              "type": "string",
              "description": "New description for the table"
            }
          },
          "description": "Table update parameters",
          "additionalProperties": false
        },
        "path": {
          "type": "object",
          "required": ["base_id", "table_id"],
          "properties": {
            "base_id": {
              "type": "string",
              "description": "ID of the base containing the table"
            },
            "table_id": {
              "type": "string",
              "description": "ID of the table to update"
            }
          },
          "description": "Path parameters",
          "additionalProperties": false
        }
      },
      "additionalProperties": false
    }
  }
]
