{
  "name": "FIREFLIES",
  "url": "https://api.fireflies.ai/mcp",
  "transport_type": "streamable_http",
  "description": "The Fireflies MCP Server transforms what used to be 2–3 hours of manual transcript review into a 5-minute AI-powered analysis session by bringing Fireflies meeting data directly into the AI agents and tools you already use.",
  "logo": "https://raw.githubusercontent.com/aipotheosis-labs/aipolabs-icons/refs/heads/main/apps/fireflies.svg",
  "categories": ["Productivity", "Communication"],
  "auth_configs": [
    {
      "type": "oauth2",
      "client_id": "{{ CLIENT_ID }}",
      "scope": "",
      "authorize_url": "https://api.fireflies.ai/authorize",
      "access_token_url": "https://api.fireflies.ai/token",
      "refresh_token_url": "https://api.fireflies.ai/token"
    }
  ],
  "server_metadata": {}
}
