[
  {
    "name": "MICROSOFT_ONEDRIVE__PERMANENT_DELETE_DRIVE_ITEM",
    "description": "Permanently delete a driveItem by using its ID. WARNING: Items deleted with this method are permanently removed and are NOT sent to the recycle bin. They cannot be restored afterward. Use with extreme caution. Returns 204 No Content on successful deletion.",
    "tags": [],
    "tool_metadata": {
      "canonical_tool_name": "PERMANENT_DELETE_DRIVE_ITEM",
      "canonical_tool_description_hash": "6784cd694f17333c6c3d14e553decef4d5c2120adfea63414e619bb481e78003",
      "canonical_tool_input_schema_hash": "8814ea4a0a320463b7ba3ff932c4056639bb8b6206638c00760efea07661360f"
    },
    "input_schema": {
      "type": "object",
      "required": ["path"],
      "properties": {
        "path": {
          "type": "object",
          "required": ["itemId"],
          "properties": {
            "itemId": {
              "type": "string",
              "description": "The ID of the driveItem to permanently delete. WARNING: This action is irreversible and the item cannot be recovered."
            }
          },
          "description": "The path parameters",
          "additionalProperties": false
        }
      },
      "additionalProperties": false
    }
  },
  {
    "name": "MICROSOFT_ONEDRIVE__LIST_DRIVES",
    "description": "List all drives available to the current user (personal, shared, or group drives).",
    "tags": [],
    "tool_metadata": {
      "canonical_tool_name": "LIST_DRIVES",
      "canonical_tool_description_hash": "d5a48048a0b42a100eb6f704263472cbba19a45e78ea870ded97552ee14be655",
      "canonical_tool_input_schema_hash": "a598fee0c3eb2b26f80a9f1945521383dbb0fe1aca900a3fc67eb798aa3e3e55"
    },
    "input_schema": {
      "type": "object",
      "required": [],
      "properties": {
        "query": {
          "type": "object",
          "required": [],
          "properties": {
            "$top": {
              "type": "integer",
              "description": "Maximum number of drives to return."
            },
            "$expand": {
              "type": "string",
              "description": "Expand related entities."
            },
            "$select": {
              "type": "string",
              "description": "Comma-separated list of properties to include in the response."
            },
            "$orderby": {
              "type": "string",
              "description": "Property to sort drives by."
            },
            "$skipToken": {
              "type": "string",
              "description": "Skip token for pagination."
            }
          },
          "description": "OData query parameters to customize the response.",
          "additionalProperties": false
        }
      },
      "additionalProperties": false
    }
  },
  {
    "name": "MICROSOFT_ONEDRIVE__GET_DRIVE",
    "description": "Retrieve the properties and relationships of a specific Drive resource by its ID. A Drive is the top-level container for a file system, such as OneDrive or SharePoint document libraries.",
    "tags": [],
    "tool_metadata": {
      "canonical_tool_name": "GET_DRIVE",
      "canonical_tool_description_hash": "fca26db53d06aa078adbc523474eb04f7c6bb45fe230e26c044d500eadc4cd6a",
      "canonical_tool_input_schema_hash": "3ba8c816613ef8d0d671a39445269020b13f51248a1851ddfbedbd9b2096c506"
    },
    "input_schema": {
      "type": "object",
      "required": ["path"],
      "properties": {
        "path": {
          "type": "object",
          "required": ["driveId"],
          "properties": {
            "driveId": {
              "type": "string",
              "description": "The identifier for the drive requested."
            }
          },
          "description": "Path parameters for the drive request.",
          "additionalProperties": false
        },
        "query": {
          "type": "object",
          "required": [],
          "properties": {
            "$select": {
              "type": "string",
              "description": "Comma-separated list of properties to include in the response."
            }
          },
          "description": "OData query parameters to customize the response.",
          "additionalProperties": false
        }
      },
      "additionalProperties": false
    }
  },
  {
    "name": "MICROSOFT_ONEDRIVE__GET_MY_DRIVE",
    "description": "Get the current user's OneDrive. The signed-in user's drive is accessed automatically and will be provisioned if it doesn't exist but the user has a license to use OneDrive.",
    "tags": [],
    "tool_metadata": {
      "canonical_tool_name": "GET_MY_DRIVE",
      "canonical_tool_description_hash": "f4b48193ed9d518f1917a42c114b0fdee685dc968a253f09fa5dedae844ec6e4",
      "canonical_tool_input_schema_hash": "5c7f109514fcf51ed9298d6085bf71238636dac8ad98606bab4427e4e455c0db"
    },
    "input_schema": {
      "type": "object",
      "required": [],
      "properties": {
        "query": {
          "type": "object",
          "required": [],
          "properties": {
            "$select": {
              "type": "string",
              "description": "Comma-separated list of properties to include in the response."
            }
          },
          "description": "OData query parameters to customize the response.",
          "additionalProperties": false
        }
      },
      "additionalProperties": false
    }
  },
  {
    "name": "MICROSOFT_ONEDRIVE__GET_DRIVE_ITEM_BY_ID",
    "description": "Retrieve the metadata for a driveItem in a drive by its unique ID. Returns file/folder details including name, size, created/modified dates, parent references, and other properties.",
    "tags": [],
    "tool_metadata": {
      "canonical_tool_name": "GET_DRIVE_ITEM_BY_ID",
      "canonical_tool_description_hash": "0ea4db6c09308aa0a978d8e7149865307636b0862bab37e7224d0c28a1dec56f",
      "canonical_tool_input_schema_hash": "8b5df69496a31e84f8524b8fa2d4ad208f750f539fec93d7002dd82c6f2be0f0"
    },
    "input_schema": {
      "type": "object",
      "required": ["path"],
      "properties": {
        "path": {
          "type": "object",
          "required": ["itemId"],
          "properties": {
            "itemId": {
              "type": "string",
              "description": "The identifier for the drive item (file or folder). Note: Use %21 to escape the ! character in item IDs (e.g., '7006ADAF2D3C1355%211014')."
            }
          },
          "description": "Path parameters for the drive item request.",
          "additionalProperties": false
        },
        "query": {
          "type": "object",
          "required": [],
          "properties": {
            "$expand": {
              "type": "string",
              "description": "Expand related entities (e.g., 'children' to include child items)."
            },
            "$select": {
              "type": "string",
              "description": "Comma-separated list of properties to include in the response."
            },
            "includeDeletedItems": {
              "type": "boolean",
              "description": "Include deleted items in the response (OneDrive Personal only)."
            }
          },
          "description": "OData query parameters to customize the response.",
          "additionalProperties": false
        }
      },
      "additionalProperties": false
    }
  },
  {
    "name": "MICROSOFT_ONEDRIVE__LIST_DRIVE_ITEM_CHILDREN",
    "description": "Return a collection of DriveItems in the children relationship of a DriveItem. DriveItems with a non-null folder or package facet can have one or more child DriveItems.",
    "tags": [],
    "tool_metadata": {
      "canonical_tool_name": "LIST_DRIVE_ITEM_CHILDREN",
      "canonical_tool_description_hash": "1174963632c4d7c7d8103e92568c36ce6b08198016e84f6424ccf75606bf953c",
      "canonical_tool_input_schema_hash": "3f597ad2ea7dd5b92c854e23c78eed4cd3c0a3f08ad6d5ef2d61e4fdf06b906e"
    },
    "input_schema": {
      "type": "object",
      "required": ["path"],
      "properties": {
        "path": {
          "type": "object",
          "required": ["itemId"],
          "properties": {
            "itemId": {
              "type": "string",
              "description": "The identifier for the drive item (folder) whose children to list. Note: Use %21 to escape the ! character in item IDs (e.g., '7006ADAF2D3C1355%211014')."
            }
          },
          "description": "Path parameters for the drive item children request.",
          "additionalProperties": false
        },
        "query": {
          "type": "object",
          "required": [],
          "properties": {
            "$top": {
              "type": "integer",
              "description": "Maximum number of items to return."
            },
            "$expand": {
              "type": "string",
              "description": "Expand related entities."
            },
            "$select": {
              "type": "string",
              "description": "Comma-separated list of properties to include in the response."
            },
            "$orderby": {
              "type": "string",
              "description": "Property to sort items by."
            },
            "$skipToken": {
              "type": "string",
              "description": "Skip token for pagination."
            }
          },
          "description": "OData query parameters to customize the response.",
          "additionalProperties": false
        }
      },
      "additionalProperties": false
    }
  },
  {
    "name": "MICROSOFT_ONEDRIVE__DELTA_DRIVE_ITEMS",
    "description": "Track changes in a driveItem and its children over time. Use for incremental synchronization to detect added, modified, or deleted items. Returns @odata.nextLink for pagination or @odata.deltaLink for future change tracking.",
    "tags": [],
    "tool_metadata": {
      "canonical_tool_name": "DELTA_DRIVE_ITEMS",
      "canonical_tool_description_hash": "b73cef932d82d1873d9a36a62abec3923affa42b22941395e88593703a8b41bb",
      "canonical_tool_input_schema_hash": "6a2ecf52eced8655ab068554700ef2c33ec82bfe8e640301538c09ea9c5b2548"
    },
    "input_schema": {
      "type": "object",
      "required": [],
      "properties": {
        "query": {
          "type": "object",
          "required": [],
          "properties": {
            "$top": {
              "type": "integer",
              "description": "Maximum number of items to return per page."
            },
            "token": {
              "type": "string",
              "description": "Delta token. Use 'latest' to get current deltaLink, or provide previous deltaLink token to get changes since last sync. If unspecified, starts full enumeration."
            },
            "$expand": {
              "type": "string",
              "description": "Expand related entities."
            },
            "$select": {
              "type": "string",
              "description": "Comma-separated list of properties to include in the response."
            }
          },
          "description": "Query parameters for delta synchronization.",
          "additionalProperties": false
        }
      },
      "additionalProperties": false
    }
  },
  {
    "name": "MICROSOFT_ONEDRIVE__CREATE_FOLDER",
    "description": "Create a new folder in a drive at the specified parent location. Returns the newly created folder with its metadata including ID, name, creation time, and parent reference. Supports conflict resolution when a folder with the same name already exists.",
    "tags": [],
    "tool_metadata": {
      "canonical_tool_name": "CREATE_FOLDER",
      "canonical_tool_description_hash": "72517a5019527d76c8a551abdac84e5c42cad81c2f8180e45da9a283c2c21175",
      "canonical_tool_input_schema_hash": "2369d25fd4f4e3b69b0ec226a4e05b3568bcafa7602697d9d2f2b25395159ee2"
    },
    "input_schema": {
      "type": "object",
      "required": ["path", "body"],
      "properties": {
        "body": {
          "type": "object",
          "required": ["name"],
          "properties": {
            "name": {
              "type": "string",
              "description": "The name of the new folder to create."
            },
            "@microsoft.graph.conflictBehavior": {
              "enum": ["rename", "replace", "fail"],
              "type": "string",
              "description": "Behavior when a folder with the same name already exists. Options: 'rename' (automatically choose a new name), 'replace' (overwrite existing), 'fail' (return error). Default is 'fail'."
            }
          },
          "description": "Request body containing the folder details to create.",
          "additionalProperties": false
        },
        "path": {
          "type": "object",
          "required": ["parentItemId"],
          "properties": {
            "parentItemId": {
              "type": "string",
              "description": "The identifier of the parent folder where the new folder will be created. Use 'root' for the root directory or a specific item ID. Note: Use %21 to escape the ! character in item IDs (e.g., '7006ADAF2D3C1355%211014')."
            }
          },
          "description": "Path parameters for the folder creation request.",
          "additionalProperties": false
        }
      },
      "additionalProperties": false
    }
  },
  {
    "name": "MICROSOFT_ONEDRIVE__SEARCH_DRIVE_ITEMS",
    "description": "Search the hierarchy of items within a drive for items matching a query. Searches across filename, metadata, and file content within the user's drive only.",
    "tags": [],
    "tool_metadata": {
      "canonical_tool_name": "SEARCH_DRIVE_ITEMS",
      "canonical_tool_description_hash": "fddbe13082381be75c11e6dd7c4d156c82815876e3dcb41fffeb6aaf795f4721",
      "canonical_tool_input_schema_hash": "483b57b24197be5c7f40da4d2b5086562007d7e49e5ae6afe5ab686d42ffa7aa"
    },
    "input_schema": {
      "type": "object",
      "required": ["path"],
      "properties": {
        "path": {
          "type": "object",
          "required": ["q"],
          "properties": {
            "q": {
              "type": "string",
              "description": "The query text used to search for items. Values may be matched across several fields including filename, metadata, and file content."
            }
          },
          "description": "Path parameters for the search request.",
          "additionalProperties": false
        },
        "query": {
          "type": "object",
          "required": [],
          "properties": {
            "$top": {
              "type": "integer",
              "description": "Maximum number of items to return."
            },
            "$expand": {
              "type": "string",
              "description": "Expand related entities."
            },
            "$select": {
              "type": "string",
              "description": "Comma-separated list of properties to include in the response."
            },
            "$orderby": {
              "type": "string",
              "description": "Property to sort items by."
            },
            "$skipToken": {
              "type": "string",
              "description": "Skip token for pagination."
            }
          },
          "description": "OData query parameters to customize the response.",
          "additionalProperties": false
        }
      },
      "additionalProperties": false
    }
  },
  {
    "name": "MICROSOFT_ONEDRIVE__SEARCH_ALL_ACCESSIBLE_ITEMS",
    "description": "Search more broadly to include items shared with the current user, in addition to items within the user's drive. Returns items from the user's drive and items shared with them from other drives.",
    "tags": [],
    "tool_metadata": {
      "canonical_tool_name": "SEARCH_ALL_ACCESSIBLE_ITEMS",
      "canonical_tool_description_hash": "c9349aa64f0085b1b8b0efe77bc2d4a0c6492cf7c699136015ae269fe8d8f93f",
      "canonical_tool_input_schema_hash": "73dbc0871a08ccefd393a661905ba88484d7dc22db8689516da644c71590395c"
    },
    "input_schema": {
      "type": "object",
      "required": ["path"],
      "properties": {
        "path": {
          "type": "object",
          "required": ["q"],
          "properties": {
            "q": {
              "type": "string",
              "description": "The query text used to search for items. Values may be matched across several fields including filename, metadata, and file content."
            }
          },
          "description": "Path parameters for the broader search request.",
          "additionalProperties": false
        },
        "query": {
          "type": "object",
          "required": [],
          "properties": {
            "$top": {
              "type": "integer",
              "description": "Maximum number items to return."
            },
            "$expand": {
              "type": "string",
              "description": "Expand related entities."
            },
            "$select": {
              "type": "string",
              "description": "Comma-separated list of properties to include in the response."
            },
            "$orderby": {
              "type": "string",
              "description": "Property to sort items by."
            },
            "$skipToken": {
              "type": "string",
              "description": "Skip token for pagination."
            }
          },
          "description": "OData query parameters to customize the response.",
          "additionalProperties": false
        }
      },
      "additionalProperties": false
    }
  },
  {
    "name": "MICROSOFT_ONEDRIVE__GET_DRIVE_ITEM_BY_PATH",
    "description": "Retrieve the metadata for a driveItem in a drive by its file system path relative to the root. Returns file/folder details including name, size, created/modified dates, and other properties. Use this when you know the path but not the item ID.",
    "tags": [],
    "tool_metadata": {
      "canonical_tool_name": "GET_DRIVE_ITEM_BY_PATH",
      "canonical_tool_description_hash": "8519671a982d0ff6d0ce79bd05f73a7a8e88971099e5b8d199284461c6787895",
      "canonical_tool_input_schema_hash": "e63a2f391933f025020e0590620667169771b42e6b62ad05bdf6ae9b6c047254"
    },
    "input_schema": {
      "type": "object",
      "required": ["path"],
      "properties": {
        "path": {
          "type": "object",
          "required": ["itemPath"],
          "properties": {
            "itemPath": {
              "type": "string",
              "description": "The file system path to the drive item (file or folder) relative to the root. Example: 'Documents/MyFile.txt' or 'Pictures' for a folder."
            }
          },
          "description": "Path parameters for the drive item request.",
          "additionalProperties": false
        },
        "query": {
          "type": "object",
          "required": [],
          "properties": {
            "$expand": {
              "type": "string",
              "description": "Expand related entities (e.g., 'children' to include child items)."
            },
            "$select": {
              "type": "string",
              "description": "Comma-separated list of properties to include in the response."
            },
            "includeDeletedItems": {
              "type": "boolean",
              "description": "Include deleted items in the response (OneDrive Personal only)."
            }
          },
          "description": "OData query parameters to customize the response.",
          "additionalProperties": false
        }
      },
      "additionalProperties": false
    }
  },
  {
    "name": "MICROSOFT_ONEDRIVE__GET_ROOT_FOLDER",
    "description": "Get the root folder of the user's OneDrive. This is a shortcut to access the top-level folder without needing to know its ID. Supports expanding children and other OData query parameters.",
    "tags": [],
    "tool_metadata": {
      "canonical_tool_name": "GET_ROOT_FOLDER",
      "canonical_tool_description_hash": "d79863b23483b19bc6b17b3cfcb83d25d97de81ff63d8a1e6cbc2bc1cd33d9a2",
      "canonical_tool_input_schema_hash": "e3e0158a598debe9e606a765bc1f9c8bab92781cdf4f3dbed2e807cd56418589"
    },
    "input_schema": {
      "type": "object",
      "required": [],
      "properties": {
        "query": {
          "type": "object",
          "required": [],
          "properties": {
            "$expand": {
              "type": "string",
              "description": "Expand related entities (e.g., 'children' to include child items)."
            },
            "$select": {
              "type": "string",
              "description": "Comma-separated list of properties to include in the response."
            },
            "includeDeletedItems": {
              "type": "boolean",
              "description": "Include deleted items in the response (OneDrive Personal only)."
            }
          },
          "description": "OData query parameters to customize the response.",
          "additionalProperties": false
        }
      },
      "additionalProperties": false
    }
  },
  {
    "name": "MICROSOFT_ONEDRIVE__LIST_DRIVE_ITEM_VERSIONS",
    "description": "Retrieve the version history of a driveItem. OneDrive and SharePoint retain file history depending on configuration. Returns DriveItemVersion objects with version ID, lastModifiedBy, lastModifiedDateTime, and size. Versions are returned in descending order (newest to oldest).",
    "tags": [],
    "tool_metadata": {
      "canonical_tool_name": "LIST_DRIVE_ITEM_VERSIONS",
      "canonical_tool_description_hash": "351774a2f9d295267780c251ae8f9ae6383e10e4ef782928d9b782fd0ed3ea05",
      "canonical_tool_input_schema_hash": "46d1ddb1bb0691d1bf781e317f1f92e6008e9785c8ec537a50f0aec48199bfe7"
    },
    "input_schema": {
      "type": "object",
      "required": ["path"],
      "properties": {
        "path": {
          "type": "object",
          "required": ["itemId"],
          "properties": {
            "itemId": {
              "type": "string",
              "description": "The identifier for the drive item (file) whose version history to retrieve. Note: Use %21 to escape the ! character in item IDs (e.g., '7006ADAF2D3C1355%211014')."
            }
          },
          "description": "Path parameters for the drive item versions request.",
          "additionalProperties": false
        },
        "query": {
          "type": "object",
          "required": [],
          "properties": {
            "$top": {
              "type": "integer",
              "description": "Maximum number of versions to return."
            },
            "$select": {
              "type": "string",
              "description": "Comma-separated list of properties to include in the response."
            },
            "$skipToken": {
              "type": "string",
              "description": "Skip token for pagination."
            }
          },
          "description": "Query parameters to customize the response. Note: $orderby is not supported as versions are always returned newest to oldest.",
          "additionalProperties": false
        }
      },
      "additionalProperties": false
    }
  },
  {
    "name": "MICROSOFT_ONEDRIVE__UPDATE_DRIVE_ITEM",
    "description": "Update the metadata for a driveItem by ID. Allows updating properties such as name (to rename files/folders), parentReference (to move items), and other metadata. Returns the updated DriveItem resource with modified properties.",
    "tags": [],
    "tool_metadata": {
      "canonical_tool_name": "UPDATE_DRIVE_ITEM",
      "canonical_tool_description_hash": "d6919a7aa84225d9a97f221e17901b1c9adc8d587afef1b8358264b0f918fc8f",
      "canonical_tool_input_schema_hash": "35a6f222517b8a818420a5119420ba8bfc7deded4f1e78178f56453719822414"
    },
    "input_schema": {
      "type": "object",
      "required": ["path", "body"],
      "properties": {
        "body": {
          "type": "object",
          "required": [],
          "properties": {
            "name": {
              "type": "string",
              "description": "New name for the drive item (file or folder). Use this to rename items."
            },
            "description": {
              "type": "string",
              "description": "Description or comment for the drive item."
            },
            "parentReference": {
              "type": "object",
              "required": [],
              "properties": {
                "id": {
                  "type": "string",
                  "description": "The ID of the new parent folder. Note: Use %21 to escape the ! character in item IDs."
                },
                "driveId": {
                  "type": "string",
                  "description": "The ID of the drive containing the new parent folder."
                }
              },
              "description": "Parent reference to move the item to a different folder. Specify the new parent's driveId and id.",
              "additionalProperties": false
            }
          },
          "description": "Request body containing the properties to update. Only include properties that should be changed.",
          "additionalProperties": false
        },
        "path": {
          "type": "object",
          "required": ["itemId"],
          "properties": {
            "itemId": {
              "type": "string",
              "description": "The identifier for the drive item (file or folder) to update. Note: Use %21 to escape the ! character in item IDs (e.g., '7006ADAF2D3C1355%211014')."
            }
          },
          "description": "Path parameters for the drive item update request.",
          "additionalProperties": false
        }
      },
      "additionalProperties": false
    }
  },
  {
    "name": "MICROSOFT_ONEDRIVE__COPY_DRIVE_ITEM",
    "description": "Create a copy of a driveItem asynchronously including child items. You can specify a new parent folder, provide a new name, copy only children, or include version history. The operation is queued and processed asynchronously - use the monitor URL to track progress until completion.",
    "tags": [],
    "tool_metadata": {
      "canonical_tool_name": "COPY_DRIVE_ITEM",
      "canonical_tool_description_hash": "37204488b82129017dfa7f94e85b5a142db6c3feeeca556d02d743a92b56f2f1",
      "canonical_tool_input_schema_hash": "05eb78fc4ef2c4cf871fd7dbd9f58a455167e762f92fe69dca86732df3f0c58b"
    },
    "input_schema": {
      "type": "object",
      "required": ["path"],
      "properties": {
        "body": {
          "type": "object",
          "required": [],
          "properties": {
            "name": {
              "type": "string",
              "description": "Optional. The new name for the copy. If not provided, the same name as the original is used. Cannot be used with childrenOnly=true."
            },
            "childrenOnly": {
              "type": "boolean",
              "description": "Optional. If true, copy the children of the driveItem but not the driveItem itself. Default is false. Valid only for folder items. Cannot be used with 'name' parameter."
            },
            "parentReference": {
              "type": "object",
              "required": [],
              "properties": {
                "id": {
                  "type": "string",
                  "description": "The ID of the destination parent folder. Note: Use %21 to escape the ! character in item IDs."
                },
                "driveId": {
                  "type": "string",
                  "description": "The ID of the drive containing the destination folder."
                }
              },
              "description": "Reference to the parent item where the copy will be created. Required for copying to a different location.",
              "additionalProperties": false
            },
            "includeAllVersionHistory": {
              "type": "boolean",
              "description": "Optional. If true, copy all version history (major and minor versions) to the destination within version limit. If false, only the latest major version is copied. Default is false."
            }
          },
          "description": "Request body containing copy operation parameters.",
          "additionalProperties": false
        },
        "path": {
          "type": "object",
          "required": ["itemId"],
          "properties": {
            "itemId": {
              "type": "string",
              "description": "The identifier for the drive item (file or folder) to copy. Use 'root' for the root folder (only with childrenOnly=true). Note: Use %21 to escape the ! character in item IDs (e.g., '7006ADAF2D3C1355%211014')."
            }
          },
          "description": "Path parameters for the copy operation.",
          "additionalProperties": false
        },
        "query": {
          "type": "object",
          "required": [],
          "properties": {
            "@microsoft.graph.conflictBehavior": {
              "enum": ["fail", "replace", "rename"],
              "type": "string",
              "description": "Behavior when a conflict occurs. 'fail' (default): entire operation fails; 'replace': overwrite existing (files only); 'rename': append integer for uniqueness. Note: Not supported for OneDrive Consumer."
            }
          },
          "description": "Query parameters for conflict resolution.",
          "additionalProperties": false
        }
      },
      "additionalProperties": false
    }
  },
  {
    "name": "MICROSOFT_ONEDRIVE__MOVE_DRIVE_ITEM",
    "description": "Move a driveItem to a new parent folder by updating its parentReference. You can also rename the item during the move operation. This is a special case of the update method that moves items within the same drive. Items cannot be moved between different drives.",
    "tags": [],
    "tool_metadata": {
      "canonical_tool_name": "MOVE_DRIVE_ITEM",
      "canonical_tool_description_hash": "8d9c49c7b772a223fbdbadea926f74963d40e650fb87b95af4484d751a4894f7",
      "canonical_tool_input_schema_hash": "57012c91aa39c885733f96618caca6d04a0565b03d15096fa5730ea8167fc6cc"
    },
    "input_schema": {
      "type": "object",
      "required": ["path", "body"],
      "properties": {
        "body": {
          "type": "object",
          "required": ["parentReference"],
          "properties": {
            "name": {
              "type": "string",
              "description": "Optional. New name for the item. Use this to rename the item during the move operation."
            },
            "description": {
              "type": "string",
              "description": "Optional. New description for the item."
            },
            "parentReference": {
              "type": "object",
              "required": ["id"],
              "properties": {
                "id": {
                  "type": "string",
                  "description": "The ID of the new parent folder. For root folder, provide the actual root folder ID (not 'root'). Note: Use %21 to escape the ! character in item IDs."
                },
                "driveId": {
                  "type": "string",
                  "description": "Optional. The ID of the drive containing the new parent folder. If not specified, uses the same drive as the source item."
                }
              },
              "description": "Reference to the new parent folder where the item will be moved. Required to move the item.",
              "additionalProperties": false
            }
          },
          "description": "Request body containing the new parent reference and optional properties to update.",
          "additionalProperties": false
        },
        "path": {
          "type": "object",
          "required": ["itemId"],
          "properties": {
            "itemId": {
              "type": "string",
              "description": "The identifier for the drive item (file or folder) to move. Note: Use %21 to escape the ! character in item IDs (e.g., '7006ADAF2D3C1355%211014')."
            }
          },
          "description": "Path parameters for the move operation.",
          "additionalProperties": false
        }
      },
      "additionalProperties": false
    }
  },
  {
    "name": "MICROSOFT_ONEDRIVE__READ_TEXT_FILE_CONTENT",
    "description": "Read the content of a text-based file from OneDrive by its item ID. This function downloads the actual file content for text-based files such as .txt, .csv, .md, .log, .json, and other text formats.",
    "tags": [],
    "tool_metadata": {
      "canonical_tool_name": "READ_TEXT_FILE_CONTENT",
      "canonical_tool_description_hash": "1b1dd966fc450fba019cf680871026a93130256a09c658175b826bf9f467b112",
      "canonical_tool_input_schema_hash": "dc245525771cf3b103b852f68a60c3f5f385fbe36d19a10bd6c86aca6ae7bf58"
    },
    "input_schema": {
      "type": "object",
      "required": ["item_id"],
      "properties": {
        "item_id": {
          "type": "string",
          "description": "The identifier of the driveItem file to read. Only files (not folders) can be read. Use the full item ID as returned by other OneDrive functions (e.g., '7006ADAF2D3C1355!s5625f3cefe4c4fe28f99a4b6f05cb944')."
        }
      },
      "additionalProperties": false
    }
  },
  {
    "name": "MICROSOFT_ONEDRIVE__GET_DOWNLOAD_LINK",
    "description": "Get the download URL for a driveItem file. Returns the @microsoft.graph.downloadUrl property which provides a preauthenticated download URL that's valid for a short period. This URL can be used directly for downloading without additional authentication.",
    "tags": [],
    "tool_metadata": {
      "canonical_tool_name": "GET_DOWNLOAD_LINK",
      "canonical_tool_description_hash": "c4c260c4b3c097bc49c5be4c37472a66e9882cd395c68be1680e7c9df0a57d85",
      "canonical_tool_input_schema_hash": "63fa7e536986a0a92b691640b943db4bd5a87a089f959d89a9caa59898fa3151"
    },
    "input_schema": {
      "type": "object",
      "required": ["path"],
      "properties": {
        "path": {
          "type": "object",
          "required": ["itemId"],
          "properties": {
            "itemId": {
              "type": "string",
              "description": "The ID of the driveItem to download. Only driveItem objects with the file property can be downloaded."
            }
          },
          "description": "The path parameters",
          "additionalProperties": false
        }
      },
      "additionalProperties": false
    }
  },
  {
    "name": "MICROSOFT_ONEDRIVE__DELETE_DRIVE_ITEM",
    "description": "Delete a DriveItem by using its ID. Deleting items using this method moves the items to the recycle bin instead of permanently deleting the item. Returns 204 No Content on successful deletion.",
    "tags": [],
    "tool_metadata": {
      "canonical_tool_name": "DELETE_DRIVE_ITEM",
      "canonical_tool_description_hash": "f78ceeb27b9f6e50e208a8572005c83ec9de67d843054cd09f23bc2f73ee0312",
      "canonical_tool_input_schema_hash": "8d83e78e1d0b20bfc6031bb1c19e08906a6b5ec9ce7b7fdae48ce33782a82771"
    },
    "input_schema": {
      "type": "object",
      "required": ["path"],
      "properties": {
        "path": {
          "type": "object",
          "required": ["itemId"],
          "properties": {
            "itemId": {
              "type": "string",
              "description": "The ID of the driveItem to delete. The item will be moved to the recycle bin."
            }
          },
          "description": "The path parameters",
          "additionalProperties": false
        }
      },
      "additionalProperties": false
    }
  },
  {
    "name": "MICROSOFT_ONEDRIVE__CREATE_TEXT_FILE",
    "description": "Upload or create a new text-based file to OneDrive. This method only supports text-based files like .txt, .md, .csv, .json, .log, .xml, .html, .css, .js, .py, .yaml, etc. Files up to 250 MB in size are supported. The file will be created at the specified parent location with the given filename.",
    "tags": [],
    "tool_metadata": {
      "canonical_tool_name": "CREATE_TEXT_FILE",
      "canonical_tool_description_hash": "3d4d9b98912bd77f58c3c1c9c54a0159669c2c4adcbf9accefa262b6c40e672d",
      "canonical_tool_input_schema_hash": "26b2707474d7317a7173439ec47a5d1f7db8b84027bf31aeaa2d6786896384c2"
    },
    "input_schema": {
      "type": "object",
      "required": ["path", "body"],
      "properties": {
        "body": {
          "type": "string",
          "description": "The text content of the file to upload. Provide the text content directly as a string."
        },
        "path": {
          "type": "object",
          "required": ["parentId", "filename"],
          "properties": {
            "filename": {
              "type": "string",
              "description": "The name of the new file to create, including the file extension (e.g., 'document.txt', 'image.jpg')."
            },
            "parentId": {
              "type": "string",
              "description": "The identifier of the parent folder where the new file will be created. Use 'root' for the root directory or a specific item ID. Note: Use %21 to escape the ! character in item IDs (e.g., '7006ADAF2D3C1355%211014')."
            }
          },
          "description": "Path parameters for file creation",
          "additionalProperties": false
        }
      },
      "additionalProperties": false
    }
  },
  {
    "name": "MICROSOFT_ONEDRIVE__UPDATE_TEXT_FILE_CONTENT",
    "description": "Update or replace the contents of an existing text-based file in OneDrive. This method only supports text-based files like .txt, .md, .csv, .json, .log, .xml, .html, .css, .js, .py, .yaml, etc. Files up to 250 MB in size are supported. The file content will be completely replaced with the new content provided.",
    "tags": [],
    "tool_metadata": {
      "canonical_tool_name": "UPDATE_TEXT_FILE_CONTENT",
      "canonical_tool_description_hash": "cd021d92efd1427969a290753dc35f633b99a74886eea8b5cc71d05d56ee09a0",
      "canonical_tool_input_schema_hash": "f8a9121afd045d183fb52419f34e0af830c73441515c010dab70d7dacbe6a756"
    },
    "input_schema": {
      "type": "object",
      "required": ["path", "body"],
      "properties": {
        "body": {
          "type": "string",
          "description": "The text content to replace the existing file content with. Provide the text content directly as a string."
        },
        "path": {
          "type": "object",
          "required": ["itemId"],
          "properties": {
            "itemId": {
              "type": "string",
              "description": "The identifier of the existing file to update. Note: Use %21 to escape the ! character in item IDs (e.g., '7006ADAF2D3C1355%211014')."
            }
          },
          "description": "Path parameters for file update",
          "additionalProperties": false
        }
      },
      "additionalProperties": false
    }
  },
  {
    "name": "MICROSOFT_ONEDRIVE__CREATE_EXCEL_FROM_CSV",
    "description": "Convert CSV data to a formatted text file and save it to OneDrive. Takes CSV data as a string and creates a properly formatted CSV file in the specified parent folder on OneDrive. While named 'excel', this creates a CSV file that can be opened in Excel.",
    "tags": [],
    "tool_metadata": {
      "canonical_tool_name": "CREATE_EXCEL_FROM_CSV",
      "canonical_tool_description_hash": "c0664e84c5645761a7782d7c817f5c6d4bc9ecb436d813fec853b8ce616f6536",
      "canonical_tool_input_schema_hash": "d72377de0fe775b0b2a79e0582f045c5e15b2f68bfd60e39458985abe733e1fb"
    },
    "input_schema": {
      "type": "object",
      "required": ["csv_data", "parent_folder_id"],
      "properties": {
        "csv_data": {
          "type": "string",
          "description": "The CSV data as a string to save as a file. Should be properly formatted CSV with headers and data rows."
        },
        "filename": {
          "type": "string",
          "description": "The name for the CSV file (without .csv extension). If not provided, defaults to 'converted_data'."
        },
        "parent_folder_id": {
          "type": "string",
          "description": "The identifier of the parent folder where the new CSV file will be created. Use 'root' for the root directory or a specific folder item ID."
        }
      },
      "additionalProperties": false
    }
  }
]
