{
  "name": "DAYTONA",
  "url": "https://mcp.aci.dev/virtual/mcp?server_name=DAYTONA",
  "transport_type": "streamable_http",
  "description": "Daytona provides secure and elastic infrastructure for running AI-generated code in isolated environments with sub-90ms sandbox creation time.",
  "logo": "https://raw.githubusercontent.com/aipotheosis-labs/aipolabs-icons/refs/heads/main/apps/daytona.svg",
  "categories": ["Sandboxes", "Code"],
  "auth_configs": [
    {
      "type": "api_key",
      "location": "header",
      "name": "Authorization",
      "prefix": "Bearer"
    }
  ],
  "server_metadata": {
    "is_virtual_mcp_server": true
  }
}
