[
  {
    "name": "GOOGLE_CALENDAR__CALENDARLIST_LIST",
    "description": "Returns the calendars on the user's calendar list",
    "tool_metadata": {
      "type": "rest",
      "method": "GET",
      "endpoint": "https://www.googleapis.com/calendar/v3/users/me/calendarList"
    },
    "input_schema": {
      "type": "object",
      "properties": {
        "query": {
          "type": "object",
          "description": "query parameters",
          "properties": {
            "maxResults": {
              "type": "integer",
              "description": "Maximum number of entries returned on one result page. By default the value is 100 entries. The page size can never exceed 250 entries.",
              "default": 100
            },
            "minAccessRole": {
              "type": "string",
              "description": "The minimum access role for the user in the returned entries. The default is no restriction. 'freeBusyReader': The user can read free/busy information. 'owner': The user can read and modify events and access control lists. 'reader': The user can read events that are not private. 'writer': The user can read and modify events.",
              "enum": [
                "freeBusyReader",
                "owner",
                "reader",
                "writer"
              ]
            },
            "pageToken": {
              "type": "string",
              "description": "Token specifying which result page to return."
            },
            "showDeleted": {
              "type": "boolean",
              "description": "Whether to include deleted calendar list entries in the result.",
              "default": false
            },
            "showHidden": {
              "type": "boolean",
              "description": "Whether to show hidden entries",
              "default": false
            },
            "syncToken": {
              "type": "string",
              "description": "Token obtained from the nextSyncToken field returned on the last page of results from the previous list request. It makes the result of this list request contain only entries that have changed since then. If only read-only fields such as calendar properties or ACLs have changed, the entry won't be returned. All entries deleted and hidden since the previous list request will always be in the result set and it is not allowed to set showDeleted neither showHidden to False. To ensure client state consistency minAccessRole query parameter cannot be specified together with nextSyncToken. If the syncToken expires, the server will respond with a 410 GONE response code and the client should clear its storage and perform a full synchronization without any syncToken."
            }
          },
          "required": [],
          "visible": [
            "maxResults",
            "minAccessRole",
            "pageToken",
            "showDeleted",
            "showHidden",
            "syncToken"
          ],
          "additionalProperties": false
        }
      },
      "required": [],
      "visible": [
        "query"
      ],
      "additionalProperties": false
    }
  },
  {
    "name": "GOOGLE_CALENDAR__CALENDARLIST_GET",
    "description": "Returns a calendar from the user's calendar list.",
    "tool_metadata": {
      "type": "rest",
      "method": "GET",
      "endpoint": "https://www.googleapis.com/calendar/v3/users/me/calendarList/{calendarId}"
    },
    "input_schema": {
      "type": "object",
      "properties": {
        "path": {
          "type": "object",
          "description": "Path parameters",
          "properties": {
            "calendarId": {
              "type": "string",
              "description": "Calendar identifier. To retrieve calendar IDs call the calendarList.list method. If you want to access the primary calendar of the currently logged in user, use the 'primary' keyword.",
              "default": "primary"
            }
          },
          "required": [
            "calendarId"
          ],
          "visible": [
            "calendarId"
          ],
          "additionalProperties": false
        }
      },
      "required": [
        "path"
      ],
      "visible": [
        "path"
      ],
      "additionalProperties": false
    }
  },
  {
    "name": "GOOGLE_CALENDAR__CALENDARS_GET",
    "description": "Returns metadata for a calendar.",
    "tool_metadata": {
      "type": "rest",
      "method": "GET",
      "endpoint": "https://www.googleapis.com/calendar/v3/calendars/{calendarId}"
    },
    "input_schema": {
      "type": "object",
      "properties": {
        "path": {
          "type": "object",
          "description": "Path parameters",
          "properties": {
            "calendarId": {
              "type": "string",
              "description": "Calendar identifier. To retrieve calendar IDs call the calendarList.list method. If you want to access the primary calendar of the currently logged-in user, use the 'primary' keyword."
            }
          },
          "required": [
            "calendarId"
          ],
          "visible": [
            "calendarId"
          ],
          "additionalProperties": false
        }
      },
      "required": [
        "path"
      ],
      "visible": [
        "path"
      ],
      "additionalProperties": false
    }
  },
  {
    "name": "GOOGLE_CALENDAR__FREEBUSY_QUERY",
    "description": "Returns free/busy information for a set of calendars.",
    "tool_metadata": {
      "type": "rest",
      "method": "POST",
      "endpoint": "https://www.googleapis.com/calendar/v3/freeBusy"
    },
    "input_schema": {
      "type": "object",
      "properties": {
        "body": {
          "type": "object",
          "description": "Request body parameters",
          "properties": {
            "timeMin": {
              "type": "string",
              "format": "date-time",
              "description": "The start of the interval for the query formatted as per RFC3339."
            },
            "timeMax": {
              "type": "string",
              "format": "date-time",
              "description": "The end of the interval for the query formatted as per RFC3339."
            },
            "timeZone": {
              "type": "string",
              "description": "Time zone used in the response. Optional. The default is UTC.",
              "default": "UTC"
            },
            "groupExpansionMax": {
              "type": "integer",
              "description": "Maximal number of calendar identifiers to be provided for a single group. Optional. An error is returned for a group with more members than this value. Maximum value is 100.",
              "maximum": 100
            },
            "calendarExpansionMax": {
              "type": "integer",
              "description": "Maximal number of calendars for which FreeBusy information is to be provided. Optional. Maximum value is 50.",
              "maximum": 50
            },
            "items": {
              "type": "array",
              "description": "List of calendars and/or groups to query.",
              "items": {
                "type": "object",
                "properties": {
                  "id": {
                    "type": "string",
                    "description": "The identifier of a calendar or a group."
                  }
                },
                "required": [
                  "id"
                ],
                "additionalProperties": false
              }
            }
          },
          "required": [
            "timeMin",
            "timeMax",
            "timeZone",
            "items"
          ],
          "visible": [
            "timeMin",
            "timeMax",
            "timeZone",
            "items"
          ],
          "additionalProperties": false
        }
      },
      "required": [
        "body"
      ],
      "visible": [
        "body"
      ],
      "additionalProperties": false
    }
  },
  {
    "name": "GOOGLE_CALENDAR__EVENTS_LIST",
    "description": "Returns events on the specified calendar",
    "tool_metadata": {
      "type": "rest",
      "method": "GET",
      "endpoint": "https://www.googleapis.com/calendar/v3/calendars/{calendarId}/events"
    },
    "input_schema": {
      "type": "object",
      "properties": {
        "path": {
          "type": "object",
          "description": "Path parameters",
          "properties": {
            "calendarId": {
              "type": "string",
              "description": "Calendar identifier. Use 'primary' for the primary calendar.",
              "default": "primary"
            }
          },
          "required": [
            "calendarId"
          ],
          "visible": [
            "calendarId"
          ],
          "additionalProperties": false
        },
        "query": {
          "type": "object",
          "description": "Query parameters",
          "properties": {
            "eventTypes": {
              "type": "string",
              "description": "Event types to return. This parameter can be repeated multiple times.",
              "enum": [
                "birthday",
                "default",
                "focusTime",
                "fromGmail",
                "outOfOffice",
                "workingLocation"
              ]
            },
            "iCalUID": {
              "type": "string",
              "description": "Specifies an event ID in iCalendar format."
            },
            "maxAttendees": {
              "type": "integer",
              "description": "Maximum number of attendees to include in the response.",
              "default": 0
            },
            "maxResults": {
              "type": "integer",
              "description": "Maximum number of events returned per page. Default is 250, max is 2500.",
              "default": 250
            },
            "orderBy": {
              "type": "string",
              "description": "Order of returned events.",
              "enum": [
                "startTime",
                "updated"
              ]
            },
            "pageToken": {
              "type": "string",
              "description": "Token for pagination."
            },
            "privateExtendedProperty": {
              "type": "string",
              "description": "Private extended properties filter (propertyName=value)."
            },
            "q": {
              "type": "string",
              "description": "Free text search to find matching events."
            },
            "sharedExtendedProperty": {
              "type": "string",
              "description": "Shared extended properties filter (propertyName=value)."
            },
            "showDeleted": {
              "type": "boolean",
              "description": "Include deleted events in results.",
              "default": false
            },
            "showHiddenInvitations": {
              "type": "boolean",
              "description": "Include hidden invitations in results.",
              "default": false
            },
            "singleEvents": {
              "type": "boolean",
              "description": "Expand recurring events into instances.",
              "default": false
            },
            "syncToken": {
              "type": "string",
              "description": "Token for incremental synchronization."
            },
            "timeMax": {
              "type": "string",
              "format": "date-time",
              "description": "Upper bound for event start time (RFC3339)."
            },
            "timeMin": {
              "type": "string",
              "format": "date-time",
              "description": "Lower bound for event end time (RFC3339)."
            },
            "timeZone": {
              "type": "string",
              "description": "Time zone used in the response."
            },
            "updatedMin": {
              "type": "string",
              "format": "date-time",
              "description": "Lower bound for last event modification time (RFC3339)."
            }
          },
          "required": [],
          "visible": [
            "maxResults",
            "orderBy",
            "pageToken",
            "q",
            "showDeleted",
            "showHiddenInvitations",
            "singleEvents",
            "syncToken",
            "timeMax",
            "timeMin",
            "timeZone",
            "updatedMin"
          ],
          "additionalProperties": false
        }
      },
      "required": [
        "path",
        "query"
      ],
      "visible": [
        "path",
        "query"
      ],
      "additionalProperties": false
    }
  },
  {
    "name": "GOOGLE_CALENDAR__EVENTS_GET",
    "description": "Returns an event based on its Google Calendar ID",
    "tool_metadata": {
      "type": "rest",
      "method": "GET",
      "endpoint": "https://www.googleapis.com/calendar/v3/calendars/{calendarId}/events/{eventId}"
    },
    "input_schema": {
      "type": "object",
      "properties": {
        "path": {
          "type": "object",
          "description": "Path parameters",
          "properties": {
            "calendarId": {
              "type": "string",
              "description": "Calendar identifier. Use 'primary' for the primary calendar."
            },
            "eventId": {
              "type": "string",
              "description": "Event identifier."
            }
          },
          "required": [
            "calendarId",
            "eventId"
          ],
          "visible": [
            "calendarId",
            "eventId"
          ],
          "additionalProperties": false
        },
        "query": {
          "type": "object",
          "description": "Query parameters",
          "properties": {
            "maxAttendees": {
              "type": "integer",
              "description": "Maximum number of attendees to include in the response."
            },
            "timeZone": {
              "type": "string",
              "description": "Time zone used in the response. Defaults to the calendar's time zone."
            }
          },
          "required": [],
          "visible": [
            "maxAttendees",
            "timeZone"
          ],
          "additionalProperties": false
        }
      },
      "required": [
        "path"
      ],
      "visible": [
        "path",
        "query"
      ],
      "additionalProperties": false
    }
  },
  {
    "name": "GOOGLE_CALENDAR__EVENTS_INSERT",
    "description": "Creates an event in the specified calendar",
    "tool_metadata": {
      "type": "rest",
      "method": "POST",
      "endpoint": "https://www.googleapis.com/calendar/v3/calendars/{calendarId}/events"
    },
    "input_schema": {
      "type": "object",
      "properties": {
        "path": {
          "type": "object",
          "description": "Path parameters",
          "properties": {
            "calendarId": {
              "type": "string",
              "description": "Calendar identifier. Use 'primary' for the primary calendar."
            }
          },
          "required": [
            "calendarId"
          ],
          "visible": [
            "calendarId"
          ],
          "additionalProperties": false
        },
        "query": {
          "type": "object",
          "description": "Query parameters",
          "properties": {
            "conferenceDataVersion": {
              "type": "integer",
              "description": "Version number of conference data supported by the API client.",
              "default": 0,
              "minimum": 0,
              "maximum": 1
            },
            "maxAttendees": {
              "type": "integer",
              "description": "Maximum number of attendees to include in the response."
            },
            "sendUpdates": {
              "type": "string",
              "description": "Controls notifications for event creation.",
              "enum": [
                "all",
                "externalOnly",
                "none"
              ],
              "default": "none"
            },
            "supportsAttachments": {
              "type": "boolean",
              "description": "Whether the API client supports event attachments.",
              "default": false
            }
          },
          "required": [],
          "visible": [
            "conferenceDataVersion",
            "maxAttendees",
            "sendUpdates",
            "supportsAttachments"
          ],
          "additionalProperties": false
        },
        "body": {
          "type": "object",
          "description": "Event data to be created",
          "properties": {
            "summary": {
              "type": "string",
              "description": "Title of the event."
            },
            "location": {
              "type": "string",
              "description": "Geographic location of the event."
            },
            "description": {
              "type": "string",
              "description": "Detailed description of the event."
            },
            "start": {
              "type": "object",
              "description": "Start date/time of the event.",
              "properties": {
                "date": {
                  "type": "string",
                  "format": "date",
                  "description": "Start time in the format YYYY-MM-DD."
                },
                "dateTime": {
                  "type": "string",
                  "format": "date-time",
                  "description": "Start time in RFC3339 format."
                },
                "timeZone": {
                  "type": "string",
                  "description": "Time zone for the start time."
                }
              },
              "required": [
                "dateTime",
                "timeZone"
              ],
              "visible": [
                "dateTime",
                "timeZone"
              ],
              "additionalProperties": false
            },
            "end": {
              "type": "object",
              "description": "End date/time of the event.",
              "properties": {
                "date": {
                  "type": "string",
                  "format": "date",
                  "description": "End date in the format YYYY-MM-DD."
                },
                "dateTime": {
                  "type": "string",
                  "format": "date-time",
                  "description": "End time in RFC3339 format."
                },
                "timeZone": {
                  "type": "string",
                  "description": "Time zone for the end time."
                }
              },
              "required": [
                "dateTime",
                "timeZone"
              ],
              "visible": [
                "dateTime",
                "timeZone"
              ],
              "additionalProperties": false
            },
            "attendees": {
              "type": "array",
              "description": "List of attendees for the event.",
              "items": {
                "type": "object",
                "properties": {
                  "email": {
                    "type": "string",
                    "description": "Email of the attendee.",
                    "format": "email"
                  },
                  "displayName": {
                    "type": "string",
                    "description": "Attendee's name."
                  },
                  "optional": {
                    "type": "boolean",
                    "description": "Whether the attendee is optional.",
                    "default": false
                  },
                  "responseStatus": {
                    "type": "string",
                    "description": "Attendee's response status.",
                    "enum": [
                      "needsAction",
                      "declined",
                      "tentative",
                      "accepted"
                    ]
                  }
                }
              }
            },
            "conferenceData": {
              "type": "object",
              "description": "Conference details such as Google Meet link.",
              "properties": {
                "createRequest": {
                  "type": "object",
                  "description": "Request to create a conference link.",
                  "properties": {
                    "requestId": {
                      "type": "string",
                      "description": "Unique request ID for creating the conference."
                    }
                  },
                  "required": [],
                  "visible": [],
                  "additionalProperties": false
                }
              },
              "visible": [],
              "required": [],
              "additionalProperties": false
            },
            "eventType": {
              "type": "string",
              "description": "Specific type of event.",
              "enum": [
                "birthday",
                "default",
                "focusTime",
                "fromGmail",
                "outOfOffice",
                "workingLocation"
              ],
              "default": "default"
            },
            "visibility": {
              "type": "string",
              "description": "Visibility of the event.",
              "enum": [
                "default",
                "public",
                "private",
                "confidential"
              ],
              "default": "default"
            },
            "guestsCanInviteOthers": {
              "type": "boolean",
              "description": "Whether attendees can invite others.",
              "default": true
            },
            "guestsCanModify": {
              "type": "boolean",
              "description": "Whether attendees can modify the event.",
              "default": false
            },
            "guestsCanSeeOtherGuests": {
              "type": "boolean",
              "description": "Whether attendees can see other guests.",
              "default": true
            }
          },
          "required": [
            "start",
            "end"
          ],
          "visible": [
            "summary",
            "location",
            "description",
            "start",
            "end",
            "attendees",
            "eventType",
            "visibility",
            "guestsCanInviteOthers",
            "guestsCanModify",
            "guestsCanSeeOtherGuests"
          ],
          "additionalProperties": false
        }
      },
      "required": [
        "path",
        "body"
      ],
      "visible": [
        "path",
        "query",
        "body"
      ],
      "additionalProperties": false
    }
  },
  {
    "name": "GOOGLE_CALENDAR__EVENTS_UPDATE",
    "description": "Updates an existing event in the specified calendar",
    "tool_metadata": {
      "type": "rest",
      "method": "PUT",
      "endpoint": "https://www.googleapis.com/calendar/v3/calendars/{calendarId}/events/{eventId}"
    },
    "input_schema": {
      "type": "object",
      "properties": {
        "path": {
          "type": "object",
          "description": "Path parameters",
          "properties": {
            "calendarId": {
              "type": "string",
              "description": "Calendar identifier. Use 'primary' for the primary calendar."
            },
            "eventId": {
              "type": "string",
              "description": "Event identifier."
            }
          },
          "required": [
            "calendarId",
            "eventId"
          ],
          "visible": [
            "calendarId",
            "eventId"
          ],
          "additionalProperties": false
        },
        "query": {
          "type": "object",
          "description": "Query parameters",
          "properties": {
            "conferenceDataVersion": {
              "type": "integer",
              "description": "Version number of conference data supported by the API client.",
              "default": 0,
              "minimum": 0,
              "maximum": 1
            },
            "maxAttendees": {
              "type": "integer",
              "description": "Maximum number of attendees to include in the response."
            },
            "sendUpdates": {
              "type": "string",
              "description": "Controls notifications for event updates.",
              "enum": [
                "all",
                "externalOnly",
                "none"
              ],
              "default": "none"
            },
            "supportsAttachments": {
              "type": "boolean",
              "description": "Whether the API client supports event attachments.",
              "default": false
            }
          },
          "required": [],
          "visible": [
            "conferenceDataVersion",
            "maxAttendees",
            "sendUpdates",
            "supportsAttachments"
          ],
          "additionalProperties": false
        },
        "body": {
          "type": "object",
          "description": "Event data to be updated",
          "properties": {
            "summary": {
              "type": "string",
              "description": "Title of the event."
            },
            "location": {
              "type": "string",
              "description": "Geographic location of the event."
            },
            "description": {
              "type": "string",
              "description": "Detailed description of the event."
            },
            "start": {
              "type": "object",
              "description": "Start date/time of the event.",
              "properties": {
                "date": {
                  "type": "string",
                  "format": "date",
                  "description": "Start time in the format YYYY-MM-DD."
                },
                "dateTime": {
                  "type": "string",
                  "format": "date-time",
                  "description": "Start time in RFC3339 format."
                },
                "timeZone": {
                  "type": "string",
                  "description": "Time zone for the start time."
                }
              },
              "required": [
                "dateTime",
                "timeZone"
              ],
              "visible": [
                "dateTime",
                "timeZone"
              ],
              "additionalProperties": false
            },
            "end": {
              "type": "object",
              "description": "End date/time of the event.",
              "properties": {
                "date": {
                  "type": "string",
                  "format": "date",
                  "description": "End date in the format YYYY-MM-DD."
                },
                "dateTime": {
                  "type": "string",
                  "format": "date-time",
                  "description": "End time in RFC3339 format."
                },
                "timeZone": {
                  "type": "string",
                  "description": "Time zone for the end time."
                }
              },
              "required": [
                "dateTime",
                "timeZone"
              ],
              "visible": [
                "dateTime",
                "timeZone"
              ],
              "additionalProperties": false
            },
            "attendees": {
              "type": "array",
              "description": "List of attendees for the event.",
              "items": {
                "type": "object",
                "properties": {
                  "email": {
                    "type": "string",
                    "description": "Email of the attendee.",
                    "format": "email"
                  },
                  "displayName": {
                    "type": "string",
                    "description": "Attendee's name."
                  },
                  "optional": {
                    "type": "boolean",
                    "description": "Whether the attendee is optional.",
                    "default": false
                  },
                  "responseStatus": {
                    "type": "string",
                    "description": "Attendee's response status.",
                    "enum": [
                      "needsAction",
                      "declined",
                      "tentative",
                      "accepted"
                    ]
                  }
                }
              }
            },
            "conferenceData": {
              "type": "object",
              "description": "Conference details such as Google Meet link.",
              "properties": {
                "createRequest": {
                  "type": "object",
                  "description": "Request to create a conference link.",
                  "properties": {
                    "requestId": {
                      "type": "string",
                      "description": "Unique request ID for creating the conference."
                    }
                  },
                  "required": [],
                  "visible": [],
                  "additionalProperties": false
                }
              },
              "visible": [],
              "required": [],
              "additionalProperties": false
            },
            "eventType": {
              "type": "string",
              "description": "Specific type of event.",
              "enum": [
                "birthday",
                "default",
                "focusTime",
                "fromGmail",
                "outOfOffice",
                "workingLocation"
              ],
              "default": "default"
            },
            "visibility": {
              "type": "string",
              "description": "Visibility of the event.",
              "enum": [
                "default",
                "public",
                "private",
                "confidential"
              ],
              "default": "default"
            },
            "guestsCanInviteOthers": {
              "type": "boolean",
              "description": "Whether attendees can invite others.",
              "default": true
            },
            "guestsCanModify": {
              "type": "boolean",
              "description": "Whether attendees can modify the event.",
              "default": false
            },
            "guestsCanSeeOtherGuests": {
              "type": "boolean",
              "description": "Whether attendees can see other guests.",
              "default": true
            }
          },
          "required": [
            "start",
            "end"
          ],
          "visible": [
            "summary",
            "location",
            "description",
            "start",
            "end",
            "attendees",
            "eventType",
            "visibility",
            "guestsCanInviteOthers",
            "guestsCanModify",
            "guestsCanSeeOtherGuests"
          ],
          "additionalProperties": false
        }
      },
      "required": [
        "path",
        "body"
      ],
      "visible": [
        "path",
        "query",
        "body"
      ],
      "additionalProperties": false
    }
  },
  {
    "name": "GOOGLE_CALENDAR__EVENTS_DELETE",
    "description": "Deletes an event from the specified calendar",
    "tool_metadata": {
      "type": "rest",
      "method": "DELETE",
      "endpoint": "https://www.googleapis.com/calendar/v3/calendars/{calendarId}/events/{eventId}"
    },
    "input_schema": {
      "type": "object",
      "properties": {
        "path": {
          "type": "object",
          "description": "Path parameters",
          "properties": {
            "calendarId": {
              "type": "string",
              "description": "Calendar identifier. Use 'primary' for the primary calendar."
            },
            "eventId": {
              "type": "string",
              "description": "Event identifier."
            }
          },
          "required": [
            "calendarId",
            "eventId"
          ],
          "visible": [
            "calendarId",
            "eventId"
          ],
          "additionalProperties": false
        },
        "query": {
          "type": "object",
          "description": "Query parameters",
          "properties": {
            "sendUpdates": {
              "type": "string",
              "description": "Controls notifications for event deletion.",
              "enum": [
                "all",
                "externalOnly",
                "none"
              ],
              "default": "none"
            }
          },
          "required": [],
          "visible": [
            "sendUpdates"
          ],
          "additionalProperties": false
        }
      },
      "required": [
        "path"
      ],
      "visible": [
        "path",
        "query"
      ],
      "additionalProperties": false
    }
  }
]
