{
  "name": "OPEN_WEATHER_MAP",
  "url": "https://mcp.aci.dev/virtual/mcp?server_name=OPEN_WEATHER_MAP",
  "transport_type": "streamable_http",
  "description": "OpenWeatherMap provides comprehensive weather data including current conditions and 5-day/3-hour forecasts. The API delivers accurate weather information based on the proprietary OpenWeather Model. This integration uses the free API endpoints (Current Weather Data and 5-day/3-hour Forecast) which are available on the free plan with a limit of 1,000 calls per day.",
  "logo": "https://raw.githubusercontent.com/aipotheosis-labs/aipolabs-icons/refs/heads/main/apps/open_weather_map.svg",
  "categories": ["Weather"],
  "auth_configs": [
    {
      "type": "api_key",
      "location": "query",
      "name": "appid"
    }
  ],
  "server_metadata": {
    "is_virtual_mcp_server": true
  }
}
