{
  "name": "ZENROWS",
  "url": "https://mcp.aci.dev/virtual/mcp?server_name=ZENROWS",
  "transport_type": "streamable_http",
  "description": "ZenRows is a powerful web scraping API that simplifies data extraction from any website. It handles rotating proxies, headless browsers, CAPTCHAs, and advanced anti-bot systems, providing a seamless solution for developers and businesses to collect web data efficiently.",
  "logo": "https://raw.githubusercontent.com/aipotheosis-labs/aipolabs-icons/refs/heads/main/apps/zenrows.svg",
  "categories": ["Search & Scraping"],
  "auth_configs": [
    {
      "type": "api_key",
      "location": "query",
      "name": "apikey"
    }
  ],
  "server_metadata": {
    "is_virtual_mcp_server": true
  }
}
