{
  "name": "BASEROW",
  "url": "https://mcp.aci.dev/virtual/mcp?server_name=BASEROW",
  "transport_type": "streamable_http",
  "description": "Baserow is an open source no-code database tool and Airtable alternative. Create your own database without technical experience.",
  "logo": "https://raw.githubusercontent.com/aipotheosis-labs/aipolabs-icons/refs/heads/main/apps/baserow.svg",
  "categories": ["Data & Analytics", "Productivity"],
  "auth_configs": [
    {
      "type": "api_key",
      "location": "header",
      "name": "Authorization",
      "prefix": "Token"
    }
  ],
  "server_metadata": {
    "is_virtual_mcp_server": true
  }
}
