{
  "name": "ROCKETREACH",
  "url": "https://mcp.aci.dev/virtual/mcp?server_name=ROCKETREACH",
  "transport_type": "streamable_http",
  "description": "RocketReach API lets you search and retrieve contact info for 700M+ professionals and 60M+ companies. Access accurate email addresses, phone numbers, and professional details.",
  "logo": "https://raw.githubusercontent.com/aipotheosis-labs/aipolabs-icons/refs/heads/main/apps/rocketreach.png",
  "categories": ["Data & Analytics", "CRM & Sales"],
  "auth_configs": [
    {
      "type": "api_key",
      "location": "header",
      "name": "Api-Key"
    }
  ],
  "server_metadata": {
    "is_virtual_mcp_server": true
  }
}
