{
  "name": "DIFY",
  "url": "https://mcp.aci.dev/virtual/mcp?server_name=DIFY",
  "transport_type": "streamable_http",
  "description": "Dify API for managing AI-driven tasks and workflows.",
  "logo": "https://raw.githubusercontent.com/aipotheosis-labs/aipolabs-icons/refs/heads/main/apps/dify.svg",
  "categories": ["Automation"],
  "auth_configs": [
    {
      "type": "api_key",
      "location": "header",
      "name": "Authorization",
      "prefix": "Bearer"
    }
  ],
  "server_metadata": {
    "is_virtual_mcp_server": true
  }
}
