[
  {
    "name": "DIFY__SEND_CHAT_MESSAGE",
    "description": "Send a chat message using the Dify API",
    "tags": [],
    "tool_metadata": {
      "canonical_tool_name": "SEND_CHAT_MESSAGE",
      "canonical_tool_description_hash": "f320702cca52e2a973b1607de847bf50501e0b73ad5599d598a22369c187f6d4",
      "canonical_tool_input_schema_hash": "fd4c6a7368179703267e9b079371deaec79ee88bb86d2dd1f52bd0dfe47e1dd7"
    },
    "input_schema": {
      "type": "object",
      "required": ["body"],
      "properties": {
        "body": {
          "type": "object",
          "required": ["query", "user"],
          "properties": {
            "user": {
              "type": "string",
              "example": "user_123456789",
              "description": "Unique identifier for the user"
            },
            "files": {
              "type": "array",
              "items": {
                "type": "object",
                "visible": ["type", "transfer_method", "url"],
                "required": ["type", "transfer_method", "url"],
                "properties": {
                  "url": {
                    "type": "string",
                    "description": "URL of the file if using remote_url transfer method"
                  },
                  "type": {
                    "type": "string",
                    "description": "Type of the file (e.g., 'image', 'document')"
                  },
                  "transfer_method": {
                    "type": "string",
                    "description": "Method used to transfer the file (e.g., 'remote_url', 'local_file')"
                  }
                },
                "additionalProperties": false
              },
              "description": "Files to be sent with the message"
            },
            "query": {
              "type": "string",
              "example": "What is the weather today?",
              "description": "The query string to send to the chat"
            },
            "inputs": {
              "type": "object",
              "example": {
                "device_type": "mobile",
                "user_location": "New York",
                "user_preference": "detailed specs",
                "preferred_language": "English"
              },
              "required": [],
              "properties": {
                "device_type": {
                  "type": "string",
                  "example": "mobile",
                  "description": "Type of device the user is using"
                },
                "user_location": {
                  "type": "string",
                  "example": "New York",
                  "description": "User's geographical location information"
                },
                "user_preference": {
                  "type": "string",
                  "example": "detailed specs",
                  "description": "User's preference settings"
                },
                "preferred_language": {
                  "type": "string",
                  "example": "English",
                  "description": "User's preferred language"
                }
              },
              "description": "Allows passing various variable values defined by the App. The inputs parameter contains multiple key/value pairs, where each key corresponds to a specific variable and each value is the specific value for that variable. Default {}",
              "additionalProperties": true
            },
            "response_mode": {
              "type": "string",
              "default": "streaming",
              "description": "Response mode - 'streaming' returns chunks as they're generated, 'blocking' returns complete response"
            },
            "conversation_id": {
              "type": "string",
              "example": "conv_123456789",
              "description": "ID of the conversation to continue"
            },
            "auto_generate_name": {
              "type": "boolean",
              "default": true,
              "description": "Automatically generate a title for the conversation"
            }
          },
          "description": "Chat message parameters",
          "additionalProperties": false
        }
      },
      "additionalProperties": false
    }
  },
  {
    "name": "DIFY__STOP_RESPONSE",
    "description": "Stop a response for a given task ID",
    "tags": [],
    "tool_metadata": {
      "canonical_tool_name": "STOP_RESPONSE",
      "canonical_tool_description_hash": "f5e95bf61e5dbcae182af415b385e25edce807250dce865eaea14b28adefcf33",
      "canonical_tool_input_schema_hash": "91279f6cb61ad4ffd256ef7c43ac513a27c018208d749d58552aaef4624827d4"
    },
    "input_schema": {
      "type": "object",
      "required": ["body", "path"],
      "properties": {
        "body": {
          "type": "object",
          "required": ["user"],
          "properties": {
            "user": {
              "type": "string",
              "example": "user_123456789",
              "description": "Unique identifier for the user"
            }
          },
          "description": "Parameters to stop the response",
          "additionalProperties": false
        },
        "path": {
          "type": "object",
          "required": ["task_id"],
          "properties": {
            "task_id": {
              "type": "string",
              "example": "task_123456789",
              "description": "ID of the task to stop"
            }
          },
          "description": "Path parameters",
          "additionalProperties": false
        }
      },
      "additionalProperties": false
    }
  },
  {
    "name": "DIFY__GET_CONVERSATION_LIST",
    "description": "Retrieve a list of conversations for a user",
    "tags": [],
    "tool_metadata": {
      "canonical_tool_name": "GET_CONVERSATION_LIST",
      "canonical_tool_description_hash": "929901fe0fe32fc0aca16cbd32ce7cfdb2cfd2119ecf65d073d0d6a0793ac249",
      "canonical_tool_input_schema_hash": "7671d9a6a9f4d118499f00c834574ea1e159e4081fdfd6502975f3013afe444a"
    },
    "input_schema": {
      "type": "object",
      "required": ["query"],
      "properties": {
        "query": {
          "type": "object",
          "required": ["user"],
          "properties": {
            "user": {
              "type": "string",
              "description": "User ID"
            },
            "limit": {
              "type": "integer",
              "default": 20,
              "description": "Limit on the number of conversations"
            },
            "last_id": {
              "type": "string",
              "description": "Last conversation ID for pagination"
            }
          },
          "description": "Query parameters",
          "additionalProperties": false
        }
      },
      "additionalProperties": false
    }
  },
  {
    "name": "DIFY__SEND_FEEDBACK",
    "description": "Send feedback for a specific message",
    "tags": [],
    "tool_metadata": {
      "canonical_tool_name": "SEND_FEEDBACK",
      "canonical_tool_description_hash": "c23f99f911c100c6597a0a1290e937472a78b065a8dd92ba75aad0daf5ee82b2",
      "canonical_tool_input_schema_hash": "d14f3a7f91b3822067fcafa5f010af1b25d2225275bfb78d9357d94f690f7f67"
    },
    "input_schema": {
      "type": "object",
      "required": ["body", "path"],
      "properties": {
        "body": {
          "type": "object",
          "required": ["rating", "user"],
          "properties": {
            "user": {
              "type": "string",
              "description": "User ID"
            },
            "rating": {
              "type": "string",
              "description": "Rating of the message"
            },
            "content": {
              "type": "string",
              "description": "Feedback content"
            }
          },
          "description": "Feedback parameters",
          "additionalProperties": false
        },
        "path": {
          "type": "object",
          "required": ["message_id"],
          "properties": {
            "message_id": {
              "type": "string",
              "description": "ID of the message to send feedback for"
            }
          },
          "description": "Path parameters",
          "additionalProperties": false
        }
      },
      "additionalProperties": false
    }
  },
  {
    "name": "DIFY__DELETE_CONVERSATION",
    "description": "Delete a specific conversation",
    "tags": [],
    "tool_metadata": {
      "canonical_tool_name": "DELETE_CONVERSATION",
      "canonical_tool_description_hash": "d494b0ef9c26915ad6ef7545595e04156520a93b4a0f4a0a3ee1b156cc7dda67",
      "canonical_tool_input_schema_hash": "14dcccbea378c7f2deaefea894582104f8660d0bec1897bde5c2b09e158b3d88"
    },
    "input_schema": {
      "type": "object",
      "required": ["body", "path"],
      "properties": {
        "body": {
          "type": "object",
          "required": ["user"],
          "properties": {
            "user": {
              "type": "string",
              "description": "User ID"
            }
          },
          "description": "Parameters for deleting the conversation",
          "additionalProperties": false
        },
        "path": {
          "type": "object",
          "required": ["conversation_id"],
          "properties": {
            "conversation_id": {
              "type": "string",
              "description": "ID of the conversation to delete"
            }
          },
          "description": "Path parameters",
          "additionalProperties": false
        }
      },
      "additionalProperties": false
    }
  },
  {
    "name": "DIFY__GET_MESSAGES",
    "description": "Retrieve a list of messages for a specific conversation",
    "tags": [],
    "tool_metadata": {
      "canonical_tool_name": "GET_MESSAGES",
      "canonical_tool_description_hash": "5fae11090f08fe17cabc4448c4c9435fcc85b1afba9b1747013c62b8ac461aef",
      "canonical_tool_input_schema_hash": "f77049637e408ad598c319b79b03d4e5762a6a3b2212d8be1824bdb4ce3f8888"
    },
    "input_schema": {
      "type": "object",
      "required": ["query"],
      "properties": {
        "query": {
          "type": "object",
          "required": ["user"],
          "properties": {
            "user": {
              "type": "string",
              "description": "User ID"
            },
            "limit": {
              "type": "integer",
              "default": 20,
              "description": "Limit on the number of messages"
            },
            "first_id": {
              "type": "string",
              "description": "First message ID for pagination"
            },
            "conversation_id": {
              "type": "string",
              "description": "ID of the conversation to retrieve messages for"
            }
          },
          "description": "Query parameters",
          "additionalProperties": false
        }
      },
      "additionalProperties": false
    }
  },
  {
    "name": "DIFY__UPDATE_CONVERSATION_NAME",
    "description": "Update the name of a specific conversation",
    "tags": [],
    "tool_metadata": {
      "canonical_tool_name": "UPDATE_CONVERSATION_NAME",
      "canonical_tool_description_hash": "13c4f658dcbd74af0b01367dc40fa1989cc227378233b5609c22ec824c263374",
      "canonical_tool_input_schema_hash": "0e5f26c03c7c8dad6d21237060f7959aa9a2cbc148eec76b39c65ca3c3d99387"
    },
    "input_schema": {
      "type": "object",
      "required": ["body", "path"],
      "properties": {
        "body": {
          "type": "object",
          "required": ["user"],
          "properties": {
            "name": {
              "type": "string",
              "example": "test",
              "description": "New name for the conversation"
            },
            "user": {
              "type": "string",
              "example": "abc-123",
              "description": "Unique identifier for the user"
            },
            "auto_generate": {
              "type": "boolean",
              "default": true,
              "description": "Whether to automatically generate the name"
            }
          },
          "description": "Parameters for updating the conversation name",
          "additionalProperties": false
        },
        "path": {
          "type": "object",
          "required": ["conversation_id"],
          "properties": {
            "conversation_id": {
              "type": "string",
              "example": "1b12a04e-a4e9-47a1-869c-eb91da7e545a",
              "description": "ID of the conversation to update"
            }
          },
          "description": "Path parameters",
          "additionalProperties": false
        }
      },
      "additionalProperties": false
    }
  }
]
