{
  "name": "ULTRA_MSG",
  "url": "https://mcp.aci.dev/virtual/mcp?server_name=ULTRA_MSG",
  "transport_type": "streamable_http",
  "description": "Ultra Msg is a WhatsApp API service that allows users to send and receive WhatsApp messages, manage contacts and groups, and automate WhatsApp workflows. This integration allows you to programmatically send text, pictures, documents and other media types of messages through WhatsApp.",
  "logo": "https://raw.githubusercontent.com/aipotheosis-labs/aipolabs-icons/refs/heads/main/apps/ultra_msg.svg",
  "categories": ["Communication"],
  "auth_configs": [
    {
      "type": "api_key",
      "location": "body",
      "name": "token"
    }
  ],
  "server_metadata": {
    "is_virtual_mcp_server": true
  }
}
