[
  {
    "name": "ULTRA_MSG__GET_ALL_GROUPS",
    "description": "Retrieves all WhatsApp groups associated with the UltraMsg instance, including group ID, name, description, and participants.",
    "tags": [],
    "tool_metadata": {
      "canonical_tool_name": "GET_ALL_GROUPS",
      "canonical_tool_description_hash": "a1734a36a92b62ab3e28f65b10d3b7a8f378899614461e2a27a7f7f4cae02585",
      "canonical_tool_input_schema_hash": "8677c9d9fd6d5cc38cc4eb97df76ada1a733847beae90489c3b2a43ada9e4f7c"
    },
    "input_schema": {
      "type": "object",
      "required": ["path"],
      "properties": {
        "path": {
          "type": "object",
          "required": ["instance_id"],
          "properties": {
            "instance_id": {
              "type": "string",
              "description": "The ID of the UltraMsg instance."
            }
          },
          "description": "Path parameters",
          "additionalProperties": false
        }
      },
      "additionalProperties": false
    }
  },
  {
    "name": "ULTRA_MSG__GET_GROUP_IDS",
    "description": "Retrieves a list of all WhatsApp group IDs associated with the specified UltraMsg instance.",
    "tags": [],
    "tool_metadata": {
      "canonical_tool_name": "GET_GROUP_IDS",
      "canonical_tool_description_hash": "d19897ed12092d9f35c9722163027111cc6a340613949f1af2ba8fb7b0298ac7",
      "canonical_tool_input_schema_hash": "8677c9d9fd6d5cc38cc4eb97df76ada1a733847beae90489c3b2a43ada9e4f7c"
    },
    "input_schema": {
      "type": "object",
      "required": ["path"],
      "properties": {
        "path": {
          "type": "object",
          "required": ["instance_id"],
          "properties": {
            "instance_id": {
              "type": "string",
              "description": "The ID of the UltraMsg instance."
            }
          },
          "description": "Path parameters",
          "additionalProperties": false
        }
      },
      "additionalProperties": false
    }
  },
  {
    "name": "ULTRA_MSG__SEND_CHAT_MESSAGE",
    "description": "Sends a text message to a phone number or group via UltraMsg WhatsApp API. The message body supports UTF-8 or UTF-16 encoding with emojis. Maximum length is 4096 characters.",
    "tags": [],
    "tool_metadata": {
      "canonical_tool_name": "SEND_CHAT_MESSAGE",
      "canonical_tool_description_hash": "a72ca409ca16bb43b6d1f43ebc75c2270e2cb9c0473ff3ff00e572f04d777918",
      "canonical_tool_input_schema_hash": "95633101460a15508d6851dbaea208a14daa4f3703385902a98c49e1334f905f"
    },
    "input_schema": {
      "type": "object",
      "required": ["path", "body"],
      "properties": {
        "body": {
          "type": "object",
          "required": ["to", "body"],
          "properties": {
            "to": {
              "type": "string",
              "description": "Recipient's phone number in international format (e.g., +14155552671) or chat ID for contact or group (e.g., [email\u00a0protected] or [email\u00a0protected])."
            },
            "body": {
              "type": "string",
              "description": "The text message content. Supports UTF-8 or UTF-16 encoding with emojis. Maximum length is 4096 characters."
            }
          },
          "description": "Request body parameters",
          "additionalProperties": false
        },
        "path": {
          "type": "object",
          "required": ["instance_id"],
          "properties": {
            "instance_id": {
              "type": "string",
              "description": "The ID of the UltraMsg instance."
            }
          },
          "description": "Path parameters",
          "additionalProperties": false
        }
      },
      "additionalProperties": false
    }
  },
  {
    "name": "ULTRA_MSG__GET_MESSAGES_BY_STATUS",
    "description": "Retrieves a list of messages for a given UltraMsg instance, filtered by message status such as 'sent', 'unsent', 'queue', 'invalid', or 'all'.",
    "tags": [],
    "tool_metadata": {
      "canonical_tool_name": "GET_MESSAGES_BY_STATUS",
      "canonical_tool_description_hash": "d7a7704163f38d52acc2975856ec655af45f498f5f24fbf6b05c7a3b83099772",
      "canonical_tool_input_schema_hash": "3a43713ccc207fda9c0388a9be611f93a6e53768915cb9e9fdf34989af007f25"
    },
    "input_schema": {
      "type": "object",
      "required": ["path"],
      "properties": {
        "path": {
          "type": "object",
          "required": ["instance_id"],
          "properties": {
            "instance_id": {
              "type": "string",
              "description": "The ID of the UltraMsg instance."
            }
          },
          "description": "Path parameters",
          "additionalProperties": false
        },
        "query": {
          "type": "object",
          "required": [],
          "properties": {
            "page": {
              "type": "integer",
              "description": "Page number for pagination."
            },
            "sort": {
              "type": "string",
              "description": "Sort order of the results. 'asc' for ascending, 'desc' for descending."
            },
            "limit": {
              "type": "integer",
              "description": "Number of results per page (max 100)."
            },
            "status": {
              "type": "string",
              "description": "Filter messages by status. Valid values: 'sent', 'queue', 'unsent', 'invalid', or 'all'."
            }
          },
          "description": "Query parameters for filtering and pagination",
          "additionalProperties": false
        }
      },
      "additionalProperties": false
    }
  },
  {
    "name": "ULTRA_MSG__GET_CONTACTS",
    "description": "Retrieves the list of contacts associated with the specified UltraMsg instance.",
    "tags": [],
    "tool_metadata": {
      "canonical_tool_name": "GET_CONTACTS",
      "canonical_tool_description_hash": "5d6835f2e070303b5fefc6ab6562e5d6ef8151f2cc963095abc3f1922f90182e",
      "canonical_tool_input_schema_hash": "8677c9d9fd6d5cc38cc4eb97df76ada1a733847beae90489c3b2a43ada9e4f7c"
    },
    "input_schema": {
      "type": "object",
      "required": ["path"],
      "properties": {
        "path": {
          "type": "object",
          "required": ["instance_id"],
          "properties": {
            "instance_id": {
              "type": "string",
              "description": "The ID of the UltraMsg instance."
            }
          },
          "description": "Path parameters",
          "additionalProperties": false
        }
      },
      "additionalProperties": false
    }
  }
]
