[
  {
    "name": "ROCKETREACH__ACCOUNT_INFO",
    "description": "Retrieve & manage RocketReach API account details, view usage metrics, and access account configuration.",
    "tool_metadata": {
      "type": "rest",
      "method": "GET",
      "endpoint": "https://api.rocketreach.co/api/v2/account/"
    },
    "input_schema": {
      "type": "object",
      "properties": {
        "header": {
          "type": "object",
          "description": "header parameters",
          "properties": {
            "Accept": {
              "type": "string",
              "description": "The supported media type",
              "default": "application/json"
            }
          },
          "required": [],
          "visible": [],
          "additionalProperties": false
        }
      },
      "required": [
        "header"
      ],
      "visible": [],
      "additionalProperties": false
    }
  },
  {
    "name": "ROCKETREACH__CREATE_API_KEY",
    "description": "Create a new API key for your RocketReach account. Your previous API key will immediately be invalidated.",
    "tool_metadata": {
      "type": "rest",
      "method": "POST",
      "endpoint": "https://api.rocketreach.co/api/v2/account/key/"
    },
    "input_schema": {
      "type": "object",
      "properties": {
        "body": {
          "type": "object",
          "description": "request body",
          "properties": {
            "api_key": {
              "type": "string",
              "description": "The API key for your account"
            }
          },
          "required": [
            "api_key"
          ],
          "visible": [
            "api_key"
          ],
          "additionalProperties": false
        },
        "header": {
          "type": "object",
          "description": "header parameters",
          "properties": {
            "Accept": {
              "type": "string",
              "description": "The supported media type",
              "default": "application/json"
            },
            "Content-Type": {
              "type": "string",
              "description": "The content type of the request body",
              "default": "application/json"
            }
          },
          "required": [],
          "visible": [],
          "additionalProperties": false
        }
      },
      "required": [
        "header",
        "body"
      ],
      "visible": [
        "body"
      ],
      "additionalProperties": false
    }
  },
  {
    "name": "ROCKETREACH__PEOPLE_LOOKUP",
    "description": "Person Enrichment API. Provide identifiers such as name, employer, or location to quickly retrieve matching professional profiles.",
    "tool_metadata": {
      "type": "rest",
      "method": "GET",
      "endpoint": "https://api.rocketreach.co/api/v2/person/lookup"
    },
    "input_schema": {
      "type": "object",
      "properties": {
        "header": {
          "type": "object",
          "description": "header parameters",
          "properties": {
            "Accept": {
              "type": "string",
              "description": "The supported media type",
              "default": "application/json"
            }
          },
          "required": [],
          "visible": [],
          "additionalProperties": false
        },
        "query": {
          "type": "object",
          "description": "query parameters",
          "properties": {
            "current_employer": {
              "type": "string",
              "description": "Current employer of the desired profile. Must specify along with name (minimum length: 1)"
            },
            "email": {
              "type": "string",
              "description": "An email address for the desired profile (minimum length: 1)"
            },
            "id": {
              "type": "integer",
              "description": "RocketReach internal unique profile ID"
            },
            "linkedin_ext_url": {
              "type": "string",
              "description": "Deprecated: Use linkedin_url (minimum length: 1)"
            },
            "linkedin_url": {
              "type": "string",
              "description": "LinkedIn URL of the desired profile (minimum length: 1)"
            },
            "lookup_type": {
              "type": "string",
              "description": "Lookup type for the request",
              "enum": [
                "standard",
                "premium",
                "premium (feeds disabled)",
                "bulk",
                "phone",
                "enrich"
              ]
            },
            "name": {
              "type": "string",
              "description": "Name of the desired profile. Must specify along with current_employer (minimum length: 1)"
            },
            "npi_number": {
              "type": "integer",
              "description": "An NPI number for the desired profile (US healthcare professional)"
            },
            "title": {
              "type": "string",
              "description": "Job title of the desired profile (minimum length: 1)"
            }
          },
          "required": [],
          "visible": [
            "current_employer",
            "email",
            "id",
            "linkedin_url",
            "lookup_type",
            "name",
            "npi_number",
            "title"
          ],
          "additionalProperties": false
        }
      },
      "required": [
        "header"
      ],
      "visible": [
        "query"
      ],
      "additionalProperties": false
    }
  },
  {
    "name": "ROCKETREACH__PEOPLE_SEARCH",
    "description": "Search for people by criteria such as name, company, title, location, and more. Discover and filter over 700M professional profiles. Returns a list of possible matches without contact information.",
    "tool_metadata": {
      "type": "rest",
      "method": "POST",
      "endpoint": "https://api.rocketreach.co/api/v2/person/search"
    },
    "input_schema": {
      "type": "object",
      "properties": {
        "body": {
          "type": "object",
          "description": "request body",
          "properties": {
            "start": {
              "type": "integer",
              "description": "Start index of the request results (counting from 1) (minimum: 1, maximum: 10000)",
              "default": 1
            },
            "page_size": {
              "type": "integer",
              "description": "Maximum number of results to return per page (minimum: 1, maximum: 100)",
              "default": 10
            },
            "order_by": {
              "type": "string",
              "description": "Specifies the ordering of search results",
              "enum": [
                "relevance",
                "popularity"
              ],
              "default": "relevance"
            },
            "query": {
              "type": "object",
              "description": "Search query object containing search criteria",
              "properties": {
                "name": {
                  "type": "array",
                  "items": {
                    "type": "string"
                  },
                  "description": "Include profiles with these names"
                },
                "current_employer": {
                  "type": "array",
                  "items": {
                    "type": "string"
                  },
                  "description": "Include profiles employed by these companies"
                },
                "current_title": {
                  "type": "array",
                  "items": {
                    "type": "string"
                  },
                  "description": "Include profiles with these current job titles"
                },
                "location": {
                  "type": "array",
                  "items": {
                    "type": "string"
                  },
                  "description": "Include profiles located in these locations. You can add radius: 'San Francisco::~50mi'"
                },
                "company_name": {
                  "type": "array",
                  "items": {
                    "type": "string"
                  },
                  "description": "Include profiles employed by these company names"
                },
                "industry": {
                  "type": "array",
                  "items": {
                    "type": "string"
                  },
                  "description": "Include profiles employed in these industries"
                },
                "skills": {
                  "type": "array",
                  "items": {
                    "type": "string"
                  },
                  "description": "Include profiles listed with these skills"
                },
                "management_levels": {
                  "type": "array",
                  "items": {
                    "type": "string"
                  },
                  "description": "Include profiles at these management levels"
                },
                "company_size": {
                  "type": "array",
                  "items": {
                    "type": "string"
                  },
                  "description": "Include profiles with employers with these sizes"
                },
                "keyword": {
                  "type": "string",
                  "description": "Include results matching keyword"
                }
              },
              "required": [],
              "visible": [
                "name",
                "current_employer",
                "current_title",
                "location",
                "company_name",
                "industry",
                "skills",
                "management_levels",
                "company_size",
                "keyword"
              ],
              "additionalProperties": false
            }
          },
          "required": [],
          "visible": [
            "query",
            "page_size",
            "order_by"
          ],
          "additionalProperties": false
        },
        "header": {
          "type": "object",
          "description": "header parameters",
          "properties": {
            "Accept": {
              "type": "string",
              "description": "The supported media type",
              "default": "application/json"
            },
            "Content-Type": {
              "type": "string",
              "description": "The content type of the request body",
              "default": "application/json"
            }
          },
          "required": [
            "Content-Type"
          ],
          "visible": [],
          "additionalProperties": false
        }
      },
      "required": [
        "header",
        "body"
      ],
      "visible": [
        "body"
      ],
      "additionalProperties": false
    }
  },
  {
    "name": "ROCKETREACH__CHECK_LOOKUP_STATUS",
    "description": "Check the status of person lookup requests. Returns complete, failed, waiting, searching, or in progress status with available profile data.",
    "tool_metadata": {
      "type": "rest",
      "method": "GET",
      "endpoint": "https://api.rocketreach.co/api/v2/person/checkStatus"
    },
    "input_schema": {
      "type": "object",
      "properties": {
        "header": {
          "type": "object",
          "description": "header parameters",
          "properties": {
            "Accept": {
              "type": "string",
              "description": "The supported media type",
              "default": "application/json"
            }
          },
          "required": [],
          "visible": [],
          "additionalProperties": false
        },
        "query": {
          "type": "object",
          "description": "query parameters",
          "properties": {
            "ids": {
              "type": "array",
              "items": {
                "type": "integer"
              },
              "description": "List of Profile IDs to check status for"
            }
          },
          "required": [
            "ids"
          ],
          "visible": [
            "ids"
          ],
          "additionalProperties": false
        }
      },
      "required": [
        "header",
        "query"
      ],
      "visible": [
        "query"
      ],
      "additionalProperties": false
    }
  },
  {
    "name": "ROCKETREACH__PROFILE_COMPANY_LOOKUP",
    "description": "Person and Company Lookup API. Retrieve both profile data and company data for a person in a single request. Provides comprehensive professional and organizational information.",
    "tool_metadata": {
      "type": "rest",
      "method": "GET",
      "endpoint": "https://api.rocketreach.co/api/v2/profile-company/lookup"
    },
    "input_schema": {
      "type": "object",
      "properties": {
        "header": {
          "type": "object",
          "description": "header parameters",
          "properties": {
            "Accept": {
              "type": "string",
              "description": "The supported media type",
              "default": "application/json"
            }
          },
          "required": [],
          "visible": [],
          "additionalProperties": false
        },
        "query": {
          "type": "object",
          "description": "query parameters",
          "properties": {
            "current_employer": {
              "type": "string",
              "description": "Current employer of the desired profile. Must specify along with name (minimum length: 1)"
            },
            "email": {
              "type": "string",
              "description": "An email address for the desired profile (minimum length: 1)"
            },
            "id": {
              "type": "integer",
              "description": "RocketReach internal unique profile ID"
            },
            "linkedin_url": {
              "type": "string",
              "description": "LinkedIn URL of the desired profile (minimum length: 1)"
            },
            "lookup_type": {
              "type": "string",
              "description": "Lookup type for the request",
              "enum": [
                "standard",
                "premium",
                "premium (feeds disabled)",
                "bulk",
                "phone",
                "enrich"
              ]
            },
            "name": {
              "type": "string",
              "description": "Name of the desired profile. Must specify along with current_employer (minimum length: 1)"
            },
            "npi_number": {
              "type": "integer",
              "description": "An NPI number for the desired profile (US healthcare professional)"
            },
            "title": {
              "type": "string",
              "description": "Job title of the desired profile (minimum length: 1)"
            }
          },
          "required": [],
          "visible": [
            "current_employer",
            "email",
            "id",
            "linkedin_url",
            "lookup_type",
            "name",
            "npi_number",
            "title"
          ],
          "additionalProperties": false
        }
      },
      "required": [
        "header"
      ],
      "visible": [
        "query"
      ],
      "additionalProperties": false
    }
  },
  {
    "name": "ROCKETREACH__COMPANY_SEARCH",
    "description": "Search Companies by Criteria. Find and filter millions of business records with fast name, domain, industry, and location queries for any size company.",
    "tool_metadata": {
      "type": "rest",
      "method": "POST",
      "endpoint": "https://api.rocketreach.co/api/v2/searchCompany"
    },
    "input_schema": {
      "type": "object",
      "properties": {
        "body": {
          "type": "object",
          "description": "request body",
          "properties": {
            "start": {
              "type": "integer",
              "description": "Start index of the request results (counting from 1) (minimum: 1, maximum: 10000)",
              "default": 1
            },
            "page_size": {
              "type": "integer",
              "description": "Maximum number of results to return per page (minimum: 1, maximum: 100)",
              "default": 10
            },
            "order_by": {
              "type": "string",
              "description": "Specifies the ordering of search results",
              "enum": [
                "relevance",
                "popularity"
              ],
              "default": "relevance"
            },
            "query": {
              "type": "object",
              "description": "Search query object containing company search criteria",
              "properties": {
                "name": {
                  "type": "array",
                  "items": {
                    "type": "string"
                  },
                  "description": "Include companies with these names"
                },
                "domain": {
                  "type": "array",
                  "items": {
                    "type": "string"
                  },
                  "description": "Include companies with these domains"
                },
                "industry": {
                  "type": "array",
                  "items": {
                    "type": "string"
                  },
                  "description": "Include companies focused in these industries"
                },
                "location": {
                  "type": "array",
                  "items": {
                    "type": "string"
                  },
                  "description": "Include companies located in these locations"
                },
                "employees": {
                  "type": "array",
                  "items": {
                    "type": "string"
                  },
                  "description": "Include companies with this number of employees"
                },
                "revenue": {
                  "type": "array",
                  "items": {
                    "type": "string"
                  },
                  "description": "Include companies with these revenue values"
                },
                "publicly_traded": {
                  "type": "array",
                  "items": {
                    "type": "string"
                  },
                  "description": "Include companies that are publicly traded"
                },
                "total_funding": {
                  "type": "array",
                  "items": {
                    "type": "string"
                  },
                  "description": "Include companies who have raised this amount of capital"
                },
                "website_url": {
                  "type": "array",
                  "items": {
                    "type": "string"
                  },
                  "description": "Include companies with these website URLs"
                },
                "keyword": {
                  "type": "array",
                  "items": {
                    "type": "string"
                  },
                  "description": "Include companies matching these keywords"
                }
              },
              "required": [],
              "visible": [
                "name",
                "domain",
                "industry",
                "location",
                "employees",
                "revenue",
                "publicly_traded",
                "total_funding",
                "website_url",
                "keyword"
              ],
              "additionalProperties": false
            }
          },
          "required": [],
          "visible": [
            "query",
            "page_size",
            "order_by"
          ],
          "additionalProperties": false
        },
        "header": {
          "type": "object",
          "description": "header parameters",
          "properties": {
            "Accept": {
              "type": "string",
              "description": "The supported media type",
              "default": "application/json"
            },
            "Content-Type": {
              "type": "string",
              "description": "The content type of the request body",
              "default": "application/json"
            }
          },
          "required": [
            "Content-Type"
          ],
          "visible": [],
          "additionalProperties": false
        }
      },
      "required": [
        "header",
        "body"
      ],
      "visible": [
        "body"
      ],
      "additionalProperties": false
    }
  },
  {
    "name": "ROCKETREACH__COMPANY_LOOKUP",
    "description": "Company Lookup API. Retrieve detailed metadata information for a specific company using domain, name, LinkedIn URL, ID, or ticker symbol. Provides comprehensive company profile data.",
    "tool_metadata": {
      "type": "rest",
      "method": "GET",
      "endpoint": "https://api.rocketreach.co/api/v2/company/lookup/"
    },
    "input_schema": {
      "type": "object",
      "properties": {
        "header": {
          "type": "object",
          "description": "header parameters",
          "properties": {
            "Accept": {
              "type": "string",
              "description": "The supported media type",
              "default": "application/json"
            }
          },
          "required": [],
          "visible": [],
          "additionalProperties": false
        },
        "query": {
          "type": "object",
          "description": "query parameters",
          "properties": {
            "domain": {
              "type": "string",
              "description": "Domain of the desired company to lookup (preferred) (minimum length: 1)"
            },
            "id": {
              "type": "integer",
              "description": "RocketReach internal unique company ID"
            },
            "linkedin_url": {
              "type": "string",
              "description": "LinkedIn URL of the desired company to lookup (minimum length: 1)"
            },
            "name": {
              "type": "string",
              "description": "Name of the desired company to lookup (minimum length: 1)"
            },
            "ticker": {
              "type": "string",
              "description": "Stock ticker of the desired company to lookup (minimum length: 1)"
            }
          },
          "required": [],
          "visible": [
            "domain",
            "id",
            "linkedin_url",
            "name",
            "ticker"
          ],
          "additionalProperties": false
        }
      },
      "required": [
        "header"
      ],
      "visible": [
        "query"
      ],
      "additionalProperties": false
    }
  }
]
