{
  "lastUpdated": "2026-01-31T00:00:00.000Z",
  "source": "vibes-skill (IPLD singleton fix with trailing slash pattern)",
  "note": "Using trailing slash pattern for multiformats subpath exports. Pin Babel to @7.26.0.",
  "imports": {
    "react": "https://esm.sh/stable/react@19.2.4",
    "react/jsx-runtime": "https://esm.sh/stable/react@19.2.4/jsx-runtime",
    "react/jsx-dev-runtime": "https://esm.sh/stable/react@19.2.4/jsx-dev-runtime",
    "react-dom": "https://esm.sh/stable/react-dom@19.2.4",
    "react-dom/client": "https://esm.sh/stable/react-dom@19.2.4/client",
    "multiformats": "https://esm.sh/stable/multiformats@13.3.1",
    "multiformats/": "https://esm.sh/stable/multiformats@13.3.1/",
    "@ipld/dag-cbor": "https://esm.sh/stable/@ipld/dag-cbor@9.2.2?external=multiformats",
    "@ipld/dag-json": "https://esm.sh/stable/@ipld/dag-json@10.2.3?external=multiformats",
    "use-fireproof": "https://esm.sh/stable/@necrodome/fireproof-clerk@0.0.3?external=react,react-dom,multiformats,@ipld/dag-cbor,@ipld/dag-json",
    "@fireproof/clerk": "https://esm.sh/stable/@necrodome/fireproof-clerk@0.0.3?external=react,react-dom,multiformats,@ipld/dag-cbor,@ipld/dag-json"
  }
}
