{
  "name": "GMAIL",
  "url": "https://mcp.aci.dev/virtual/mcp?server_name=GMAIL",
  "transport_type": "streamable_http",
  "description": "The Gmail API is a RESTful API that enables sending, reading, and managing emails. This integration allows sending emails on behalf of the user.",
  "logo": "https://raw.githubusercontent.com/aipotheosis-labs/aipolabs-icons/refs/heads/main/apps/gmail.svg",
  "categories": ["Communication"],
  "auth_configs": [
    {
      "type": "oauth2",
      "client_id": "{{ CLIENT_ID }}",
      "client_secret": "{{ CLIENT_SECRET }}",
      "scope": "https://mail.google.com/",
      "authorize_url": "https://accounts.google.com/o/oauth2/v2/auth",
      "access_token_url": "https://oauth2.googleapis.com/token",
      "refresh_token_url": "https://oauth2.googleapis.com/token"
    }
  ],
  "server_metadata": {
    "is_virtual_mcp_server": true
  }
}
