{
  "name": "LINKUP",
  "url": "https://mcp.linkup.so/sse",
  "transport_type": "sse",
  "description": "Linkup is a web search engine for AI apps. We connect your AI application to the internet. Our API provides grounding data to enrich your AI’s output and increase its precision, accuracy and factuality. Linkup is #1 in the world for factuality, scoring state-of-the-art results on OpenAI’s SimpleQA benchmark.",
  "logo": "https://raw.githubusercontent.com/aipotheosis-labs/aipolabs-icons/refs/heads/main/apps/linkup.svg",
  "categories": ["Search"],
  "auth_configs": [
    {
      "type": "api_key",
      "location": "header",
      "name": "Authorization",
      "prefix": "Bearer"
    }
  ],
  "server_metadata": {}
}
