[
  {
    "name": "LINKUP__SEARCH_WEB",
    "description": "Search the web in real time using Linkup. Use this tool whenever the user needs trusted facts, news, or source-backed information. Returns comprehensive content from the most relevant sources.",
    "tags": [],
    "tool_metadata": {
      "canonical_tool_name": "search-web",
      "canonical_tool_description_hash": "53f2aed70c5567b6681199cc34f0fb3753330ddc04d489a79ecb94a8f997c77c",
      "canonical_tool_input_schema_hash": "e603607b621064d67a8b9699efb16db6f6bfa042905f37f2c4ddd58dc5e9d2c0"
    },
    "input_schema": {
      "properties": {
        "depth": {
          "description": "The search depth to perform. Use 'standard' for queries with likely direct answers. Use 'deep' for complex queries requiring comprehensive analysis or multi-hop questions",
          "enum": ["standard", "deep"],
          "type": "string"
        },
        "query": {
          "description": "Natural language search query. Full questions work best, e.g., 'How does the new EU AI Act affect startups?'",
          "type": "string"
        }
      },
      "required": ["depth", "query"],
      "type": "object"
    }
  }
]
