{
  "name": "CODA",
  "url": "https://mcp.aci.dev/virtual/mcp?server_name=CODA",
  "transport_type": "streamable_http",
  "description": "Coda is a document editor that brings together documents, spreadsheets, and applications into a single flexible platform. It allows teams to collaborate in real-time, create interactive documents, and build custom workflows without coding.",
  "logo": "https://raw.githubusercontent.com/aipotheosis-labs/aipolabs-icons/refs/heads/main/apps/coda.svg",
  "categories": ["Document Management", "Productivity"],
  "auth_configs": [
    {
      "type": "api_key",
      "location": "header",
      "name": "Authorization",
      "prefix": "Bearer"
    }
  ],
  "server_metadata": {
    "is_virtual_mcp_server": true
  }
}
