[
  {
    "name": "BREEZY__GET_COMPANY",
    "description": "Retrieve the company information associated with the specified company ID",
    "tool_metadata": {
      "type": "rest",
      "method": "GET",
      "endpoint": "https://api.breezy.hr/v3/company/{company_id}"
    },
    "input_schema": {
      "type": "object",
      "properties": {
        "header": {
          "type": "object",
          "description": "Headers for the HTTP request",
          "properties": {
            "Content-Type": {
              "type": "string",
              "description": "Content-Type header",
              "default": "application/json"
            }
          },
          "additionalProperties": false,
          "required": [
            "Content-Type"
          ],
          "visible": []
        },
        "path": {
          "type": "object",
          "description": "Path parameters for the request",
          "properties": {
            "company_id": {
              "type": "string",
              "description": "Unique identifier for the company"
            }
          },
          "additionalProperties": false,
          "required": [
            "company_id"
          ],
          "visible": [
            "company_id"
          ]
        }
      },
      "additionalProperties": false,
      "required": [
        "header",
        "path"
      ],
      "visible": [
        "path"
      ]
    }
  },
  {
    "name": "BREEZY__GET_POSITIONS",
    "description": "Retrieve all positions for given company in given state (status)",
    "tool_metadata": {
      "type": "rest",
      "method": "GET",
      "endpoint": "https://api.breezy.hr/v3/company/{company_id}/positions"
    },
    "input_schema": {
      "type": "object",
      "properties": {
        "header": {
          "type": "object",
          "description": "Headers for the HTTP request",
          "properties": {
            "Content-Type": {
              "type": "string",
              "description": "Content-Type header",
              "default": "application/json"
            }
          },
          "additionalProperties": false,
          "required": [
            "Content-Type"
          ],
          "visible": []
        },
        "path": {
          "type": "object",
          "description": "Path parameters for the request",
          "properties": {
            "company_id": {
              "type": "string",
              "description": "Unique identifier for the company"
            }
          },
          "additionalProperties": false,
          "required": [
            "company_id"
          ],
          "visible": [
            "company_id"
          ]
        },
        "query": {
          "type": "object",
          "description": "Query parameters for the request",
          "properties": {
            "state": {
              "type": "string",
              "description": "Specify an optional position state filter. Default is published.",
              "enum": [
                "draft",
                "archived",
                "published",
                "closed",
                "pending"
              ],
              "default": "published"
            }
          },
          "additionalProperties": false,
          "required": [],
          "visible": [
            "state"
          ]
        }
      },
      "additionalProperties": false,
      "required": [
        "header",
        "path"
      ],
      "visible": [
        "path",
        "query"
      ]
    }
  },
  {
    "name": "BREEZY__GET_POSITION_BYID",
    "description": "Retrieve details for given position id",
    "tool_metadata": {
      "type": "rest",
      "method": "GET",
      "endpoint": "https://api.breezy.hr/v3/company/{company_id}/position/{position_id}"
    },
    "input_schema": {
      "type": "object",
      "properties": {
        "header": {
          "type": "object",
          "description": "Headers for the HTTP request",
          "properties": {
            "Content-Type": {
              "type": "string",
              "description": "Content-Type header",
              "default": "application/json"
            }
          },
          "additionalProperties": false,
          "required": [
            "Content-Type"
          ],
          "visible": []
        },
        "path": {
          "type": "object",
          "description": "Path parameters for the request",
          "properties": {
            "company_id": {
              "type": "string",
              "description": "Unique identifier for the company"
            },
            "position_id": {
              "type": "string",
              "description": "Unique identifier for the position"
            }
          },
          "additionalProperties": false,
          "required": [
            "company_id",
            "position_id"
          ],
          "visible": [
            "company_id",
            "position_id"
          ]
        }
      },
      "additionalProperties": false,
      "required": [
        "header",
        "path"
      ],
      "visible": [
        "path"
      ]
    }
  }
]
