{
  "name": "APALEO",
  "url": "https://mcp.aci.dev/virtual/mcp?server_name=APALEO",
  "transport_type": "streamable_http",
  "description": "The open platform for modern hospitality. Hotel and apartment businesses run more efficiently on Apaleo today and use innovative apps to be ready for tomorrow.",
  "logo": "https://raw.githubusercontent.com/aipotheosis-labs/aipolabs-icons/refs/heads/main/apps/apaleo.svg",
  "categories": ["Hospitality"],
  "auth_configs": [
    {
      "type": "api_key",
      "location": "header",
      "name": "Authorization",
      "prefix": "Bearer"
    }
  ],
  "server_metadata": {
    "is_virtual_mcp_server": true
  }
}
