{
  "name": "GOOGLE_DOCS",
  "url": "https://mcp.aci.dev/virtual/mcp?server_name=GOOGLE_DOCS",
  "transport_type": "streamable_http",
  "description": "The Google Docs API allows developers to create, read, and update Google Docs documents programmatically. It provides access to Google Docs through RESTful HTTP calls, including create, read and update the Google Docs document.",
  "logo": "https://raw.githubusercontent.com/aipotheosis-labs/aipolabs-icons/refs/heads/main/apps/google_docs.svg",
  "categories": ["Document Management"],
  "auth_configs": [
    {
      "type": "oauth2",
      "client_id": "{{ CLIENT_ID }}",
      "client_secret": "{{ CLIENT_SECRET }}",
      "scope": "https://www.googleapis.com/auth/documents",
      "authorize_url": "https://accounts.google.com/o/oauth2/v2/auth",
      "access_token_url": "https://oauth2.googleapis.com/token",
      "refresh_token_url": "https://oauth2.googleapis.com/token"
    }
  ],
  "server_metadata": {
    "is_virtual_mcp_server": true
  }
}
