[
  {
    "name": "GOOGLE_DOCS__DOCUMENTS_CREATE",
    "description": "Creates a blank document using the provided title.",
    "tags": [],
    "tool_metadata": {
      "canonical_tool_name": "DOCUMENTS_CREATE",
      "canonical_tool_description_hash": "f76831a36570e4dfdf200be838bd045724599be9b3bf49ca93f16cf378cf5cbf",
      "canonical_tool_input_schema_hash": "f54c872b8638ce166167723707eb44b2c8130ba992c92d4fcad12565b51e56be"
    },
    "input_schema": {
      "type": "object",
      "required": ["body"],
      "properties": {
        "body": {
          "type": "object",
          "required": ["title"],
          "properties": {
            "title": {
              "type": "string",
              "description": "The title of the document."
            }
          },
          "description": "Request body parameters",
          "additionalProperties": false
        }
      },
      "additionalProperties": false
    }
  },
  {
    "name": "GOOGLE_DOCS__DOCUMENTS_UPDATE",
    "description": "Applies one or more updates to a Google Document using the batchUpdate method. Only supports inserting text now.",
    "tags": [],
    "tool_metadata": {
      "canonical_tool_name": "DOCUMENTS_UPDATE",
      "canonical_tool_description_hash": "833bd2e7a92f05c51d82ac62823467977b49f28266fe445f4bb63314085e391d",
      "canonical_tool_input_schema_hash": "9f9bd0a24d1f08ec2732a3e315c7ba1214e66f5e0d858616d819e03e6b8a2d0c"
    },
    "input_schema": {
      "type": "object",
      "required": ["path", "body"],
      "properties": {
        "body": {
          "type": "object",
          "required": ["requests"],
          "properties": {
            "requests": {
              "type": "array",
              "items": {
                "type": "object",
                "properties": {
                  "insertText": {
                    "type": "object",
                    "visible": ["text"],
                    "required": ["location", "text"],
                    "properties": {
                      "text": {
                        "type": "string"
                      },
                      "location": {
                        "type": "object",
                        "required": ["index"],
                        "properties": {
                          "index": {
                            "type": "integer",
                            "default": 1,
                            "description": "The index at which to insert the text. The default is 1, so the text is inserted at the beginning of the document."
                          },
                          "tabId": {
                            "type": "string",
                            "description": "The ID of the tab to insert the text into."
                          },
                          "segmentId": {
                            "type": "string",
                            "description": "The ID of the header, footer, footnote, or endnote to insert the text into."
                          }
                        }
                      }
                    }
                  }
                }
              },
              "description": "A list of update requests to apply to the document."
            }
          },
          "description": "Request body parameters",
          "additionalProperties": false
        },
        "path": {
          "type": "object",
          "required": ["documentId"],
          "properties": {
            "documentId": {
              "type": "string",
              "description": "The ID of the Google Document to update."
            }
          },
          "description": "Path parameters for the request.",
          "additionalProperties": false
        }
      },
      "additionalProperties": false
    }
  },
  {
    "name": "GOOGLE_DOCS__DOCUMENTS_GET",
    "description": "Retrieves the latest version of the specified Google Document.",
    "tags": [],
    "tool_metadata": {
      "canonical_tool_name": "DOCUMENTS_GET",
      "canonical_tool_description_hash": "bb9d264fa9fa8f897ccd8dbca33aba94eb6b8248688e6bde9965b75f84ac0252",
      "canonical_tool_input_schema_hash": "fb3ab886226f3ff49bb494445ef5d6a84558fb27ecb5fe99bece1e466b5fde2e"
    },
    "input_schema": {
      "type": "object",
      "required": ["path"],
      "properties": {
        "path": {
          "type": "object",
          "required": ["documentId"],
          "properties": {
            "documentId": {
              "type": "string",
              "description": "The ID of the document to retrieve."
            }
          },
          "description": "Path parameters",
          "additionalProperties": false
        }
      },
      "additionalProperties": false
    }
  }
]
