{
  "name": "ATLASSIAN",
  "url": "https://mcp.atlassian.com/v1/sse",
  "transport_type": "sse",
  "description": "The Atlassian Rovo MCP Server is a cloud-based bridge between your Atlassian Cloud site and compatible external tools. Once configured, it enables those tools to interact with Jira, Compass, and Confluence data in real-time.",
  "logo": "https://raw.githubusercontent.com/aipotheosis-labs/aipolabs-icons/refs/heads/main/apps/atlassian.svg",
  "categories": ["Dev Tools", "Project Management", "Documentation"],
  "auth_configs": [
    {
      "type": "oauth2",
      "client_id": "{{ CLIENT_ID }}",
      "client_secret": "{{ CLIENT_SECRET }}",
      "scope": "",
      "authorize_url": "https://mcp.atlassian.com/v1/authorize",
      "access_token_url": "https://atlassian-remote-mcp-production.atlassian-remote-mcp-server-production.workers.dev/v1/token",
      "refresh_token_url": "https://atlassian-remote-mcp-production.atlassian-remote-mcp-server-production.workers.dev/v1/token"
    }
  ],
  "server_metadata": {}
}
