[
  {
    "name": "COGNITO_FORMS__GET_FORMS",
    "description": "Retrieves a list of all forms within the authenticated organization.",
    "tool_metadata": {
      "type": "rest",
      "method": "GET",
      "endpoint": "https://www.cognitoforms.com/api/forms"
    },
    "input_schema": {
      "type": "object",
      "properties": {
        "query": {
          "type": "object",
          "description": "Query parameters for filtering, sorting, and pagination.",
          "properties": {
            "filter": {
              "type": "string",
              "description": "OData-style filter expression to filter forms."
            },
            "orderby": {
              "type": "string",
              "description": "OData-style order expression to sort forms."
            },
            "top": {
              "type": "integer",
              "description": "Maximum number of forms to return."
            },
            "skip": {
              "type": "integer",
              "description": "Number of forms to skip before starting to collect the result set."
            }
          },
          "required": [],
          "visible": [
            "filter",
            "orderby",
            "top",
            "skip"
          ],
          "additionalProperties": false
        }
      },
      "required": [],
      "visible": [
        "query"
      ],
      "additionalProperties": false
    }
  },
  {
    "name": "COGNITO_FORMS__POST_FORM_ENTRIES",
    "description": "Creates a new entry for the specified form. The entry fields must match the form's expected structure.",
    "tool_metadata": {
      "type": "rest",
      "method": "POST",
      "endpoint": "https://www.cognitoforms.com/api/forms/{formId}/entries"
    },
    "input_schema": {
      "type": "object",
      "properties": {
        "path": {
          "type": "object",
          "description": "Path parameters",
          "properties": {
            "formId": {
              "type": "string",
              "description": "The ID of the form to which the entry will be submitted."
            }
          },
          "required": [
            "formId"
          ],
          "visible": [
            "formId"
          ],
          "additionalProperties": false
        },
        "header": {
          "type": "object",
          "description": "Header parameters.",
          "properties": {
            "Content-Type": {
              "type": "string",
              "description": "Content type header. Should be 'application/json'.",
              "default": "application/json"
            }
          },
          "required": [],
          "visible": [],
          "additionalProperties": false
        },
        "body": {
          "type": "object",
          "description": "The entry data to be submitted. Field names must match those defined in the form.",
          "properties": {
            "Name": {
              "type": "string",
              "description": "Example form field: Name of the person."
            },
            "Email": {
              "type": "string",
              "description": "Example form field: Email address."
            },
            "Phone": {
              "type": "string",
              "description": "Example form field: Contact number."
            }
          },
          "required": [],
          "visible": [
            "Name",
            "Email",
            "Phone"
          ],
          "additionalProperties": true
        }
      },
      "required": [
        "path",
        "header",
        "body"
      ],
      "visible": [
        "path",
        "body"
      ],
      "additionalProperties": false
    }
  },
  {
    "name": "COGNITO_FORMS__GET_FORM_ENTRY",
    "description": "Retrieves a single entry by its ID for a given form.",
    "tool_metadata": {
      "type": "rest",
      "method": "GET",
      "endpoint": "https://www.cognitoforms.com/api/forms/{formId}/entries/{entryId}"
    },
    "input_schema": {
      "type": "object",
      "properties": {
        "path": {
          "type": "object",
          "description": "Path parameters",
          "properties": {
            "formId": {
              "type": "string",
              "description": "The ID of the form containing the entry."
            },
            "entryId": {
              "type": "string",
              "description": "The ID of the entry to retrieve."
            }
          },
          "required": [
            "formId",
            "entryId"
          ],
          "visible": [
            "formId",
            "entryId"
          ],
          "additionalProperties": false
        },
        "header": {
          "type": "object",
          "description": "Header parameters.",
          "properties": {
            "Content-Type": {
              "type": "string",
              "description": "Content type header. Should be 'application/json'.",
              "default": "application/json"
            }
          },
          "required": [],
          "visible": [],
          "additionalProperties": false
        }
      },
      "required": [
        "path",
        "header"
      ],
      "visible": [
        "path"
      ],
      "additionalProperties": false
    }
  },
  {
    "name": "COGNITO_FORMS__DELETE_FORM_ENTRY",
    "description": "Deletes a specific entry by its ID from the given form.",
    "tool_metadata": {
      "type": "rest",
      "method": "DELETE",
      "endpoint": "https://www.cognitoforms.com/api/forms/{formId}/entries/{entryId}"
    },
    "input_schema": {
      "type": "object",
      "properties": {
        "path": {
          "type": "object",
          "description": "Path parameters for identifying the form and entry.",
          "properties": {
            "formId": {
              "type": "string",
              "description": "The ID of the form."
            },
            "entryId": {
              "type": "string",
              "description": "The ID of the entry to delete."
            }
          },
          "required": [
            "formId",
            "entryId"
          ],
          "visible": [
            "formId",
            "entryId"
          ],
          "additionalProperties": false
        },
        "header": {
          "type": "object",
          "description": "Header parameters.",
          "properties": {
            "Content-Type": {
              "type": "string",
              "description": "Content type header. Should be 'application/json'.",
              "default": "application/json"
            }
          },
          "required": [],
          "visible": [],
          "additionalProperties": false
        }
      },
      "required": [
        "path",
        "header"
      ],
      "visible": [
        "path"
      ],
      "additionalProperties": false
    }
  },
  {
    "name": "COGNITO_FORMS__PATCH_FORM_ENTRY",
    "description": "Updates an existing entry by its ID for a given form. Only the specified fields in the request body will be updated.",
    "tool_metadata": {
      "type": "rest",
      "method": "PATCH",
      "endpoint": "https://www.cognitoforms.com/api/forms/{formId}/entries/{entryId}"
    },
    "input_schema": {
      "type": "object",
      "properties": {
        "path": {
          "type": "object",
          "description": "Path parameters",
          "properties": {
            "formId": {
              "type": "string",
              "description": "The ID of the form containing the entry."
            },
            "entryId": {
              "type": "string",
              "description": "The ID of the entry to update."
            }
          },
          "required": [
            "formId",
            "entryId"
          ],
          "visible": [
            "formId",
            "entryId"
          ],
          "additionalProperties": false
        },
        "header": {
          "type": "object",
          "description": "Header parameters.",
          "properties": {
            "Content-Type": {
              "type": "string",
              "description": "Content type header. Should be 'application/json'.",
              "default": "application/json"
            }
          },
          "required": [],
          "visible": [],
          "additionalProperties": false
        },
        "body": {
          "type": "object",
          "description": "The entry data to be updated. Only include the fields that need to be updated.",
          "properties": {
            "Name": {
              "type": "string",
              "description": "Updated name of the person."
            },
            "Email": {
              "type": "string",
              "description": "Updated email address."
            },
            "Phone": {
              "type": "string",
              "description": "Updated contact number."
            }
          },
          "required": [],
          "visible": [
            "Name",
            "Email",
            "Phone"
          ],
          "additionalProperties": true
        }
      },
      "required": [
        "path",
        "header",
        "body"
      ],
      "visible": [
        "path",
        "body"
      ],
      "additionalProperties": false
    }
  }
]
