[
  {
    "name": "MICROSOFT_TEAMS__LIST_JOINED_TEAMS",
    "description": "Get the teams in Microsoft Teams that the user is a direct member of. This API doesn't return the host team of the shared channel that the user is a direct member of.",
    "tool_metadata": {
      "type": "rest",
      "method": "GET",
      "endpoint": "https://graph.microsoft.com/v1.0/me/joinedTeams"
    },
    "input_schema": {
      "type": "object",
      "properties": {
        "query": {
          "type": "object",
          "description": "Query parameters for customizing the response",
          "properties": {
            "$select": {
              "type": "string",
              "description": "Comma-separated list of properties to include (e.g., 'id,displayName,description')"
            },
            "$top": {
              "type": "integer",
              "description": "Maximum number of teams to return (default 20, max 999)"
            },
            "$skip": {
              "type": "integer",
              "description": "Number of teams to skip for pagination"
            },
            "$filter": {
              "type": "string",
              "description": "Filter expression to limit teams (e.g., \"displayName eq 'Project Team'\")"
            }
          },
          "required": [],
          "visible": [
            "$select",
            "$top",
            "$skip",
            "$filter"
          ],
          "additionalProperties": false
        }
      },
      "required": [],
      "visible": [
        "query"
      ],
      "additionalProperties": false
    }
  },
  {
    "name": "MICROSOFT_TEAMS__GET_TEAM",
    "description": "Get the properties and relationships of the specified team. This returns more detailed information about a team than the basic joined teams list.",
    "tool_metadata": {
      "type": "rest",
      "method": "GET",
      "endpoint": "https://graph.microsoft.com/v1.0/teams/{team_id}"
    },
    "input_schema": {
      "type": "object",
      "properties": {
        "path": {
          "type": "object",
          "description": "The path parameters",
          "properties": {
            "team_id": {
              "type": "string",
              "description": "The unique identifier of the team"
            }
          },
          "required": [
            "team_id"
          ],
          "visible": [
            "team_id"
          ],
          "additionalProperties": false
        },
        "query": {
          "type": "object",
          "description": "Query parameters for customizing the team details",
          "properties": {
            "$select": {
              "type": "string",
              "description": "Select specific properties like 'id,displayName,description,settings'"
            },
            "$expand": {
              "type": "string",
              "description": "Expand related entities like 'channels' or 'members'"
            }
          },
          "required": [],
          "visible": [
            "$select",
            "$expand"
          ],
          "additionalProperties": false
        }
      },
      "required": [
        "path"
      ],
      "visible": [
        "path",
        "query"
      ],
      "additionalProperties": false
    }
  },
  {
    "name": "MICROSOFT_TEAMS__LIST_TEAM_CHANNELS",
    "description": "Get the list of channels in a team. This allows you to see all channels within a specific team.",
    "tool_metadata": {
      "type": "rest",
      "method": "GET",
      "endpoint": "https://graph.microsoft.com/v1.0/teams/{team_id}/channels"
    },
    "input_schema": {
      "type": "object",
      "properties": {
        "path": {
          "type": "object",
          "description": "The path parameters",
          "properties": {
            "team_id": {
              "type": "string",
              "description": "The unique identifier of the team"
            }
          },
          "required": [
            "team_id"
          ],
          "visible": [
            "team_id"
          ],
          "additionalProperties": false
        },
        "query": {
          "type": "object",
          "description": "Query parameters for filtering and customizing the channel list",
          "properties": {
            "$select": {
              "type": "string",
              "description": "Comma-separated list of properties to include (e.g., 'id,displayName,description,membershipType')"
            },
            "$filter": {
              "type": "string",
              "description": "Filter expression to limit channels (e.g., \"membershipType eq 'standard'\")"
            },
            "$orderby": {
              "type": "string",
              "description": "Property to sort by with direction (e.g., 'displayName asc')"
            },
            "$top": {
              "type": "integer",
              "description": "Maximum number of channels to return"
            },
            "$skip": {
              "type": "integer",
              "description": "Number of channels to skip for pagination"
            }
          },
          "required": [],
          "visible": [
            "$select",
            "$filter",
            "$orderby",
            "$top",
            "$skip"
          ],
          "additionalProperties": false
        }
      },
      "required": [
        "path"
      ],
      "visible": [
        "path",
        "query"
      ],
      "additionalProperties": false
    }
  },
  {
    "name": "MICROSOFT_TEAMS__LIST_TEAM_MEMBERS",
    "description": "Get the members of a team. This returns all users who are part of the specified team.",
    "tool_metadata": {
      "type": "rest",
      "method": "GET",
      "endpoint": "https://graph.microsoft.com/v1.0/teams/{team_id}/members"
    },
    "input_schema": {
      "type": "object",
      "properties": {
        "path": {
          "type": "object",
          "description": "The path parameters",
          "properties": {
            "team_id": {
              "type": "string",
              "description": "The unique identifier of the team"
            }
          },
          "required": [
            "team_id"
          ],
          "visible": [
            "team_id"
          ],
          "additionalProperties": false
        },
        "query": {
          "type": "object",
          "description": "Query parameters for filtering and customizing the member list",
          "properties": {
            "$select": {
              "type": "string",
              "description": "Comma-separated list of properties to include (e.g., 'id,displayName,email,roles')"
            },
            "$filter": {
              "type": "string",
              "description": "Filter expression to limit members (e.g., \"roles/any(r:r eq 'owner')\")"
            },
            "$top": {
              "type": "integer",
              "description": "Maximum number of members to return"
            },
            "$skip": {
              "type": "integer",
              "description": "Number of members to skip for pagination"
            }
          },
          "required": [],
          "visible": [
            "$select",
            "$filter",
            "$top",
            "$skip"
          ],
          "additionalProperties": false
        }
      },
      "required": [
        "path"
      ],
      "visible": [
        "path",
        "query"
      ],
      "additionalProperties": false
    }
  },
  {
    "name": "MICROSOFT_TEAMS__LIST_CHANNEL_MESSAGES",
    "description": "Get the list of messages in a channel. This allows you to retrieve conversation messages from a specific team channel.",
    "tool_metadata": {
      "type": "rest",
      "method": "GET",
      "endpoint": "https://graph.microsoft.com/v1.0/teams/{team_id}/channels/{channel_id}/messages"
    },
    "input_schema": {
      "type": "object",
      "properties": {
        "path": {
          "type": "object",
          "description": "The path parameters",
          "properties": {
            "team_id": {
              "type": "string",
              "description": "The unique identifier of the team"
            },
            "channel_id": {
              "type": "string",
              "description": "The unique identifier of the channel"
            }
          },
          "required": [
            "team_id",
            "channel_id"
          ],
          "visible": [
            "team_id",
            "channel_id"
          ],
          "additionalProperties": false
        },
        "query": {
          "type": "object",
          "description": "Query parameters for filtering and customizing the message list",
          "properties": {
            "$select": {
              "type": "string",
              "description": "Comma-separated list of properties to include (e.g., 'id,body,from,createdDateTime')"
            },
            "$filter": {
              "type": "string",
              "description": "Filter expression to limit messages (e.g., \"from/user/displayName eq 'John Doe'\")"
            },
            "$orderby": {
              "type": "string",
              "description": "Property to sort by with direction (e.g., 'createdDateTime desc')"
            },
            "$top": {
              "type": "integer",
              "description": "Maximum number of messages to return (default 20, max 50)"
            },
            "$skip": {
              "type": "integer",
              "description": "Number of messages to skip for pagination"
            }
          },
          "required": [],
          "visible": [
            "$select",
            "$filter",
            "$orderby",
            "$top",
            "$skip"
          ],
          "additionalProperties": false
        }
      },
      "required": [
        "path"
      ],
      "visible": [
        "path",
        "query"
      ],
      "additionalProperties": false
    }
  },
  {
    "name": "MICROSOFT_TEAMS__SEND_CHANNEL_MESSAGE",
    "description": "Send a new message to a channel in a team. This allows posting messages to team channels.",
    "tool_metadata": {
      "type": "rest",
      "method": "POST",
      "endpoint": "https://graph.microsoft.com/v1.0/teams/{team_id}/channels/{channel_id}/messages"
    },
    "input_schema": {
      "type": "object",
      "properties": {
        "path": {
          "type": "object",
          "description": "The path parameters",
          "properties": {
            "team_id": {
              "type": "string",
              "description": "The unique identifier of the team"
            },
            "channel_id": {
              "type": "string",
              "description": "The unique identifier of the channel"
            }
          },
          "required": [
            "team_id",
            "channel_id"
          ],
          "visible": [
            "team_id",
            "channel_id"
          ],
          "additionalProperties": false
        },
        "body": {
          "type": "object",
          "description": "The message content to send",
          "properties": {
            "body": {
              "type": "object",
              "description": "The message body",
              "properties": {
                "contentType": {
                  "type": "string",
                  "description": "The content type of the message body",
                  "enum": [
                    "text",
                    "html"
                  ],
                  "default": "text"
                },
                "content": {
                  "type": "string",
                  "description": "The actual content of the message"
                }
              },
              "required": [
                "content"
              ],
              "visible": [
                "contentType",
                "content"
              ],
              "additionalProperties": false
            },
            "subject": {
              "type": "string",
              "description": "The subject of the message (optional)"
            }
          },
          "required": [
            "body"
          ],
          "visible": [
            "body",
            "subject"
          ],
          "additionalProperties": false
        }
      },
      "required": [
        "path",
        "body"
      ],
      "visible": [
        "path",
        "body"
      ],
      "additionalProperties": false
    }
  },
  {
    "name": "MICROSOFT_TEAMS__GET_CHANNEL",
    "description": "Get the properties and relationships of a channel in a team. This provides detailed information about a specific channel.",
    "tool_metadata": {
      "type": "rest",
      "method": "GET",
      "endpoint": "https://graph.microsoft.com/v1.0/teams/{team_id}/channels/{channel_id}"
    },
    "input_schema": {
      "type": "object",
      "properties": {
        "path": {
          "type": "object",
          "description": "The path parameters",
          "properties": {
            "team_id": {
              "type": "string",
              "description": "The unique identifier of the team"
            },
            "channel_id": {
              "type": "string",
              "description": "The unique identifier of the channel"
            }
          },
          "required": [
            "team_id",
            "channel_id"
          ],
          "visible": [
            "team_id",
            "channel_id"
          ],
          "additionalProperties": false
        },
        "query": {
          "type": "object",
          "description": "Query parameters for customizing the channel details",
          "properties": {
            "$select": {
              "type": "string",
              "description": "Select specific properties like 'id,displayName,description,membershipType'"
            },
            "$expand": {
              "type": "string",
              "description": "Expand related entities like 'members' or 'tabs'"
            }
          },
          "required": [],
          "visible": [
            "$select",
            "$expand"
          ],
          "additionalProperties": false
        }
      },
      "required": [
        "path"
      ],
      "visible": [
        "path",
        "query"
      ],
      "additionalProperties": false
    }
  },
  {
    "name": "MICROSOFT_TEAMS__CREATE_TEAM",
    "description": "Create a new team in Microsoft Teams. This allows creating a team with specified settings including name, description, visibility, and member permissions.",
    "tool_metadata": {
      "type": "rest",
      "method": "POST",
      "endpoint": "https://graph.microsoft.com/v1.0/teams"
    },
    "input_schema": {
      "type": "object",
      "properties": {
        "body": {
          "type": "object",
          "description": "The team configuration",
          "properties": {
            "template@odata.bind": {
              "type": "string",
              "default": "https://graph.microsoft.com/v1.0/teamsTemplates('standard')",
              "description": "The team template to use"
            },
            "displayName": {
              "type": "string",
              "description": "The name of the team"
            },
            "description": {
              "type": "string",
              "description": "The description of the team (optional)"
            },
            "visibility": {
              "type": "string",
              "enum": [
                "private",
                "public"
              ],
              "default": "private",
              "description": "Team visibility - private or public"
            }
          },
          "required": [
            "template@odata.bind",
            "displayName"
          ],
          "visible": [
            "template@odata.bind",
            "displayName",
            "description",
            "visibility"
          ],
          "additionalProperties": false
        }
      },
      "required": [
        "body"
      ],
      "visible": [
        "body"
      ],
      "additionalProperties": false
    }
  },
  {
    "name": "MICROSOFT_TEAMS__ADD_TEAM_MEMBER",
    "description": "Add a member to a team. This allows adding users to an existing team with specified roles.",
    "tool_metadata": {
      "type": "rest",
      "method": "POST",
      "endpoint": "https://graph.microsoft.com/v1.0/teams/{team_id}/members"
    },
    "input_schema": {
      "type": "object",
      "properties": {
        "path": {
          "type": "object",
          "description": "The path parameters",
          "properties": {
            "team_id": {
              "type": "string",
              "description": "The unique identifier of the team"
            }
          },
          "required": [
            "team_id"
          ],
          "visible": [
            "team_id"
          ],
          "additionalProperties": false
        },
        "body": {
          "type": "object",
          "description": "The member to add",
          "properties": {
            "@odata.type": {
              "type": "string",
              "default": "#microsoft.graph.aadUserConversationMember",
              "description": "The member type"
            },
            "user@odata.bind": {
              "type": "string",
              "description": "The user to add (format: https://graph.microsoft.com/v1.0/users/user-id or https://graph.microsoft.com/v1.0/users/user-email)"
            },
            "roles": {
              "type": "array",
              "items": {
                "type": "string",
                "enum": [
                  "owner",
                  "guest"
                ]
              },
              "default": [],
              "description": "The roles for the member. Use [] for basic members, ['owner'] for owners, ['guest'] for in-tenant guests. Out-of-tenant external members are assigned ['owner']."
            }
          },
          "required": [
            "@odata.type",
            "user@odata.bind"
          ],
          "visible": [
            "user@odata.bind",
            "roles"
          ],
          "additionalProperties": false
        }
      },
      "required": [
        "path",
        "body"
      ],
      "visible": [
        "path",
        "body"
      ],
      "additionalProperties": false
    }
  },
  {
    "name": "MICROSOFT_TEAMS__CREATE_CHANNEL",
    "description": "Create a new channel in a team. This allows creating standard or private channels within an existing team.",
    "tool_metadata": {
      "type": "rest",
      "method": "POST",
      "endpoint": "https://graph.microsoft.com/v1.0/teams/{team_id}/channels"
    },
    "input_schema": {
      "type": "object",
      "properties": {
        "path": {
          "type": "object",
          "description": "The path parameters",
          "properties": {
            "team_id": {
              "type": "string",
              "description": "The unique identifier of the team"
            }
          },
          "required": [
            "team_id"
          ],
          "visible": [
            "team_id"
          ],
          "additionalProperties": false
        },
        "body": {
          "type": "object",
          "description": "The channel to create",
          "properties": {
            "displayName": {
              "type": "string",
              "description": "The name of the channel"
            },
            "description": {
              "type": "string",
              "description": "The description of the channel (optional)"
            },
            "membershipType": {
              "type": "string",
              "enum": [
                "standard",
                "private"
              ],
              "default": "standard",
              "description": "The type of channel - standard or private"
            }
          },
          "required": [
            "displayName"
          ],
          "visible": [
            "displayName",
            "description",
            "membershipType"
          ],
          "additionalProperties": false
        }
      },
      "required": [
        "path",
        "body"
      ],
      "visible": [
        "path",
        "body"
      ],
      "additionalProperties": false
    }
  },
  {
    "name": "MICROSOFT_TEAMS__SEND_MESSAGE_REPLY",
    "description": "Send a reply to a message in a channel. This allows responding to existing messages in team channels.",
    "tool_metadata": {
      "type": "rest",
      "method": "POST",
      "endpoint": "https://graph.microsoft.com/v1.0/teams/{team_id}/channels/{channel_id}/messages/{message_id}/replies"
    },
    "input_schema": {
      "type": "object",
      "properties": {
        "path": {
          "type": "object",
          "description": "The path parameters",
          "properties": {
            "team_id": {
              "type": "string",
              "description": "The unique identifier of the team"
            },
            "channel_id": {
              "type": "string",
              "description": "The unique identifier of the channel"
            },
            "message_id": {
              "type": "string",
              "description": "The unique identifier of the message to reply to"
            }
          },
          "required": [
            "team_id",
            "channel_id",
            "message_id"
          ],
          "visible": [
            "team_id",
            "channel_id",
            "message_id"
          ],
          "additionalProperties": false
        },
        "body": {
          "type": "object",
          "description": "The reply message content",
          "properties": {
            "body": {
              "type": "object",
              "description": "The message body",
              "properties": {
                "contentType": {
                  "type": "string",
                  "description": "The content type of the message body",
                  "enum": [
                    "text",
                    "html"
                  ],
                  "default": "text"
                },
                "content": {
                  "type": "string",
                  "description": "The actual content of the reply"
                }
              },
              "required": [
                "content"
              ],
              "visible": [
                "contentType",
                "content"
              ],
              "additionalProperties": false
            }
          },
          "required": [
            "body"
          ],
          "visible": [
            "body"
          ],
          "additionalProperties": false
        }
      },
      "required": [
        "path",
        "body"
      ],
      "visible": [
        "path",
        "body"
      ],
      "additionalProperties": false
    }
  },
  {
    "name": "MICROSOFT_TEAMS__SEND_CHAT_MESSAGE",
    "description": "Send a direct message to a team member or in a chat. This allows sending private messages between team members.",
    "tool_metadata": {
      "type": "rest",
      "method": "POST",
      "endpoint": "https://graph.microsoft.com/v1.0/chats/{chat_id}/messages"
    },
    "input_schema": {
      "type": "object",
      "properties": {
        "path": {
          "type": "object",
          "description": "The path parameters",
          "properties": {
            "chat_id": {
              "type": "string",
              "description": "The unique identifier of the chat"
            }
          },
          "required": [
            "chat_id"
          ],
          "visible": [
            "chat_id"
          ],
          "additionalProperties": false
        },
        "body": {
          "type": "object",
          "description": "The message content to send",
          "properties": {
            "body": {
              "type": "object",
              "description": "The message body",
              "properties": {
                "contentType": {
                  "type": "string",
                  "description": "The content type of the message body",
                  "enum": [
                    "text",
                    "html"
                  ],
                  "default": "text"
                },
                "content": {
                  "type": "string",
                  "description": "The actual content of the message"
                }
              },
              "required": [
                "content"
              ],
              "visible": [
                "contentType",
                "content"
              ],
              "additionalProperties": false
            }
          },
          "required": [
            "body"
          ],
          "visible": [
            "body"
          ],
          "additionalProperties": false
        }
      },
      "required": [
        "path",
        "body"
      ],
      "visible": [
        "path",
        "body"
      ],
      "additionalProperties": false
    }
  },
  {
    "name": "MICROSOFT_TEAMS__LIST_MESSAGE_REPLIES",
    "description": "List all replies to a specific message in a channel. This allows viewing conversation threads and discussions.",
    "tool_metadata": {
      "type": "rest",
      "method": "GET",
      "endpoint": "https://graph.microsoft.com/v1.0/teams/{team_id}/channels/{channel_id}/messages/{message_id}/replies"
    },
    "input_schema": {
      "type": "object",
      "properties": {
        "path": {
          "type": "object",
          "description": "The path parameters",
          "properties": {
            "team_id": {
              "type": "string",
              "description": "The unique identifier of the team"
            },
            "channel_id": {
              "type": "string",
              "description": "The unique identifier of the channel"
            },
            "message_id": {
              "type": "string",
              "description": "The unique identifier of the message"
            }
          },
          "required": [
            "team_id",
            "channel_id",
            "message_id"
          ],
          "visible": [
            "team_id",
            "channel_id",
            "message_id"
          ],
          "additionalProperties": false
        },
        "query": {
          "type": "object",
          "description": "Query parameters for customizing the response",
          "properties": {
            "$select": {
              "type": "string",
              "description": "Comma-separated list of properties to include (e.g., 'id,body,from,createdDateTime')"
            },
            "$top": {
              "type": "integer",
              "description": "Maximum number of replies to return"
            },
            "$skip": {
              "type": "integer",
              "description": "Number of replies to skip for pagination"
            }
          },
          "required": [],
          "visible": [
            "$select",
            "$top",
            "$skip"
          ],
          "additionalProperties": false
        }
      },
      "required": [
        "path"
      ],
      "visible": [
        "path",
        "query"
      ],
      "additionalProperties": false
    }
  },
  {
    "name": "MICROSOFT_TEAMS__LIST_USER_CHATS",
    "description": "Get all chats that the user is part of. This includes one-on-one chats, group chats, and meeting chats.",
    "tool_metadata": {
      "type": "rest",
      "method": "GET",
      "endpoint": "https://graph.microsoft.com/v1.0/me/chats"
    },
    "input_schema": {
      "type": "object",
      "properties": {
        "query": {
          "type": "object",
          "description": "Query parameters for customizing the response",
          "properties": {
            "$select": {
              "type": "string",
              "description": "Comma-separated list of properties to include (e.g., 'id,topic,chatType,createdDateTime')"
            },
            "$top": {
              "type": "integer",
              "description": "Maximum number of chats to return"
            },
            "$skip": {
              "type": "integer",
              "description": "Number of chats to skip for pagination"
            },
            "$filter": {
              "type": "string",
              "description": "Filter expression to limit chats (e.g., \"chatType eq 'oneOnOne'\" or \"chatType eq 'group'\")"
            },
            "$orderby": {
              "type": "string",
              "description": "Property to sort by with direction (e.g., 'createdDateTime desc')"
            }
          },
          "required": [],
          "visible": [
            "$select",
            "$top",
            "$skip",
            "$filter",
            "$orderby"
          ],
          "additionalProperties": false
        }
      },
      "required": [],
      "visible": [
        "query"
      ],
      "additionalProperties": false
    }
  },
  {
    "name": "MICROSOFT_TEAMS__LIST_CHAT_MESSAGES",
    "description": "Get all messages in a specific chat. This allows viewing the conversation history in direct messages or group chats.",
    "tool_metadata": {
      "type": "rest",
      "method": "GET",
      "endpoint": "https://graph.microsoft.com/v1.0/chats/{chat_id}/messages"
    },
    "input_schema": {
      "type": "object",
      "properties": {
        "path": {
          "type": "object",
          "description": "The path parameters",
          "properties": {
            "chat_id": {
              "type": "string",
              "description": "The unique identifier of the chat"
            }
          },
          "required": [
            "chat_id"
          ],
          "visible": [
            "chat_id"
          ],
          "additionalProperties": false
        },
        "query": {
          "type": "object",
          "description": "Query parameters for customizing the response",
          "properties": {
            "$select": {
              "type": "string",
              "description": "Comma-separated list of properties to include (e.g., 'id,body,from,createdDateTime')"
            },
            "$top": {
              "type": "integer",
              "description": "Maximum number of messages to return"
            },
            "$skip": {
              "type": "integer",
              "description": "Number of messages to skip for pagination"
            },
            "$orderby": {
              "type": "string",
              "description": "Property to sort by with direction (e.g., 'createdDateTime desc')"
            }
          },
          "required": [],
          "visible": [
            "$select",
            "$top",
            "$orderby"
          ],
          "additionalProperties": false
        }
      },
      "required": [
        "path"
      ],
      "visible": [
        "path",
        "query"
      ],
      "additionalProperties": false
    }
  },
  {
    "name": "MICROSOFT_TEAMS__GET_CHAT_MESSAGE",
    "description": "Get a specific message from a chat. This allows retrieving detailed information about a particular chat message.",
    "tool_metadata": {
      "type": "rest",
      "method": "GET",
      "endpoint": "https://graph.microsoft.com/v1.0/chats/{chat_id}/messages/{message_id}"
    },
    "input_schema": {
      "type": "object",
      "properties": {
        "path": {
          "type": "object",
          "description": "The path parameters",
          "properties": {
            "chat_id": {
              "type": "string",
              "description": "The unique identifier of the chat"
            },
            "message_id": {
              "type": "string",
              "description": "The unique identifier of the message"
            }
          },
          "required": [
            "chat_id",
            "message_id"
          ],
          "visible": [
            "chat_id",
            "message_id"
          ],
          "additionalProperties": false
        },
        "query": {
          "type": "object",
          "description": "Query parameters for customizing the response",
          "properties": {
            "$select": {
              "type": "string",
              "description": "Comma-separated list of properties to include (e.g., 'id,body,from,createdDateTime,attachments')"
            },
            "$expand": {
              "type": "string",
              "description": "Expand related entities like 'replies'"
            }
          },
          "required": [],
          "visible": [
            "$select",
            "$expand"
          ],
          "additionalProperties": false
        }
      },
      "required": [
        "path"
      ],
      "visible": [
        "path",
        "query"
      ],
      "additionalProperties": false
    }
  },
  {
    "name": "MICROSOFT_TEAMS__DELETE_TEAM",
    "description": "Delete a team and its underlying Microsoft 365 group. This permanently removes the team and all its data.",
    "tool_metadata": {
      "type": "rest",
      "method": "DELETE",
      "endpoint": "https://graph.microsoft.com/v1.0/groups/{team_id}"
    },
    "input_schema": {
      "type": "object",
      "properties": {
        "path": {
          "type": "object",
          "description": "The path parameters",
          "properties": {
            "team_id": {
              "type": "string",
              "description": "The unique identifier of the team to delete"
            }
          },
          "required": [
            "team_id"
          ],
          "visible": [
            "team_id"
          ],
          "additionalProperties": false
        }
      },
      "required": [
        "path"
      ],
      "visible": [
        "path"
      ],
      "additionalProperties": false
    }
  },
  {
    "name": "MICROSOFT_TEAMS__UPDATE_TEAM",
    "description": "Update the properties of a team such as display name, description, and visibility settings.",
    "tool_metadata": {
      "type": "rest",
      "method": "PATCH",
      "endpoint": "https://graph.microsoft.com/v1.0/groups/{team_id}"
    },
    "input_schema": {
      "type": "object",
      "properties": {
        "path": {
          "type": "object",
          "description": "The path parameters",
          "properties": {
            "team_id": {
              "type": "string",
              "description": "The unique identifier of the team to update"
            }
          },
          "required": [
            "team_id"
          ],
          "visible": [
            "team_id"
          ],
          "additionalProperties": false
        },
        "body": {
          "type": "object",
          "description": "The team properties to update",
          "properties": {
            "displayName": {
              "type": "string",
              "description": "The updated name of the team"
            },
            "description": {
              "type": "string",
              "description": "The updated description of the team"
            },
            "visibility": {
              "type": "string",
              "enum": [
                "private",
                "public"
              ],
              "description": "The visibility of the team (private or public)"
            }
          },
          "required": [],
          "visible": [
            "displayName",
            "description",
            "visibility"
          ],
          "additionalProperties": false
        }
      },
      "required": [
        "path",
        "body"
      ],
      "visible": [
        "path",
        "body"
      ],
      "additionalProperties": false
    }
  },
  {
    "name": "MICROSOFT_TEAMS__ARCHIVE_TEAM",
    "description": "Archive a team. Archived teams are read-only and members cannot add new content, but existing content remains accessible.",
    "tool_metadata": {
      "type": "rest",
      "method": "POST",
      "endpoint": "https://graph.microsoft.com/v1.0/teams/{team_id}/archive"
    },
    "input_schema": {
      "type": "object",
      "properties": {
        "path": {
          "type": "object",
          "description": "The path parameters",
          "properties": {
            "team_id": {
              "type": "string",
              "description": "The unique identifier of the team to archive"
            }
          },
          "required": [
            "team_id"
          ],
          "visible": [
            "team_id"
          ],
          "additionalProperties": false
        },
        "body": {
          "type": "object",
          "description": "Archive options",
          "properties": {
            "shouldSetSpoSiteReadOnlyForMembers": {
              "type": "boolean",
              "default": false,
              "description": "Whether to make the SharePoint site read-only for members"
            }
          },
          "required": [],
          "visible": [
            "shouldSetSpoSiteReadOnlyForMembers"
          ],
          "additionalProperties": false
        }
      },
      "required": [
        "path"
      ],
      "visible": [
        "path",
        "body"
      ],
      "additionalProperties": false
    }
  },
  {
    "name": "MICROSOFT_TEAMS__UNARCHIVE_TEAM",
    "description": "Unarchive a team. This restores the team to an active state where members can add new content.",
    "tool_metadata": {
      "type": "rest",
      "method": "POST",
      "endpoint": "https://graph.microsoft.com/v1.0/teams/{team_id}/unarchive"
    },
    "input_schema": {
      "type": "object",
      "properties": {
        "path": {
          "type": "object",
          "description": "The path parameters",
          "properties": {
            "team_id": {
              "type": "string",
              "description": "The unique identifier of the team to unarchive"
            }
          },
          "required": [
            "team_id"
          ],
          "visible": [
            "team_id"
          ],
          "additionalProperties": false
        }
      },
      "required": [
        "path"
      ],
      "visible": [
        "path"
      ],
      "additionalProperties": false
    }
  },
  {
    "name": "MICROSOFT_TEAMS__UPDATE_CHANNEL_MESSAGE",
    "description": "Update an existing message in a team channel. This allows editing the content of previously sent channel messages.",
    "tool_metadata": {
      "type": "rest",
      "method": "PATCH",
      "endpoint": "https://graph.microsoft.com/v1.0/teams/{team_id}/channels/{channel_id}/messages/{message_id}"
    },
    "input_schema": {
      "type": "object",
      "properties": {
        "path": {
          "type": "object",
          "description": "The path parameters",
          "properties": {
            "team_id": {
              "type": "string",
              "description": "The unique identifier of the team"
            },
            "channel_id": {
              "type": "string",
              "description": "The unique identifier of the channel"
            },
            "message_id": {
              "type": "string",
              "description": "The unique identifier of the message to update"
            }
          },
          "required": [
            "team_id",
            "channel_id",
            "message_id"
          ],
          "visible": [
            "team_id",
            "channel_id",
            "message_id"
          ],
          "additionalProperties": false
        },
        "body": {
          "type": "object",
          "description": "The updated message content",
          "properties": {
            "body": {
              "type": "object",
              "description": "The message body",
              "properties": {
                "content": {
                  "type": "string",
                  "description": "The updated content of the message"
                },
                "contentType": {
                  "type": "string",
                  "enum": [
                    "text",
                    "html"
                  ],
                  "default": "text",
                  "description": "The content type of the message body"
                }
              },
              "required": [
                "content"
              ],
              "visible": [
                "content",
                "contentType"
              ],
              "additionalProperties": false
            }
          },
          "required": [
            "body"
          ],
          "visible": [
            "body"
          ],
          "additionalProperties": false
        }
      },
      "required": [
        "path",
        "body"
      ],
      "visible": [
        "path",
        "body"
      ],
      "additionalProperties": false
    }
  },
  {
    "name": "MICROSOFT_TEAMS__UPDATE_CHAT_MESSAGE",
    "description": "Update an existing message in a chat. This allows editing the content of previously sent chat messages.",
    "tool_metadata": {
      "type": "rest",
      "method": "PATCH",
      "endpoint": "https://graph.microsoft.com/v1.0/chats/{chat_id}/messages/{message_id}"
    },
    "input_schema": {
      "type": "object",
      "properties": {
        "path": {
          "type": "object",
          "description": "The path parameters",
          "properties": {
            "chat_id": {
              "type": "string",
              "description": "The unique identifier of the chat"
            },
            "message_id": {
              "type": "string",
              "description": "The unique identifier of the message to update"
            }
          },
          "required": [
            "chat_id",
            "message_id"
          ],
          "visible": [
            "chat_id",
            "message_id"
          ],
          "additionalProperties": false
        },
        "body": {
          "type": "object",
          "description": "The updated message content",
          "properties": {
            "body": {
              "type": "object",
              "description": "The message body",
              "properties": {
                "content": {
                  "type": "string",
                  "description": "The updated content of the message"
                },
                "contentType": {
                  "type": "string",
                  "enum": [
                    "text",
                    "html"
                  ],
                  "default": "text",
                  "description": "The content type of the message body"
                }
              },
              "required": [
                "content"
              ],
              "visible": [
                "content",
                "contentType"
              ],
              "additionalProperties": false
            }
          },
          "required": [
            "body"
          ],
          "visible": [
            "body"
          ],
          "additionalProperties": false
        }
      },
      "required": [
        "path",
        "body"
      ],
      "visible": [
        "path",
        "body"
      ],
      "additionalProperties": false
    }
  },
  {
    "name": "MICROSOFT_TEAMS__CREATE_CHAT",
    "description": "Create a new chat conversation. This allows starting one-on-one or group chats with specified members.",
    "tool_metadata": {
      "type": "rest",
      "method": "POST",
      "endpoint": "https://graph.microsoft.com/v1.0/chats"
    },
    "input_schema": {
      "type": "object",
      "properties": {
        "body": {
          "type": "object",
          "description": "The chat configuration",
          "properties": {
            "chatType": {
              "type": "string",
              "enum": [
                "oneOnOne",
                "group"
              ],
              "description": "The type of chat to create"
            },
            "topic": {
              "type": "string",
              "description": "The topic/name of the chat (for group chats)"
            },
            "members": {
              "type": "array",
              "description": "Array of chat members. For oneOnOne chats, exactly 2 members required. For group chats, 2 or more members required.",
              "items": {
                "type": "object",
                "properties": {
                  "@odata.type": {
                    "type": "string",
                    "default": "#microsoft.graph.aadUserConversationMember",
                    "description": "The OData type for the member"
                  },
                  "roles": {
                    "type": "array",
                    "items": {
                      "type": "string"
                    },
                    "default": [
                      "owner"
                    ],
                    "description": "The roles for this member. Use [] for basic members, ['owner'] for owners, ['guest'] for in-tenant guests. Out-of-tenant external members are assigned ['owner']."
                  },
                  "user": {
                    "type": "object",
                    "description": "The user information",
                    "properties": {
                      "id": {
                        "type": "string",
                        "description": "The user ID (GUID format)"
                      }
                    },
                    "required": [
                      "id"
                    ],
                    "visible": [
                      "id"
                    ],
                    "additionalProperties": false
                  }
                },
                "required": [
                  "@odata.type",
                  "user"
                ],
                "visible": [
                  "@odata.type",
                  "roles",
                  "user"
                ],
                "additionalProperties": false
              }
            }
          },
          "required": [
            "chatType",
            "members"
          ],
          "visible": [
            "chatType",
            "topic",
            "members"
          ],
          "additionalProperties": false
        }
      },
      "required": [
        "body"
      ],
      "visible": [
        "body"
      ],
      "additionalProperties": false
    }
  },
  {
    "name": "MICROSOFT_TEAMS__REMOVE_TEAM_MEMBER",
    "description": "Remove a member from a team. This allows removing users from team membership.",
    "tool_metadata": {
      "type": "rest",
      "method": "DELETE",
      "endpoint": "https://graph.microsoft.com/v1.0/teams/{team_id}/members/{member_id}"
    },
    "input_schema": {
      "type": "object",
      "properties": {
        "path": {
          "type": "object",
          "description": "The path parameters",
          "properties": {
            "team_id": {
              "type": "string",
              "description": "The unique identifier of the team"
            },
            "member_id": {
              "type": "string",
              "description": "The unique identifier of the member to remove"
            }
          },
          "required": [
            "team_id",
            "member_id"
          ],
          "visible": [
            "team_id",
            "member_id"
          ],
          "additionalProperties": false
        }
      },
      "required": [
        "path"
      ],
      "visible": [
        "path"
      ],
      "additionalProperties": false
    }
  },
  {
    "name": "MICROSOFT_TEAMS__UPDATE_TEAM_MEMBER",
    "description": "Update a team member's role (e.g., promote to owner or demote to member). This allows changing member permissions within a team.",
    "tool_metadata": {
      "type": "rest",
      "method": "PATCH",
      "endpoint": "https://graph.microsoft.com/v1.0/teams/{team_id}/members/{member_id}"
    },
    "input_schema": {
      "type": "object",
      "properties": {
        "path": {
          "type": "object",
          "description": "The path parameters",
          "properties": {
            "team_id": {
              "type": "string",
              "description": "The unique identifier of the team"
            },
            "member_id": {
              "type": "string",
              "description": "The unique identifier of the member to update"
            }
          },
          "required": [
            "team_id",
            "member_id"
          ],
          "visible": [
            "team_id",
            "member_id"
          ],
          "additionalProperties": false
        },
        "body": {
          "type": "object",
          "description": "The member role update",
          "properties": {
            "@odata.type": {
              "type": "string",
              "default": "#microsoft.graph.aadUserConversationMember",
              "description": "The type of conversation member"
            },
            "roles": {
              "type": "array",
              "items": {
                "type": "string",
                "enum": [
                  "owner",
                  "guest"
                ]
              },
              "description": "Array of roles for the member. Use [] for basic members, ['owner'] for owners, ['guest'] for in-tenant guests. Out-of-tenant external members are assigned ['owner']."
            }
          },
          "required": [
            "@odata.type",
            "roles"
          ],
          "visible": [
            "@odata.type",
            "roles"
          ],
          "additionalProperties": false
        }
      },
      "required": [
        "path",
        "body"
      ],
      "visible": [
        "path",
        "body"
      ],
      "additionalProperties": false
    }
  },
  {
    "name": "MICROSOFT_TEAMS__UPDATE_CHANNEL",
    "description": "Update the properties of a channel such as display name, description, or member settings.",
    "tool_metadata": {
      "type": "rest",
      "method": "PATCH",
      "endpoint": "https://graph.microsoft.com/v1.0/teams/{team_id}/channels/{channel_id}"
    },
    "input_schema": {
      "type": "object",
      "properties": {
        "path": {
          "type": "object",
          "description": "The path parameters",
          "properties": {
            "team_id": {
              "type": "string",
              "description": "The unique identifier of the team"
            },
            "channel_id": {
              "type": "string",
              "description": "The unique identifier of the channel to update"
            }
          },
          "required": [
            "team_id",
            "channel_id"
          ],
          "visible": [
            "team_id",
            "channel_id"
          ],
          "additionalProperties": false
        },
        "body": {
          "type": "object",
          "description": "The channel properties to update",
          "properties": {
            "displayName": {
              "type": "string",
              "description": "The updated name of the channel"
            },
            "description": {
              "type": "string",
              "description": "The updated description of the channel"
            }
          },
          "required": [],
          "visible": [
            "displayName",
            "description"
          ],
          "additionalProperties": false
        }
      },
      "required": [
        "path",
        "body"
      ],
      "visible": [
        "path",
        "body"
      ],
      "additionalProperties": false
    }
  },
  {
    "name": "MICROSOFT_TEAMS__DELETE_CHANNEL",
    "description": "Delete a channel from a team. Note: This cannot be used to delete the General channel.",
    "tool_metadata": {
      "type": "rest",
      "method": "DELETE",
      "endpoint": "https://graph.microsoft.com/v1.0/teams/{team_id}/channels/{channel_id}"
    },
    "input_schema": {
      "type": "object",
      "properties": {
        "path": {
          "type": "object",
          "description": "The path parameters",
          "properties": {
            "team_id": {
              "type": "string",
              "description": "The unique identifier of the team"
            },
            "channel_id": {
              "type": "string",
              "description": "The unique identifier of the channel to delete"
            }
          },
          "required": [
            "team_id",
            "channel_id"
          ],
          "visible": [
            "team_id",
            "channel_id"
          ],
          "additionalProperties": false
        }
      },
      "required": [
        "path"
      ],
      "visible": [
        "path"
      ],
      "additionalProperties": false
    }
  },
  {
    "name": "MICROSOFT_TEAMS__LIST_CHAT_MEMBERS",
    "description": "List all members of a chat conversation. This shows who is participating in the chat.",
    "tool_metadata": {
      "type": "rest",
      "method": "GET",
      "endpoint": "https://graph.microsoft.com/v1.0/chats/{chat_id}/members"
    },
    "input_schema": {
      "type": "object",
      "properties": {
        "path": {
          "type": "object",
          "description": "The path parameters",
          "properties": {
            "chat_id": {
              "type": "string",
              "description": "The unique identifier of the chat"
            }
          },
          "required": [
            "chat_id"
          ],
          "visible": [
            "chat_id"
          ],
          "additionalProperties": false
        },
        "query": {
          "type": "object",
          "description": "Query parameters for customizing the response",
          "properties": {
            "$select": {
              "type": "string",
              "description": "Comma-separated list of properties to include (e.g., 'id,displayName,email')"
            },
            "$top": {
              "type": "integer",
              "description": "Maximum number of members to return"
            }
          },
          "required": [],
          "visible": [
            "$select",
            "$top"
          ],
          "additionalProperties": false
        }
      },
      "required": [
        "path"
      ],
      "visible": [
        "path",
        "query"
      ],
      "additionalProperties": false
    }
  },
  {
    "name": "MICROSOFT_TEAMS__ADD_CHAT_MEMBER",
    "description": "Add a member to a group chat. This allows adding new participants to existing chat conversations.",
    "tool_metadata": {
      "type": "rest",
      "method": "POST",
      "endpoint": "https://graph.microsoft.com/v1.0/chats/{chat_id}/members"
    },
    "input_schema": {
      "type": "object",
      "properties": {
        "path": {
          "type": "object",
          "description": "The path parameters",
          "properties": {
            "chat_id": {
              "type": "string",
              "description": "The unique identifier of the chat"
            }
          },
          "required": [
            "chat_id"
          ],
          "visible": [
            "chat_id"
          ],
          "additionalProperties": false
        },
        "body": {
          "type": "object",
          "description": "The member to add to the chat",
          "properties": {
            "@odata.type": {
              "type": "string",
              "default": "#microsoft.graph.aadUserConversationMember",
              "description": "The type of conversation member"
            },
            "roles": {
              "type": "array",
              "items": {
                "type": "string"
              },
              "default": [
                "owner"
              ],
              "description": "Roles for the member in the chat. Use [] for basic members, ['owner'] for owners, ['guest'] for in-tenant guests. Out-of-tenant external members are assigned ['owner']."
            },
            "user@odata.bind": {
              "type": "string",
              "description": "The user reference in format: https://graph.microsoft.com/v1.0/users/USER_ID"
            }
          },
          "required": [
            "@odata.type",
            "user@odata.bind"
          ],
          "visible": [
            "@odata.type",
            "roles",
            "user@odata.bind"
          ],
          "additionalProperties": false
        }
      },
      "required": [
        "path",
        "body"
      ],
      "visible": [
        "path",
        "body"
      ],
      "additionalProperties": false
    }
  },
  {
    "name": "MICROSOFT_TEAMS__REMOVE_CHAT_MEMBER",
    "description": "Remove a member from a group chat. This allows removing participants from chat conversations.",
    "tool_metadata": {
      "type": "rest",
      "method": "DELETE",
      "endpoint": "https://graph.microsoft.com/v1.0/chats/{chat_id}/members/{member_id}"
    },
    "input_schema": {
      "type": "object",
      "properties": {
        "path": {
          "type": "object",
          "description": "The path parameters",
          "properties": {
            "chat_id": {
              "type": "string",
              "description": "The unique identifier of the chat"
            },
            "member_id": {
              "type": "string",
              "description": "The unique identifier of the member to remove"
            }
          },
          "required": [
            "chat_id",
            "member_id"
          ],
          "visible": [
            "chat_id",
            "member_id"
          ],
          "additionalProperties": false
        }
      },
      "required": [
        "path"
      ],
      "visible": [
        "path"
      ],
      "additionalProperties": false
    }
  },
  {
    "name": "MICROSOFT_TEAMS__SOFT_DELETE_CHANNEL_MESSAGE",
    "description": "Soft delete a message in a channel. This allows safely removing messages with the ability to restore them later.",
    "tool_metadata": {
      "type": "rest",
      "method": "POST",
      "endpoint": "https://graph.microsoft.com/v1.0/teams/{team_id}/channels/{channel_id}/messages/{message_id}/softDelete"
    },
    "input_schema": {
      "type": "object",
      "properties": {
        "path": {
          "type": "object",
          "description": "The path parameters",
          "properties": {
            "team_id": {
              "type": "string",
              "description": "The unique identifier of the team"
            },
            "channel_id": {
              "type": "string",
              "description": "The unique identifier of the channel"
            },
            "message_id": {
              "type": "string",
              "description": "The unique identifier of the message to soft delete"
            }
          },
          "required": [
            "team_id",
            "channel_id",
            "message_id"
          ],
          "visible": [
            "team_id",
            "channel_id",
            "message_id"
          ],
          "additionalProperties": false
        }
      },
      "required": [
        "path"
      ],
      "visible": [
        "path"
      ],
      "additionalProperties": false
    }
  },
  {
    "name": "MICROSOFT_TEAMS__UNDO_SOFT_DELETE_CHANNEL_MESSAGE",
    "description": "Undo soft deletion of a message in a channel. This restores a previously soft-deleted message.",
    "tool_metadata": {
      "type": "rest",
      "method": "POST",
      "endpoint": "https://graph.microsoft.com/v1.0/teams/{team_id}/channels/{channel_id}/messages/{message_id}/undoSoftDelete"
    },
    "input_schema": {
      "type": "object",
      "properties": {
        "path": {
          "type": "object",
          "description": "The path parameters",
          "properties": {
            "team_id": {
              "type": "string",
              "description": "The unique identifier of the team"
            },
            "channel_id": {
              "type": "string",
              "description": "The unique identifier of the channel"
            },
            "message_id": {
              "type": "string",
              "description": "The unique identifier of the message to restore"
            }
          },
          "required": [
            "team_id",
            "channel_id",
            "message_id"
          ],
          "visible": [
            "team_id",
            "channel_id",
            "message_id"
          ],
          "additionalProperties": false
        }
      },
      "required": [
        "path"
      ],
      "visible": [
        "path"
      ],
      "additionalProperties": false
    }
  },
  {
    "name": "MICROSOFT_TEAMS__SET_CHANNEL_MESSAGE_REACTION",
    "description": "Add a reaction (emoji) to a channel message. This allows users to react to messages with emojis.",
    "tool_metadata": {
      "type": "rest",
      "method": "POST",
      "endpoint": "https://graph.microsoft.com/v1.0/teams/{team_id}/channels/{channel_id}/messages/{message_id}/setReaction"
    },
    "input_schema": {
      "type": "object",
      "properties": {
        "path": {
          "type": "object",
          "description": "The path parameters",
          "properties": {
            "team_id": {
              "type": "string",
              "description": "The unique identifier of the team"
            },
            "channel_id": {
              "type": "string",
              "description": "The unique identifier of the channel"
            },
            "message_id": {
              "type": "string",
              "description": "The unique identifier of the message to react to"
            }
          },
          "required": [
            "team_id",
            "channel_id",
            "message_id"
          ],
          "visible": [
            "team_id",
            "channel_id",
            "message_id"
          ],
          "additionalProperties": false
        },
        "body": {
          "type": "object",
          "description": "The reaction to add",
          "properties": {
            "reactionType": {
              "type": "string",
              "description": "The emoji reaction as unicode (e.g., '\ud83d\udc4d', '\u2764\ufe0f', '\ud83d\ude00')"
            }
          },
          "required": [
            "reactionType"
          ],
          "visible": [
            "reactionType"
          ],
          "additionalProperties": false
        }
      },
      "required": [
        "path",
        "body"
      ],
      "visible": [
        "path",
        "body"
      ],
      "additionalProperties": false
    }
  },
  {
    "name": "MICROSOFT_TEAMS__UNSET_CHANNEL_MESSAGE_REACTION",
    "description": "Remove a reaction (emoji) from a channel message. This allows users to remove their emoji reactions.",
    "tool_metadata": {
      "type": "rest",
      "method": "POST",
      "endpoint": "https://graph.microsoft.com/v1.0/teams/{team_id}/channels/{channel_id}/messages/{message_id}/unsetReaction"
    },
    "input_schema": {
      "type": "object",
      "properties": {
        "path": {
          "type": "object",
          "description": "The path parameters",
          "properties": {
            "team_id": {
              "type": "string",
              "description": "The unique identifier of the team"
            },
            "channel_id": {
              "type": "string",
              "description": "The unique identifier of the channel"
            },
            "message_id": {
              "type": "string",
              "description": "The unique identifier of the message to remove reaction from"
            }
          },
          "required": [
            "team_id",
            "channel_id",
            "message_id"
          ],
          "visible": [
            "team_id",
            "channel_id",
            "message_id"
          ],
          "additionalProperties": false
        },
        "body": {
          "type": "object",
          "description": "The reaction to remove",
          "properties": {
            "reactionType": {
              "type": "string",
              "description": "The emoji reaction to remove as unicode (e.g., '\ud83d\udc4d', '\u2764\ufe0f', '\ud83d\ude00')"
            }
          },
          "required": [
            "reactionType"
          ],
          "visible": [
            "reactionType"
          ],
          "additionalProperties": false
        }
      },
      "required": [
        "path",
        "body"
      ],
      "visible": [
        "path",
        "body"
      ],
      "additionalProperties": false
    }
  },
  {
    "name": "MICROSOFT_TEAMS__SET_CHAT_MESSAGE_REACTION",
    "description": "Add a reaction (emoji) to a chat message. This allows users to react to messages with emojis.",
    "tool_metadata": {
      "type": "rest",
      "method": "POST",
      "endpoint": "https://graph.microsoft.com/v1.0/chats/{chat_id}/messages/{message_id}/setReaction"
    },
    "input_schema": {
      "type": "object",
      "properties": {
        "path": {
          "type": "object",
          "description": "The path parameters",
          "properties": {
            "chat_id": {
              "type": "string",
              "description": "The unique identifier of the chat"
            },
            "message_id": {
              "type": "string",
              "description": "The unique identifier of the message to react to"
            }
          },
          "required": [
            "chat_id",
            "message_id"
          ],
          "visible": [
            "chat_id",
            "message_id"
          ],
          "additionalProperties": false
        },
        "body": {
          "type": "object",
          "description": "The reaction to add",
          "properties": {
            "reactionType": {
              "type": "string",
              "description": "The emoji reaction as unicode (e.g., '\ud83d\udc4d', '\u2764\ufe0f', '\ud83d\ude00')"
            }
          },
          "required": [
            "reactionType"
          ],
          "visible": [
            "reactionType"
          ],
          "additionalProperties": false
        }
      },
      "required": [
        "path",
        "body"
      ],
      "visible": [
        "path",
        "body"
      ],
      "additionalProperties": false
    }
  },
  {
    "name": "MICROSOFT_TEAMS__UNSET_CHAT_MESSAGE_REACTION",
    "description": "Remove a reaction (emoji) from a chat message. This allows users to remove their emoji reactions.",
    "tool_metadata": {
      "type": "rest",
      "method": "POST",
      "endpoint": "https://graph.microsoft.com/v1.0/chats/{chat_id}/messages/{message_id}/unsetReaction"
    },
    "input_schema": {
      "type": "object",
      "properties": {
        "path": {
          "type": "object",
          "description": "The path parameters",
          "properties": {
            "chat_id": {
              "type": "string",
              "description": "The unique identifier of the chat"
            },
            "message_id": {
              "type": "string",
              "description": "The unique identifier of the message to remove reaction from"
            }
          },
          "required": [
            "chat_id",
            "message_id"
          ],
          "visible": [
            "chat_id",
            "message_id"
          ],
          "additionalProperties": false
        },
        "body": {
          "type": "object",
          "description": "The reaction to remove",
          "properties": {
            "reactionType": {
              "type": "string",
              "description": "The emoji reaction to remove as unicode (e.g., '\ud83d\udc4d', '\u2764\ufe0f', '\ud83d\ude00')"
            }
          },
          "required": [
            "reactionType"
          ],
          "visible": [
            "reactionType"
          ],
          "additionalProperties": false
        }
      },
      "required": [
        "path",
        "body"
      ],
      "visible": [
        "path",
        "body"
      ],
      "additionalProperties": false
    }
  },
  {
    "name": "MICROSOFT_TEAMS__SOFT_DELETE_CHAT_MESSAGE",
    "description": "Soft delete a message in a chat using the correct Microsoft Graph API endpoint. This allows safely removing chat messages with the ability to restore them later.",
    "tool_metadata": {
      "type": "rest",
      "method": "POST",
      "endpoint": "https://graph.microsoft.com/v1.0/users/me/chats/{chat_id}/messages/{message_id}/softDelete"
    },
    "input_schema": {
      "type": "object",
      "properties": {
        "path": {
          "type": "object",
          "description": "The path parameters",
          "properties": {
            "chat_id": {
              "type": "string",
              "description": "The unique identifier of the chat"
            },
            "message_id": {
              "type": "string",
              "description": "The unique identifier of the message to soft delete"
            }
          },
          "required": [
            "chat_id",
            "message_id"
          ],
          "visible": [
            "chat_id",
            "message_id"
          ],
          "additionalProperties": false
        }
      },
      "required": [
        "path"
      ],
      "visible": [
        "path"
      ],
      "additionalProperties": false
    }
  },
  {
    "name": "MICROSOFT_TEAMS__SOFT_DELETE_REPLY_MESSAGE",
    "description": "Soft delete a reply message in a channel thread. This allows safely removing reply messages with the ability to restore them later.",
    "tool_metadata": {
      "type": "rest",
      "method": "POST",
      "endpoint": "https://graph.microsoft.com/v1.0/teams/{team_id}/channels/{channel_id}/messages/{message_id}/replies/{reply_id}/softDelete"
    },
    "input_schema": {
      "type": "object",
      "properties": {
        "path": {
          "type": "object",
          "description": "The path parameters",
          "properties": {
            "team_id": {
              "type": "string",
              "description": "The unique identifier of the team"
            },
            "channel_id": {
              "type": "string",
              "description": "The unique identifier of the channel"
            },
            "message_id": {
              "type": "string",
              "description": "The unique identifier of the parent message"
            },
            "reply_id": {
              "type": "string",
              "description": "The unique identifier of the reply to soft delete"
            }
          },
          "required": [
            "team_id",
            "channel_id",
            "message_id",
            "reply_id"
          ],
          "visible": [
            "team_id",
            "channel_id",
            "message_id",
            "reply_id"
          ],
          "additionalProperties": false
        }
      },
      "required": [
        "path"
      ],
      "visible": [
        "path"
      ],
      "additionalProperties": false
    }
  },
  {
    "name": "MICROSOFT_TEAMS__UNDO_SOFT_DELETE_CHAT_MESSAGE",
    "description": "Undo soft deletion of a message in a chat using the correct Microsoft Graph API endpoint. This restores a previously soft-deleted chat message.",
    "tool_metadata": {
      "type": "rest",
      "method": "POST",
      "endpoint": "https://graph.microsoft.com/v1.0/users/me/chats/{chat_id}/messages/{message_id}/undoSoftDelete"
    },
    "input_schema": {
      "type": "object",
      "properties": {
        "path": {
          "type": "object",
          "description": "The path parameters",
          "properties": {
            "chat_id": {
              "type": "string",
              "description": "The unique identifier of the chat"
            },
            "message_id": {
              "type": "string",
              "description": "The unique identifier of the message to restore"
            }
          },
          "required": [
            "chat_id",
            "message_id"
          ],
          "visible": [
            "chat_id",
            "message_id"
          ],
          "additionalProperties": false
        }
      },
      "required": [
        "path"
      ],
      "visible": [
        "path"
      ],
      "additionalProperties": false
    }
  },
  {
    "name": "MICROSOFT_TEAMS__UNDO_SOFT_DELETE_REPLY_MESSAGE",
    "description": "Undo soft deletion of a reply message in a channel thread. This restores a previously soft-deleted reply message.",
    "tool_metadata": {
      "type": "rest",
      "method": "POST",
      "endpoint": "https://graph.microsoft.com/v1.0/teams/{team_id}/channels/{channel_id}/messages/{message_id}/replies/{reply_id}/undoSoftDelete"
    },
    "input_schema": {
      "type": "object",
      "properties": {
        "path": {
          "type": "object",
          "description": "The path parameters",
          "properties": {
            "team_id": {
              "type": "string",
              "description": "The unique identifier of the team"
            },
            "channel_id": {
              "type": "string",
              "description": "The unique identifier of the channel"
            },
            "message_id": {
              "type": "string",
              "description": "The unique identifier of the parent message"
            },
            "reply_id": {
              "type": "string",
              "description": "The unique identifier of the reply to restore"
            }
          },
          "required": [
            "team_id",
            "channel_id",
            "message_id",
            "reply_id"
          ],
          "visible": [
            "team_id",
            "channel_id",
            "message_id",
            "reply_id"
          ],
          "additionalProperties": false
        }
      },
      "required": [
        "path"
      ],
      "visible": [
        "path"
      ],
      "additionalProperties": false
    }
  }
]
