{
  "name": "ETHERSCAN",
  "url": "https://mcp.etherscan.io/mcp",
  "transport_type": "streamable_http",
  "description": "Etherscan is a blockchain explorer and analytics platform for Ethereum and other EVM-compatible blockchains. It provides real-time transaction data, token information, and network statistics to help users track and analyze blockchain activity.",
  "logo": "https://raw.githubusercontent.com/aipotheosis-labs/aipolabs-icons/refs/heads/main/apps/etherscan.svg",
  "categories": ["Blockchain"],
  "auth_configs": [
    {
      "type": "api_key",
      "location": "header",
      "name": "Authorization",
      "prefix": "Bearer"
    }
  ],
  "server_metadata": {}
}
