[
  {
    "name": "ETHERSCAN__RESOLVEENS",
    "description": "Resolve an ENS name to its address",
    "tags": [],
    "tool_metadata": {
      "canonical_tool_name": "resolveENS",
      "canonical_tool_description_hash": "5af6a2854c93d0bc4f074dc1776fa5ec3ccbaec968d63c51578a9dc23a36cdb9",
      "canonical_tool_input_schema_hash": "f0faaf462713db1110477e811a003510eacecc2b011247d2a1b6357c85394e6a"
    },
    "input_schema": {
      "type": "object",
      "properties": {
        "name": {
          "type": "string"
        }
      },
      "required": ["name"],
      "additionalProperties": false,
      "$schema": "http://json-schema.org/draft-07/schema#"
    }
  },
  {
    "name": "ETHERSCAN__BALANCE",
    "description": "Get ETH balance for a wallet address using the Etherscan API",
    "tags": [],
    "tool_metadata": {
      "canonical_tool_name": "balance",
      "canonical_tool_description_hash": "3d1c4a757b18af5e15b7d3f21b24674b2361c0546e3ea4a797909d99ff950ab9",
      "canonical_tool_input_schema_hash": "2b9ac8256aa250e64b62f0b28ab45ea48ed4b571a9d6a1c619b94a7e22b40f36"
    },
    "input_schema": {
      "type": "object",
      "properties": {
        "address": {
          "type": "string"
        },
        "chainid": {
          "type": "number"
        }
      },
      "required": ["address"],
      "additionalProperties": false,
      "$schema": "http://json-schema.org/draft-07/schema#"
    }
  },
  {
    "name": "ETHERSCAN__BALANCEERC20",
    "description": "Get current ERC-20 token balance for an address (token smallest units).",
    "tags": [],
    "tool_metadata": {
      "canonical_tool_name": "balanceERC20",
      "canonical_tool_description_hash": "5557e76c86f40f39ac850dce1e6c4ff7643fa5a000ecefb46a5a74472a4bc8ca",
      "canonical_tool_input_schema_hash": "b7be104fc3160f509cfe8851ef543a57353925996b827eee1f2e3c120418a220"
    },
    "input_schema": {
      "type": "object",
      "properties": {
        "contractaddress": {
          "type": "string"
        },
        "address": {
          "type": "string"
        },
        "tag": {
          "type": "string"
        },
        "chainid": {
          "type": "number"
        }
      },
      "required": ["contractaddress", "address"],
      "additionalProperties": false,
      "$schema": "http://json-schema.org/draft-07/schema#"
    }
  },
  {
    "name": "ETHERSCAN__BALANCEERC20HISTORICAL",
    "description": "Get ERC-20 token balance for an address at a specific block (token smallest units).",
    "tags": [],
    "tool_metadata": {
      "canonical_tool_name": "balanceERC20Historical",
      "canonical_tool_description_hash": "49ec046e57ab7826acc07d0a1ad9a48a01b5db84401c3eaf395e2242b30403c7",
      "canonical_tool_input_schema_hash": "ab0e349047496c4455e0e775e64bd28d203293ad039122f15855ef7a5c3272e2"
    },
    "input_schema": {
      "type": "object",
      "properties": {
        "contractaddress": {
          "type": "string"
        },
        "address": {
          "type": "string"
        },
        "blockno": {
          "type": "number"
        },
        "chainid": {
          "type": "number"
        }
      },
      "required": ["contractaddress", "address", "blockno"],
      "additionalProperties": false,
      "$schema": "http://json-schema.org/draft-07/schema#"
    }
  },
  {
    "name": "ETHERSCAN__TOKENHOLDINGS",
    "description": "Get ERC20 tokens held by an address and include the ETH balance",
    "tags": [],
    "tool_metadata": {
      "canonical_tool_name": "tokenHoldings",
      "canonical_tool_description_hash": "585bfd3a80c0d8ea300674ce4894c315f1de29de72e49340b859a38fe2045fc1",
      "canonical_tool_input_schema_hash": "463cae844e6c94db2ef949e34b96cc313de622efa655859ed10d3fead27f8137"
    },
    "input_schema": {
      "type": "object",
      "properties": {
        "address": {
          "type": "string"
        },
        "page": {
          "type": "number"
        },
        "offset": {
          "type": "number"
        },
        "chainid": {
          "type": "number"
        }
      },
      "required": ["address"],
      "additionalProperties": false,
      "$schema": "http://json-schema.org/draft-07/schema#"
    }
  },
  {
    "name": "ETHERSCAN__TOKENTOPHOLDERS",
    "description": "Get top token holders for a contract address",
    "tags": [],
    "tool_metadata": {
      "canonical_tool_name": "tokenTopHolders",
      "canonical_tool_description_hash": "365a5e65d84a46d9af1389452d3dc7008f5690d9181ec406cdc450e04faf2877",
      "canonical_tool_input_schema_hash": "aa785a7ed50b9f8f1f77f5a63661360cc015c89e1292355f39ecc1ac04539a29"
    },
    "input_schema": {
      "type": "object",
      "properties": {
        "contractaddress": {
          "type": "string"
        },
        "limit": {
          "type": "number"
        },
        "sortorder": {
          "type": "string",
          "enum": ["asc", "desc"]
        },
        "chainid": {
          "type": "number"
        }
      },
      "required": ["contractaddress"],
      "additionalProperties": false,
      "$schema": "http://json-schema.org/draft-07/schema#"
    }
  },
  {
    "name": "ETHERSCAN__TXLIST",
    "description": "Get list of normal transactions by address, up to the last 5 transactions.",
    "tags": [],
    "tool_metadata": {
      "canonical_tool_name": "txList",
      "canonical_tool_description_hash": "76afd20d7ba47d736fe0e4c181e5bcef8df388135d444fde5fddb12c08006932",
      "canonical_tool_input_schema_hash": "3514583dd27e8db630e0f1987da2c9cea85a9a1af5228ae762dd71e767d142ac"
    },
    "input_schema": {
      "type": "object",
      "properties": {
        "address": {
          "type": "string"
        },
        "startblock": {
          "type": "number"
        },
        "endblock": {
          "type": "number"
        },
        "page": {
          "type": "number"
        },
        "offset": {
          "type": "number"
        },
        "sort": {
          "type": "string",
          "enum": ["asc", "desc"]
        },
        "chainid": {
          "type": "number"
        }
      },
      "required": ["address", "startblock", "endblock", "page", "offset", "sort"],
      "additionalProperties": false,
      "$schema": "http://json-schema.org/draft-07/schema#"
    }
  },
  {
    "name": "ETHERSCAN__INTERNALTXSBYADDRESS",
    "description": "Get internal transactions for an address, up to the last 5 transactions.",
    "tags": [],
    "tool_metadata": {
      "canonical_tool_name": "internalTxsByAddress",
      "canonical_tool_description_hash": "8d339a6c1bf14e1e792ace81761d5689a2e9243c909dbdd3e7a29d2875fffaf2",
      "canonical_tool_input_schema_hash": "3514583dd27e8db630e0f1987da2c9cea85a9a1af5228ae762dd71e767d142ac"
    },
    "input_schema": {
      "type": "object",
      "properties": {
        "address": {
          "type": "string"
        },
        "startblock": {
          "type": "number"
        },
        "endblock": {
          "type": "number"
        },
        "page": {
          "type": "number"
        },
        "offset": {
          "type": "number"
        },
        "sort": {
          "type": "string",
          "enum": ["asc", "desc"]
        },
        "chainid": {
          "type": "number"
        }
      },
      "required": ["address", "startblock", "endblock", "page", "offset", "sort"],
      "additionalProperties": false,
      "$schema": "http://json-schema.org/draft-07/schema#"
    }
  },
  {
    "name": "ETHERSCAN__ERC20TRANSFERS",
    "description": "Get ERC20 token transfers for an address, up to the last 5 transactions.",
    "tags": [],
    "tool_metadata": {
      "canonical_tool_name": "erc20Transfers",
      "canonical_tool_description_hash": "80cb5a4cbd6eb4aa399d57f5e6a564a4c93dda8c04d4092311026491c2485c33",
      "canonical_tool_input_schema_hash": "b3383c455d39828307e066602687bd24c65788fc709c168a2d66b453f9b5bb1b"
    },
    "input_schema": {
      "type": "object",
      "properties": {
        "address": {
          "type": "string"
        },
        "contractaddress": {
          "type": "string"
        },
        "page": {
          "type": "number"
        },
        "offset": {
          "type": "number"
        },
        "startblock": {
          "type": "number"
        },
        "endblock": {
          "type": "number"
        },
        "sort": {
          "type": "string",
          "enum": ["asc", "desc"]
        },
        "chainid": {
          "type": "number"
        }
      },
      "required": ["page", "offset", "startblock", "endblock", "sort"],
      "additionalProperties": false,
      "$schema": "http://json-schema.org/draft-07/schema#"
    }
  },
  {
    "name": "ETHERSCAN__ERC721TRANSFERS",
    "description": "Get ERC721 token transfers for an address, up to the last 5 transactions.",
    "tags": [],
    "tool_metadata": {
      "canonical_tool_name": "erc721Transfers",
      "canonical_tool_description_hash": "03e4dbfea661e3fcb76ae6e9b73c3deea9e585017f62f010e9d7b24b99fd2f6b",
      "canonical_tool_input_schema_hash": "b3383c455d39828307e066602687bd24c65788fc709c168a2d66b453f9b5bb1b"
    },
    "input_schema": {
      "type": "object",
      "properties": {
        "address": {
          "type": "string"
        },
        "contractaddress": {
          "type": "string"
        },
        "page": {
          "type": "number"
        },
        "offset": {
          "type": "number"
        },
        "startblock": {
          "type": "number"
        },
        "endblock": {
          "type": "number"
        },
        "sort": {
          "type": "string",
          "enum": ["asc", "desc"]
        },
        "chainid": {
          "type": "number"
        }
      },
      "required": ["page", "offset", "startblock", "endblock", "sort"],
      "additionalProperties": false,
      "$schema": "http://json-schema.org/draft-07/schema#"
    }
  },
  {
    "name": "ETHERSCAN__ERC1155TRANSFERS",
    "description": "Get ERC1155 token transfers for an address, up to the last 5 transactions.",
    "tags": [],
    "tool_metadata": {
      "canonical_tool_name": "erc1155Transfers",
      "canonical_tool_description_hash": "a81b4b5fc31630e6904c6c9e21f0d70226a4769f7fab4c57793c57ddc3d130b9",
      "canonical_tool_input_schema_hash": "b3383c455d39828307e066602687bd24c65788fc709c168a2d66b453f9b5bb1b"
    },
    "input_schema": {
      "type": "object",
      "properties": {
        "address": {
          "type": "string"
        },
        "contractaddress": {
          "type": "string"
        },
        "page": {
          "type": "number"
        },
        "offset": {
          "type": "number"
        },
        "startblock": {
          "type": "number"
        },
        "endblock": {
          "type": "number"
        },
        "sort": {
          "type": "string",
          "enum": ["asc", "desc"]
        },
        "chainid": {
          "type": "number"
        }
      },
      "required": ["page", "offset", "startblock", "endblock", "sort"],
      "additionalProperties": false,
      "$schema": "http://json-schema.org/draft-07/schema#"
    }
  },
  {
    "name": "ETHERSCAN__FUNDEDBY",
    "description": "Get address that funded a given address",
    "tags": [],
    "tool_metadata": {
      "canonical_tool_name": "fundedBy",
      "canonical_tool_description_hash": "f1d4a7dee163437c0ead439b48b681d2d98483b5606aabbfe0f46ebc182b0417",
      "canonical_tool_input_schema_hash": "2b9ac8256aa250e64b62f0b28ab45ea48ed4b571a9d6a1c619b94a7e22b40f36"
    },
    "input_schema": {
      "type": "object",
      "properties": {
        "address": {
          "type": "string"
        },
        "chainid": {
          "type": "number"
        }
      },
      "required": ["address"],
      "additionalProperties": false,
      "$schema": "http://json-schema.org/draft-07/schema#"
    }
  },
  {
    "name": "ETHERSCAN__GETADDRESSMETADATA",
    "description": "Retrieve the public nametag, labels, and other attributes for an address including token type, trust rating, contract name, and source code status",
    "tags": [],
    "tool_metadata": {
      "canonical_tool_name": "getAddressMetadata",
      "canonical_tool_description_hash": "9704134670ef5de5717a2d6de97e0ac07fe683692808c06e04817d130e6c88ca",
      "canonical_tool_input_schema_hash": "2b9ac8256aa250e64b62f0b28ab45ea48ed4b571a9d6a1c619b94a7e22b40f36"
    },
    "input_schema": {
      "type": "object",
      "properties": {
        "address": {
          "type": "string"
        },
        "chainid": {
          "type": "number"
        }
      },
      "required": ["address"],
      "additionalProperties": false,
      "$schema": "http://json-schema.org/draft-07/schema#"
    }
  },
  {
    "name": "ETHERSCAN__GETCONTRACTABI",
    "description": "Retrieve ABI for a verified contract address",
    "tags": [],
    "tool_metadata": {
      "canonical_tool_name": "getContractAbi",
      "canonical_tool_description_hash": "216d3b634b714ba4177335feb6b9214244c448bfe2b0f288fc3df8fec4695a9e",
      "canonical_tool_input_schema_hash": "2b9ac8256aa250e64b62f0b28ab45ea48ed4b571a9d6a1c619b94a7e22b40f36"
    },
    "input_schema": {
      "type": "object",
      "properties": {
        "address": {
          "type": "string"
        },
        "chainid": {
          "type": "number"
        }
      },
      "required": ["address"],
      "additionalProperties": false,
      "$schema": "http://json-schema.org/draft-07/schema#"
    }
  },
  {
    "name": "ETHERSCAN__GETCONTRACTSOURCECODE",
    "description": "Retrieve Solidity source code for a verified contract",
    "tags": [],
    "tool_metadata": {
      "canonical_tool_name": "getContractSourceCode",
      "canonical_tool_description_hash": "b119ebc8259bef2516588bfdee99769973837bb58f79c79a35538b50dc0642a6",
      "canonical_tool_input_schema_hash": "2b9ac8256aa250e64b62f0b28ab45ea48ed4b571a9d6a1c619b94a7e22b40f36"
    },
    "input_schema": {
      "type": "object",
      "properties": {
        "address": {
          "type": "string"
        },
        "chainid": {
          "type": "number"
        }
      },
      "required": ["address"],
      "additionalProperties": false,
      "$schema": "http://json-schema.org/draft-07/schema#"
    }
  },
  {
    "name": "ETHERSCAN__GETCONTRACTCREATION",
    "description": "Retrieve contract deployer and creation transaction hash",
    "tags": [],
    "tool_metadata": {
      "canonical_tool_name": "getContractCreation",
      "canonical_tool_description_hash": "633a7597707f82ab92a937ae32300fccc534cb8530b9e93ada6784e4318d6415",
      "canonical_tool_input_schema_hash": "8d2c4d80fa66b13859ca860b98bc13b6d8b568d93b95694bae69ed5141a12f0f"
    },
    "input_schema": {
      "type": "object",
      "properties": {
        "contractaddresses": {
          "type": "array",
          "items": {
            "type": "string"
          }
        },
        "chainid": {
          "type": "number"
        }
      },
      "required": ["contractaddresses"],
      "additionalProperties": false,
      "$schema": "http://json-schema.org/draft-07/schema#"
    }
  },
  {
    "name": "ETHERSCAN__VERIFYSOURCECODE",
    "description": "Submit contract source code for verification",
    "tags": [],
    "tool_metadata": {
      "canonical_tool_name": "verifySourceCode",
      "canonical_tool_description_hash": "a983791b2226dd5e062545330d96bf8e6ef3763392f49f71bc5d97abce295fb2",
      "canonical_tool_input_schema_hash": "4a306421b38562f3d77b4ff578eef4c2a79e47bb0604c486ab9917bce94de570"
    },
    "input_schema": {
      "type": "object",
      "properties": {
        "codeformat": {
          "type": "string"
        },
        "sourceCode": {
          "type": "string"
        },
        "contractaddress": {
          "type": "string"
        },
        "contractname": {
          "type": "string"
        },
        "compilerversion": {
          "type": "string"
        },
        "constructorArguments": {
          "type": "string"
        },
        "compilermode": {
          "type": "string"
        },
        "zksolcVersion": {
          "type": "string"
        },
        "optimizationUsed": {
          "type": "string"
        },
        "chainid": {
          "type": "number"
        }
      },
      "required": [
        "codeformat",
        "sourceCode",
        "contractaddress",
        "contractname",
        "compilerversion"
      ],
      "additionalProperties": false,
      "$schema": "http://json-schema.org/draft-07/schema#"
    }
  },
  {
    "name": "ETHERSCAN__CHECKVERIFYSTATUS",
    "description": "Check the status of a source code verification request",
    "tags": [],
    "tool_metadata": {
      "canonical_tool_name": "checkVerifyStatus",
      "canonical_tool_description_hash": "3886e85f3aedab70105e3e9b73ac61efe21b7a913a8dc41881b1f78a07c64ab6",
      "canonical_tool_input_schema_hash": "e7ec5632a4109b74d751d769e43b1c54c61d36f0b3cd0495ce7d3f60404550d3"
    },
    "input_schema": {
      "type": "object",
      "properties": {
        "guid": {
          "type": "string"
        },
        "chainid": {
          "type": "number"
        }
      },
      "required": ["guid"],
      "additionalProperties": false,
      "$schema": "http://json-schema.org/draft-07/schema#"
    }
  },
  {
    "name": "ETHERSCAN__GETTOKENINFO",
    "description": "Retrieve token project details and social links, returning fields like contractAddress, tokenName, symbol, divisor, tokenType, totalSupply, blueCheckmark, description, website, email, blog, reddit, slack, facebook, twitter, bitcointalk, github, telegram, wechat, linkedin, discord, whitepaper and tokenPriceUSD.",
    "tags": [],
    "tool_metadata": {
      "canonical_tool_name": "getTokenInfo",
      "canonical_tool_description_hash": "60f336fcd6ae3ff5d1fa8fab4a2c7fc3a483e0c022730a048e372b9518fa85e4",
      "canonical_tool_input_schema_hash": "ae7b8350b630803a8f407e961d7c8c7cc3a4a898da426a092fc9e1f471143aa7"
    },
    "input_schema": {
      "type": "object",
      "properties": {
        "contractaddress": {
          "type": "string"
        },
        "chainid": {
          "type": "number"
        }
      },
      "required": ["contractaddress"],
      "additionalProperties": false,
      "$schema": "http://json-schema.org/draft-07/schema#"
    }
  },
  {
    "name": "ETHERSCAN__SEARCH",
    "description": "Look up token contract addresses by trying up to five name or symbol guesses",
    "tags": [],
    "tool_metadata": {
      "canonical_tool_name": "search",
      "canonical_tool_description_hash": "65164efb3a9351e303eae854c6f0c8cabcfc466cea7e52f0ad895e03a6230060",
      "canonical_tool_input_schema_hash": "fb6dba955cff4bb8d09b87f7b31c28731f0c50bd07bbf5962c940b10c696090f"
    },
    "input_schema": {
      "type": "object",
      "properties": {
        "guesses": {
          "type": "array",
          "items": {
            "type": "string"
          },
          "minItems": 1,
          "maxItems": 5
        }
      },
      "required": ["guesses"],
      "additionalProperties": false,
      "$schema": "http://json-schema.org/draft-07/schema#"
    }
  },
  {
    "name": "ETHERSCAN__TRANSACTION",
    "description": "Get details for a single Ethereum transaction hash using Blockscan multi-test endpoint (hash may include or exclude 0x).",
    "tags": [],
    "tool_metadata": {
      "canonical_tool_name": "transaction",
      "canonical_tool_description_hash": "953dee1c3d64358842d149ce6d773626fdc804e72393ac8d9b72ad4eaaa1c407",
      "canonical_tool_input_schema_hash": "a273aba07141b786a4e46a8f83342f7f892fb381dc0fea42847e6f8b94bd2cd9"
    },
    "input_schema": {
      "type": "object",
      "properties": {
        "txhash": {
          "type": "string"
        }
      },
      "required": ["txhash"],
      "additionalProperties": false,
      "$schema": "http://json-schema.org/draft-07/schema#"
    }
  }
]
