[
  {
    "name": "BROWSERBASE__GET_SESSION_LOGS",
    "description": "Get the logs for a specific browser session.",
    "tags": [],
    "tool_metadata": {
      "canonical_tool_name": "GET_SESSION_LOGS",
      "canonical_tool_description_hash": "2ecfe1d9209f2483f18f75f99ad3fce6f42330ea2c0bed01a9b38bca0f25e338",
      "canonical_tool_input_schema_hash": "0012cf88e31b52a16d992d904f24f06ab948f98832510ac904f0b3d8833c1dfa"
    },
    "input_schema": {
      "type": "object",
      "required": ["path"],
      "properties": {
        "path": {
          "type": "object",
          "required": ["id"],
          "properties": {
            "id": {
              "type": "string",
              "description": "The unique identifier of the session to retrieve logs for"
            }
          },
          "description": "path parameters",
          "additionalProperties": false
        }
      },
      "additionalProperties": false
    }
  },
  {
    "name": "BROWSERBASE__GET_SESSION",
    "description": "Get detailed information about a specific browser session by its ID. Returns complete session metadata including status, resource usage, and configuration.",
    "tags": [],
    "tool_metadata": {
      "canonical_tool_name": "GET_SESSION",
      "canonical_tool_description_hash": "2594b563ba5ec92304ed778065ca68dbffc462c2fe5a08a11598857debe5aa47",
      "canonical_tool_input_schema_hash": "87ecb143378921889d08cb5a5076793e5ede2403c1db77f8b2721743539f378c"
    },
    "input_schema": {
      "type": "object",
      "required": ["path"],
      "properties": {
        "path": {
          "type": "object",
          "required": ["id"],
          "properties": {
            "id": {
              "type": "string",
              "description": "The unique identifier of the session to retrieve"
            }
          },
          "description": "path parameters",
          "additionalProperties": false
        }
      },
      "additionalProperties": false
    }
  },
  {
    "name": "BROWSERBASE__UPDATE_SESSION",
    "description": "Update a browser session's status, such as requesting release of a session to avoid additional charges before timeout.",
    "tags": [],
    "tool_metadata": {
      "canonical_tool_name": "UPDATE_SESSION",
      "canonical_tool_description_hash": "43beaffc562d00ab50cdfe67aea1dca6cb6aa2468a8a56cf9f359cf989372894",
      "canonical_tool_input_schema_hash": "76771187199b6f1a0117b0bb57d3948d751ee55a046ce5b25f964da7e443da1a"
    },
    "input_schema": {
      "type": "object",
      "required": ["path", "body"],
      "properties": {
        "body": {
          "type": "object",
          "required": ["projectId", "status"],
          "properties": {
            "status": {
              "enum": ["REQUEST_RELEASE"],
              "type": "string",
              "description": "Set to REQUEST_RELEASE to request that the session complete. Use before session's timeout to avoid additional charges."
            },
            "projectId": {
              "type": "string",
              "description": "The Project ID. Can be found in Settings"
            }
          },
          "additionalProperties": false
        },
        "path": {
          "type": "object",
          "required": ["id"],
          "properties": {
            "id": {
              "type": "string",
              "description": "The unique identifier of the session to update"
            }
          },
          "description": "path parameters",
          "additionalProperties": false
        }
      },
      "additionalProperties": false
    }
  },
  {
    "name": "BROWSERBASE__GET_SESSION_DEBUG",
    "description": "Get debug URLs for a specific browser session, including debugger URLs and page information. Provides access to Chrome DevTools Protocol endpoints and page inspection interfaces.",
    "tags": [],
    "tool_metadata": {
      "canonical_tool_name": "GET_SESSION_DEBUG",
      "canonical_tool_description_hash": "785b65a56bc453dc0135a08d53f82e7056aaac4719de034455ad77e7cad9553b",
      "canonical_tool_input_schema_hash": "29b29d9a8134d85125f82e92ce3b56373b47a78246296ade700f44cb69e471fe"
    },
    "input_schema": {
      "type": "object",
      "required": ["path"],
      "properties": {
        "path": {
          "type": "object",
          "required": ["id"],
          "properties": {
            "id": {
              "type": "string",
              "description": "The unique identifier of the session to get debug information for"
            }
          },
          "description": "path parameters",
          "additionalProperties": false
        }
      },
      "additionalProperties": false
    }
  },
  {
    "name": "BROWSERBASE__GET_SESSION_DOWNLOADS",
    "description": "Get a list of files downloaded during a specific browser session. Allows access to files that were downloaded while the session was active.",
    "tags": [],
    "tool_metadata": {
      "canonical_tool_name": "GET_SESSION_DOWNLOADS",
      "canonical_tool_description_hash": "3acac91a8db281f82b98c0e29a786537a50a2ddd65104be893272e1b7e26651d",
      "canonical_tool_input_schema_hash": "7c654ed765a74d9b12d8f570655974584388e47cf027ae755db287703f5d4ef2"
    },
    "input_schema": {
      "type": "object",
      "required": ["path"],
      "properties": {
        "path": {
          "type": "object",
          "required": ["id"],
          "properties": {
            "id": {
              "type": "string",
              "description": "The unique identifier of the session to retrieve downloads for"
            }
          },
          "description": "path parameters",
          "additionalProperties": false
        }
      },
      "additionalProperties": false
    }
  },
  {
    "name": "BROWSERBASE__CREATE_SESSION",
    "description": "Create a new browser session with Browserbase cloud browser. Configure browser settings, fingerprinting, proxy, and more to simulate real user browsing behavior.",
    "tags": [],
    "tool_metadata": {
      "canonical_tool_name": "CREATE_SESSION",
      "canonical_tool_description_hash": "7371d1060950f19e88078eed6bc1cb364d44fa886cfef7d6cc4074f2f71f3f89",
      "canonical_tool_input_schema_hash": "3917b07eb5bb2bd2be8a9a9559fd4ef46561a82ffce0fea852197c10ced22939"
    },
    "input_schema": {
      "type": "object",
      "required": ["body"],
      "properties": {
        "body": {
          "type": "object",
          "required": ["projectId"],
          "properties": {
            "region": {
              "enum": ["us-west-2", "us-east-1", "eu-central-1", "ap-southeast-1"],
              "type": "string",
              "description": "The region where the Session should run"
            },
            "proxies": {
              "type": "boolean",
              "description": "Proxy configuration. Can be true for default proxy, or an array of proxy configurations"
            },
            "timeout": {
              "type": "integer",
              "maximum": 21600,
              "minimum": 60,
              "description": "Duration in seconds after which the session will automatically end"
            },
            "keepAlive": {
              "type": "boolean",
              "description": "Set to true to keep the session alive even after disconnections (Startup plan only)"
            },
            "projectId": {
              "type": "string",
              "description": "The Project ID. Can be found in Settings"
            },
            "extensionId": {
              "type": "string",
              "description": "The uploaded Extension ID"
            },
            "userMetadata": {
              "type": "object",
              "required": [],
              "properties": {},
              "description": "Arbitrary user metadata to attach to the session",
              "additionalProperties": true
            },
            "browserSettings": {
              "type": "object",
              "required": [],
              "properties": {
                "context": {
                  "type": "object",
                  "required": ["id"],
                  "properties": {
                    "id": {
                      "type": "string",
                      "description": "The Context ID"
                    },
                    "persist": {
                      "type": "boolean",
                      "default": false,
                      "description": "Whether or not to persist the context after browsing"
                    }
                  },
                  "additionalProperties": false
                },
                "blockAds": {
                  "type": "boolean",
                  "default": false,
                  "description": "Enable or disable ad blocking in the browser"
                },
                "viewport": {
                  "type": "object",
                  "required": [],
                  "properties": {
                    "width": {
                      "type": "integer"
                    },
                    "height": {
                      "type": "integer"
                    }
                  },
                  "additionalProperties": false
                },
                "logSession": {
                  "type": "boolean",
                  "default": true,
                  "description": "Enable or disable session logging"
                },
                "fingerprint": {
                  "type": "object",
                  "required": [],
                  "properties": {
                    "screen": {
                      "type": "object",
                      "required": [],
                      "properties": {
                        "maxWidth": {
                          "type": "integer"
                        },
                        "minWidth": {
                          "type": "integer"
                        },
                        "maxHeight": {
                          "type": "integer"
                        },
                        "minHeight": {
                          "type": "integer"
                        }
                      },
                      "additionalProperties": false
                    },
                    "devices": {
                      "type": "array",
                      "items": {
                        "enum": ["desktop", "mobile"],
                        "type": "string"
                      },
                      "description": "Device types"
                    },
                    "browsers": {
                      "type": "array",
                      "items": {
                        "enum": ["chrome", "edge", "firefox", "safari"],
                        "type": "string"
                      },
                      "description": "List of supported browsers"
                    },
                    "httpVersion": {
                      "enum": ["1", "2"],
                      "type": "string",
                      "description": "HTTP version"
                    },
                    "operatingSystems": {
                      "type": "array",
                      "items": {
                        "enum": ["android", "ios", "linux", "macos", "windows"],
                        "type": "string"
                      },
                      "description": "List of operating systems"
                    }
                  },
                  "additionalProperties": false
                },
                "recordSession": {
                  "type": "boolean",
                  "default": true,
                  "description": "Enable or disable session recording"
                },
                "solveCaptchas": {
                  "type": "boolean",
                  "default": true,
                  "description": "Enable or disable captcha solving in the browser"
                },
                "advancedStealth": {
                  "type": "boolean",
                  "description": "Advanced Browser Stealth Mode"
                }
              },
              "additionalProperties": false
            }
          },
          "additionalProperties": false
        }
      },
      "additionalProperties": false
    }
  },
  {
    "name": "BROWSERBASE__LIST_SESSIONS",
    "description": "List all browser sessions for a project. Returns session details including ID, status, resource usage, and metadata.",
    "tags": [],
    "tool_metadata": {
      "canonical_tool_name": "LIST_SESSIONS",
      "canonical_tool_description_hash": "c6311a782748ca72ee8e44b8b6f7b7eeaffaf57afa649f20c2b0d24679e6bc14",
      "canonical_tool_input_schema_hash": "18a1b6474364a9cc3d44dd49532fca37103ab13f2fbfc5664c407549727716ab"
    },
    "input_schema": {
      "type": "object",
      "required": [],
      "properties": {
        "query": {
          "type": "object",
          "required": [],
          "properties": {
            "q": {
              "type": "string",
              "description": "Query sessions by user metadata. See Querying Sessions by User Metadata for the schema of this query."
            },
            "status": {
              "enum": ["RUNNING", "ERROR", "TIMED_OUT", "COMPLETED"],
              "type": "string",
              "description": "Filter sessions by their current status"
            }
          },
          "description": "query parameters",
          "additionalProperties": false
        }
      },
      "additionalProperties": false
    }
  },
  {
    "name": "BROWSERBASE__GET_SESSION_RECORDING",
    "description": "Get the recording of a specific browser session. Returns a list of recorded events in the session with timestamps.",
    "tags": [],
    "tool_metadata": {
      "canonical_tool_name": "GET_SESSION_RECORDING",
      "canonical_tool_description_hash": "46fd73b1d366ba593b4fc6fbefaf8d67dde702a4db8ff68eebfc170261187dc7",
      "canonical_tool_input_schema_hash": "4f14dbdf4288587be005aa815e4facbda0b9e8cf4dce0fa347d43f038de192ce"
    },
    "input_schema": {
      "type": "object",
      "required": ["path"],
      "properties": {
        "path": {
          "type": "object",
          "required": ["id"],
          "properties": {
            "id": {
              "type": "string",
              "description": "The unique identifier of the session to retrieve recording for"
            }
          },
          "description": "path parameters",
          "additionalProperties": false
        }
      },
      "additionalProperties": false
    }
  },
  {
    "name": "BROWSERBASE__LIST_PROJECTS",
    "description": "List all available projects associated with your Browserbase account.",
    "tags": [],
    "tool_metadata": {
      "canonical_tool_name": "LIST_PROJECTS",
      "canonical_tool_description_hash": "6ca9cd80e2c3962eeaa4cf56ead2a145f64a114e589a20b72955b9a7527fe5a6",
      "canonical_tool_input_schema_hash": "d746974fa9afd5e951f76f9af38954b0ad7f436f2120dc974da65e5ee39f856f"
    },
    "input_schema": {
      "type": "object",
      "required": [],
      "properties": {},
      "additionalProperties": false
    }
  },
  {
    "name": "BROWSERBASE__GET_PROJECT",
    "description": "Get detailed information about a specific project by its ID.",
    "tags": [],
    "tool_metadata": {
      "canonical_tool_name": "GET_PROJECT",
      "canonical_tool_description_hash": "8932bef47a39e1354b454ae559494d4a24f9fa8f912c06c385d9183e9377f9e4",
      "canonical_tool_input_schema_hash": "1f5ff354c32f681e027f2fc9ae58e88c797e43dd711e74525591587c875b568d"
    },
    "input_schema": {
      "type": "object",
      "required": ["path"],
      "properties": {
        "path": {
          "type": "object",
          "required": ["id"],
          "properties": {
            "id": {
              "type": "string",
              "description": "The unique identifier of the project to retrieve"
            }
          },
          "description": "path parameters",
          "additionalProperties": false
        }
      },
      "additionalProperties": false
    }
  },
  {
    "name": "BROWSERBASE__GET_PROJECT_USAGE",
    "description": "Get resource usage statistics for a specific project.",
    "tags": [],
    "tool_metadata": {
      "canonical_tool_name": "GET_PROJECT_USAGE",
      "canonical_tool_description_hash": "7504a6bee4bb284fc021c68e47e366ce4bacf574b2e9d4891ec16ff0b38ee81c",
      "canonical_tool_input_schema_hash": "12c126f3e55fb0a18ed23b3ca361dc747d4b7e1c677016b2828f3de81cbf9ee9"
    },
    "input_schema": {
      "type": "object",
      "required": ["path"],
      "properties": {
        "path": {
          "type": "object",
          "required": ["id"],
          "properties": {
            "id": {
              "type": "string",
              "description": "The unique identifier of the project to retrieve usage statistics for"
            }
          },
          "description": "path parameters",
          "additionalProperties": false
        }
      },
      "additionalProperties": false
    }
  },
  {
    "name": "BROWSERBASE__CREATE_CONTEXT",
    "description": "Create a new browser context. A browser context is a persistent browser profile that can be reused across multiple sessions.",
    "tags": [],
    "tool_metadata": {
      "canonical_tool_name": "CREATE_CONTEXT",
      "canonical_tool_description_hash": "f42953e8ea9d9710ccdf6f9e2c9aaa5572ea57fa1ef49758ca40b400850175ed",
      "canonical_tool_input_schema_hash": "288be245b26eebea1b29698311e1eb897b52444fcab25a3b552d6ebe04ee5e9a"
    },
    "input_schema": {
      "type": "object",
      "required": ["body"],
      "properties": {
        "body": {
          "type": "object",
          "required": ["projectId"],
          "properties": {
            "projectId": {
              "type": "string",
              "description": "The Project ID. Can be found in Settings"
            }
          },
          "additionalProperties": false
        }
      },
      "additionalProperties": false
    }
  },
  {
    "name": "BROWSERBASE__GET_CONTEXT",
    "description": "Get detailed information about a specific browser context by its ID. Returns context metadata including creation date and associated project.",
    "tags": [],
    "tool_metadata": {
      "canonical_tool_name": "GET_CONTEXT",
      "canonical_tool_description_hash": "11ecdedef6e5f02f4931160fc385c8fe2a964110033d651b8b27350ac02dabcc",
      "canonical_tool_input_schema_hash": "a0a5680260c5d000ae4b963c945f64ca62565208dc6e950dc3a45b9f74c45ce2"
    },
    "input_schema": {
      "type": "object",
      "required": ["path"],
      "properties": {
        "path": {
          "type": "object",
          "required": ["id"],
          "properties": {
            "id": {
              "type": "string",
              "description": "The unique identifier of the context to retrieve"
            }
          },
          "description": "path parameters",
          "additionalProperties": false
        }
      },
      "additionalProperties": false
    }
  },
  {
    "name": "BROWSERBASE__UPDATE_CONTEXT",
    "description": "Update a specific browser context by its ID. Refreshes encryption keys and other security parameters.",
    "tags": [],
    "tool_metadata": {
      "canonical_tool_name": "UPDATE_CONTEXT",
      "canonical_tool_description_hash": "12cf543c559302ccd52aaa573374d7744fd1517cffa4cf4dccfaae23b181cd5f",
      "canonical_tool_input_schema_hash": "34bb4f216e8c3b60cb4fbc2155e09e2b860905ca1bc34ff7f53d255db0a81e06"
    },
    "input_schema": {
      "type": "object",
      "required": ["path"],
      "properties": {
        "path": {
          "type": "object",
          "required": ["id"],
          "properties": {
            "id": {
              "type": "string",
              "description": "The unique identifier of the context to update"
            }
          },
          "description": "path parameters",
          "additionalProperties": false
        }
      },
      "additionalProperties": false
    }
  },
  {
    "name": "BROWSERBASE__GET_EXTENSION",
    "description": "Get detailed information about a specific browser extension by its ID.",
    "tags": [],
    "tool_metadata": {
      "canonical_tool_name": "GET_EXTENSION",
      "canonical_tool_description_hash": "40a4658fcec371bb870b076da3ca48fcf2be5009022c46c38a3b2e3c0849b56e",
      "canonical_tool_input_schema_hash": "9d3da41e4afe8705814c90d48d22cf6ed43ec4f874c6a83530b580874858a449"
    },
    "input_schema": {
      "type": "object",
      "required": ["path"],
      "properties": {
        "path": {
          "type": "object",
          "required": ["id"],
          "properties": {
            "id": {
              "type": "string",
              "description": "The unique identifier of the extension to retrieve"
            }
          },
          "description": "path parameters",
          "additionalProperties": false
        }
      },
      "additionalProperties": false
    }
  },
  {
    "name": "BROWSERBASE__DELETE_EXTENSION",
    "description": "Delete a specific browser extension by its ID.",
    "tags": [],
    "tool_metadata": {
      "canonical_tool_name": "DELETE_EXTENSION",
      "canonical_tool_description_hash": "0fbe74c1829f1d326de6244c1c0e592a3ebbfa10d14f206e02bca0c2043d76a8",
      "canonical_tool_input_schema_hash": "9a53efb39cf7130d339173e96cd3fbb1083e1ab9d41a6d77e3b4da6f3c6ba433"
    },
    "input_schema": {
      "type": "object",
      "required": ["path"],
      "properties": {
        "path": {
          "type": "object",
          "required": ["id"],
          "properties": {
            "id": {
              "type": "string",
              "description": "The unique identifier of the extension to delete"
            }
          },
          "description": "path parameters",
          "additionalProperties": false
        }
      },
      "additionalProperties": false
    }
  }
]
