[
  {
    "name": "OPEN_WEATHER_MAP__CURRENT_WEATHER",
    "description": "Get current weather data for a specific location by latitude and longitude.",
    "tool_metadata": {
      "type": "rest",
      "method": "GET",
      "endpoint": "https://api.openweathermap.org/data/2.5/weather"
    },
    "input_schema": {
      "type": "object",
      "properties": {
        "query": {
          "type": "object",
          "description": "Query parameters for the request",
          "properties": {
            "lat": {
              "type": "number",
              "description": "Latitude, decimal (-90; 90)"
            },
            "lon": {
              "type": "number",
              "description": "Longitude, decimal (-180; 180)"
            },
            "units": {
              "type": "string",
              "description": "Units of measurement. standard, metric and imperial units are available. If not specified, standard units will be applied by default.",
              "enum": [
                "standard",
                "metric",
                "imperial"
              ]
            },
            "lang": {
              "type": "string",
              "description": "Language to get the output in. Default is English (en).",
              "enum": [
                "af",
                "al",
                "ar",
                "az",
                "bg",
                "ca",
                "cz",
                "da",
                "de",
                "el",
                "en",
                "eu",
                "fa",
                "fi",
                "fr",
                "gl",
                "he",
                "hi",
                "hr",
                "hu",
                "id",
                "it",
                "ja",
                "kr",
                "la",
                "lt",
                "mk",
                "no",
                "nl",
                "pl",
                "pt",
                "pt_br",
                "ro",
                "ru",
                "sv",
                "sk",
                "sl",
                "sp",
                "sr",
                "th",
                "tr",
                "ua",
                "vi",
                "zh_cn",
                "zh_tw",
                "zu"
              ]
            }
          },
          "required": [
            "lat",
            "lon"
          ],
          "visible": [
            "lat",
            "lon",
            "units",
            "lang"
          ],
          "additionalProperties": false
        }
      },
      "additionalProperties": false,
      "required": [
        "query"
      ],
      "visible": [
        "query"
      ]
    }
  },
  {
    "name": "OPEN_WEATHER_MAP__FORECAST",
    "description": "Get 5-day/3-hour forecast data for a specific location by latitude and longitude.",
    "tool_metadata": {
      "type": "rest",
      "method": "GET",
      "endpoint": "https://api.openweathermap.org/data/2.5/forecast"
    },
    "input_schema": {
      "type": "object",
      "properties": {
        "query": {
          "type": "object",
          "description": "Query parameters for the request",
          "properties": {
            "lat": {
              "type": "number",
              "description": "Latitude, decimal (-90; 90)"
            },
            "lon": {
              "type": "number",
              "description": "Longitude, decimal (-180; 180)"
            },
            "units": {
              "type": "string",
              "description": "Units of measurement. standard, metric and imperial units are available. If not specified, standard units will be applied by default.",
              "enum": [
                "standard",
                "metric",
                "imperial"
              ]
            },
            "lang": {
              "type": "string",
              "description": "Language to get the output in. Default is English (en).",
              "enum": [
                "af",
                "al",
                "ar",
                "az",
                "bg",
                "ca",
                "cz",
                "da",
                "de",
                "el",
                "en",
                "eu",
                "fa",
                "fi",
                "fr",
                "gl",
                "he",
                "hi",
                "hr",
                "hu",
                "id",
                "it",
                "ja",
                "kr",
                "la",
                "lt",
                "mk",
                "no",
                "nl",
                "pl",
                "pt",
                "pt_br",
                "ro",
                "ru",
                "sv",
                "sk",
                "sl",
                "sp",
                "sr",
                "th",
                "tr",
                "ua",
                "vi",
                "zh_cn",
                "zh_tw",
                "zu"
              ]
            },
            "cnt": {
              "type": "integer",
              "description": "A number of timestamps, which will be returned in the API response. If not specified, all 40 timestamps will be returned.",
              "minimum": 1,
              "maximum": 40
            }
          },
          "required": [
            "lat",
            "lon"
          ],
          "visible": [
            "lat",
            "lon",
            "units",
            "lang",
            "cnt"
          ],
          "additionalProperties": false
        }
      },
      "additionalProperties": false,
      "required": [
        "query"
      ],
      "visible": [
        "query"
      ]
    }
  },
  {
    "name": "OPEN_WEATHER_MAP__CURRENT_AND_FORECAST",
    "description": "Get current weather data for a location. The function extracts location information from your prompt and returns detailed weather data including temperature, humidity, wind, and more.",
    "tool_metadata": {
      "type": "rest",
      "method": "GET",
      "endpoint": "https://api.openweathermap.org/data/2.5/weather"
    },
    "input_schema": {
      "type": "object",
      "properties": {
        "query": {
          "type": "object",
          "description": "Query parameters for the request",
          "properties": {
            "lat": {
              "type": "number",
              "description": "Latitude, decimal (-90; 90)"
            },
            "lon": {
              "type": "number",
              "description": "Longitude, decimal (-180; 180)"
            },
            "exclude": {
              "type": "string",
              "description": "Parts of weather data to exclude. Multiple values can be separated by commas.",
              "default": "minutely,hourly,alerts"
            },
            "units": {
              "type": "string",
              "description": "Units of measurement. standard, metric and imperial units are available. If not specified, standard units will be applied by default.",
              "enum": [
                "standard",
                "metric",
                "imperial"
              ],
              "default": "metric"
            },
            "lang": {
              "type": "string",
              "description": "Language to get the output in. Default is English (en).",
              "enum": [
                "af",
                "al",
                "ar",
                "az",
                "bg",
                "ca",
                "cz",
                "da",
                "de",
                "el",
                "en",
                "eu",
                "fa",
                "fi",
                "fr",
                "gl",
                "he",
                "hi",
                "hr",
                "hu",
                "id",
                "it",
                "ja",
                "kr",
                "la",
                "lt",
                "mk",
                "no",
                "nl",
                "pl",
                "pt",
                "pt_br",
                "ro",
                "ru",
                "sv",
                "sk",
                "sl",
                "sp",
                "sr",
                "th",
                "tr",
                "ua",
                "vi",
                "zh_cn",
                "zh_tw",
                "zu"
              ],
              "default": "en"
            }
          },
          "required": [
            "lat",
            "lon"
          ],
          "visible": [
            "lat",
            "lon",
            "units",
            "lang",
            "exclude"
          ],
          "additionalProperties": false
        }
      },
      "additionalProperties": false,
      "required": [
        "query"
      ],
      "visible": [
        "query"
      ]
    }
  }
]
