{
  "name": "STEEL",
  "url": "https://mcp.aci.dev/virtual/mcp?server_name=STEEL",
  "transport_type": "streamable_http",
  "description": "API for browser automation, web scraping, screenshot capture, and PDF generation with session management capabilities.",
  "logo": "https://raw.githubusercontent.com/aipotheosis-labs/aipolabs-icons/refs/heads/main/apps/steel.png",
  "categories": ["Search & Scraping", "Browser"],
  "auth_configs": [
    {
      "type": "api_key",
      "location": "header",
      "name": "steel-api-key"
    }
  ],
  "server_metadata": {
    "is_virtual_mcp_server": true
  }
}
