{
  "name": "POSTHOG",
  "url": "https://mcp.posthog.com/sse",
  "transport_type": "sse",
  "description": "PostHog is an open-source product analytics platform. It helps teams understand how users interact with their applications and make data-driven decisions without needing to send data to third-party analytics vendors.",
  "logo": "https://raw.githubusercontent.com/aipotheosis-labs/aipolabs-icons/refs/heads/main/apps/posthog.svg",
  "categories": ["Analytics"],
  "auth_configs": [
    {
      "type": "api_key",
      "location": "header",
      "name": "Authorization",
      "prefix": "Bearer"
    }
  ],
  "server_metadata": {}
}
