[
  {
    "name": "NETLIFY__GET_ACCOUNTS",
    "description": "List all accounts/teams that the authenticated user has access to. In Netlify's API, accounts are equivalent to teams.",
    "tool_metadata": {
      "type": "rest",
      "method": "GET",
      "endpoint": "https://api.netlify.com/api/v1/accounts"
    },
    "input_schema": {
      "type": "object",
      "properties": {},
      "required": [],
      "visible": [],
      "additionalProperties": false
    }
  },
  {
    "name": "NETLIFY__GET_ACCOUNT_BY_ID",
    "description": "Get information about a specific account/team by its ID or slug.",
    "tool_metadata": {
      "type": "rest",
      "method": "GET",
      "endpoint": "https://api.netlify.com/api/v1/accounts/{account_id}"
    },
    "input_schema": {
      "type": "object",
      "properties": {
        "path": {
          "type": "object",
          "description": "path parameters",
          "properties": {
            "account_id": {
              "type": "string",
              "description": "The unique identifier or slug of the account/team."
            }
          },
          "required": [
            "account_id"
          ],
          "visible": [
            "account_id"
          ],
          "additionalProperties": false
        }
      },
      "required": [
        "path"
      ],
      "visible": [
        "path"
      ],
      "additionalProperties": false
    }
  },
  {
    "name": "NETLIFY__CREATE_SITE",
    "description": "Create a new site/project on Netlify with full support for both public and private repositories. For private repositories, use NETLIFY__CREATE_DEPLOY_KEY first to generate a deploy key, then GITHUB__CREATE_DEPLOY_KEY to add it to your repository, then use this function with the deploy_key_id parameter. IMPORTANT: Verify the correct branch name (main vs master) in your repository before deployment to avoid branch not found errors.",
    "tool_metadata": {
      "type": "rest",
      "method": "POST",
      "endpoint": "https://api.netlify.com/api/v1/sites"
    },
    "input_schema": {
      "type": "object",
      "properties": {
        "body": {
          "type": "object",
          "description": "Site configuration",
          "properties": {
            "name": {
              "type": "string",
              "description": "The name of the site/project."
            },
            "custom_domain": {
              "type": "string",
              "description": "Custom domain for the site."
            },
            "repo": {
              "type": "object",
              "description": "Repository configuration for continuous deployment",
              "properties": {
                "provider": {
                  "type": "string",
                  "enum": [
                    "github",
                    "gitlab",
                    "bitbucket"
                  ],
                  "description": "Git provider."
                },
                "repo": {
                  "type": "string",
                  "description": "Repository in format 'owner/repo'."
                },
                "branch": {
                  "type": "string",
                  "default": "main",
                  "description": "Branch to deploy from. Most repositories use 'main' as the default branch, but some older repositories may use 'master'. Verify the correct branch name in your repository to avoid deployment failures."
                },
                "dir": {
                  "type": "string",
                  "description": "Directory to deploy from within the repository."
                },
                "cmd": {
                  "type": "string",
                  "description": "Build command."
                },
                "private": {
                  "type": "boolean",
                  "description": "Set to true for private repositories. This enables private repository deployment workflow."
                },
                "id": {
                  "type": "integer",
                  "description": "The repository ID from GitHub/GitLab. For GitHub, get this from GITHUB__GET_REPOSITORY. Required for private repositories."
                },
                "deploy_key_id": {
                  "type": "string",
                  "description": "Deploy key ID for private repository access. Get this from NETLIFY__CREATE_DEPLOY_KEY, then add the public key to GitHub using GITHUB__CREATE_DEPLOY_KEY. Required for private repositories."
                }
              },
              "required": [],
              "visible": [
                "provider",
                "repo",
                "branch",
                "dir",
                "cmd",
                "private",
                "id",
                "deploy_key_id"
              ],
              "additionalProperties": false
            }
          },
          "required": [
            "name"
          ],
          "visible": [
            "name",
            "custom_domain",
            "repo"
          ],
          "additionalProperties": false
        }
      },
      "required": [
        "body"
      ],
      "visible": [
        "body"
      ],
      "additionalProperties": false
    }
  },
  {
    "name": "NETLIFY__GET_SITES",
    "description": "Get all sites that the authenticated user has access to.",
    "tool_metadata": {
      "type": "rest",
      "method": "GET",
      "endpoint": "https://api.netlify.com/api/v1/sites"
    },
    "input_schema": {
      "type": "object",
      "properties": {},
      "required": [],
      "visible": [],
      "additionalProperties": false
    }
  },
  {
    "name": "NETLIFY__GET_SITE",
    "description": "Get information about a specific site by its ID or domain.",
    "tool_metadata": {
      "type": "rest",
      "method": "GET",
      "endpoint": "https://api.netlify.com/api/v1/sites/{site_id}"
    },
    "input_schema": {
      "type": "object",
      "properties": {
        "path": {
          "type": "object",
          "description": "path parameters",
          "properties": {
            "site_id": {
              "type": "string",
              "description": "The unique identifier or domain of the site."
            }
          },
          "required": [
            "site_id"
          ],
          "visible": [
            "site_id"
          ],
          "additionalProperties": false
        }
      },
      "required": [
        "path"
      ],
      "visible": [
        "path"
      ],
      "additionalProperties": false
    }
  },
  {
    "name": "NETLIFY__UPDATE_SITE",
    "description": "Update an existing site's configuration.",
    "tool_metadata": {
      "type": "rest",
      "method": "PATCH",
      "endpoint": "https://api.netlify.com/api/v1/sites/{site_id}"
    },
    "input_schema": {
      "type": "object",
      "properties": {
        "path": {
          "type": "object",
          "description": "path parameters",
          "properties": {
            "site_id": {
              "type": "string",
              "description": "The unique identifier of the site."
            }
          },
          "required": [
            "site_id"
          ],
          "visible": [
            "site_id"
          ],
          "additionalProperties": false
        },
        "body": {
          "type": "object",
          "description": "Site update configuration",
          "properties": {
            "name": {
              "type": "string",
              "description": "The new name for the site."
            },
            "custom_domain": {
              "type": "string",
              "description": "Custom domain for the site."
            },
            "password": {
              "type": "string",
              "description": "Password for site access protection."
            },
            "processing_settings": {
              "type": "object",
              "description": "Site processing settings",
              "properties": {
                "html": {
                  "type": "object",
                  "description": "HTML processing settings",
                  "properties": {
                    "pretty_urls": {
                      "type": "boolean",
                      "description": "Enable pretty URLs."
                    }
                  },
                  "required": [],
                  "visible": [
                    "pretty_urls"
                  ],
                  "additionalProperties": false
                }
              },
              "required": [],
              "visible": [
                "html"
              ],
              "additionalProperties": false
            }
          },
          "required": [],
          "visible": [
            "name",
            "custom_domain",
            "password",
            "processing_settings"
          ],
          "additionalProperties": false
        }
      },
      "required": [
        "path",
        "body"
      ],
      "visible": [
        "path",
        "body"
      ],
      "additionalProperties": false
    }
  },
  {
    "name": "NETLIFY__DELETE_SITE",
    "description": "Permanently delete a site.",
    "tool_metadata": {
      "type": "rest",
      "method": "DELETE",
      "endpoint": "https://api.netlify.com/api/v1/sites/{site_id}"
    },
    "input_schema": {
      "type": "object",
      "properties": {
        "path": {
          "type": "object",
          "description": "path parameters",
          "properties": {
            "site_id": {
              "type": "string",
              "description": "The unique identifier of the site to delete."
            }
          },
          "required": [
            "site_id"
          ],
          "visible": [
            "site_id"
          ],
          "additionalProperties": false
        }
      },
      "required": [
        "path"
      ],
      "visible": [
        "path"
      ],
      "additionalProperties": false
    }
  },
  {
    "name": "NETLIFY__GET_ENV_VARIABLES",
    "description": "Get environment variables for an account/team.",
    "tool_metadata": {
      "type": "rest",
      "method": "GET",
      "endpoint": "https://api.netlify.com/api/v1/accounts/{account_id}/env"
    },
    "input_schema": {
      "type": "object",
      "properties": {
        "path": {
          "type": "object",
          "description": "path parameters",
          "properties": {
            "account_id": {
              "type": "string",
              "description": "The unique identifier of the account."
            }
          },
          "required": [
            "account_id"
          ],
          "visible": [
            "account_id"
          ],
          "additionalProperties": false
        },
        "query": {
          "type": "object",
          "description": "query parameters",
          "properties": {
            "site_id": {
              "type": "string",
              "description": "Filter environment variables by site ID."
            }
          },
          "required": [],
          "visible": [
            "site_id"
          ],
          "additionalProperties": false
        }
      },
      "required": [
        "path"
      ],
      "visible": [
        "path",
        "query"
      ],
      "additionalProperties": false
    }
  },
  {
    "name": "NETLIFY__GET_DEPLOY",
    "description": "Get information about a specific deployment.",
    "tool_metadata": {
      "type": "rest",
      "method": "GET",
      "endpoint": "https://api.netlify.com/api/v1/deploys/{deploy_id}"
    },
    "input_schema": {
      "type": "object",
      "properties": {
        "path": {
          "type": "object",
          "description": "path parameters",
          "properties": {
            "deploy_id": {
              "type": "string",
              "description": "The unique identifier of the deployment."
            }
          },
          "required": [
            "deploy_id"
          ],
          "visible": [
            "deploy_id"
          ],
          "additionalProperties": false
        }
      },
      "required": [
        "path"
      ],
      "visible": [
        "path"
      ],
      "additionalProperties": false
    }
  },
  {
    "name": "NETLIFY__LIST_DEPLOYS",
    "description": "List all deployments for a specific site.",
    "tool_metadata": {
      "type": "rest",
      "method": "GET",
      "endpoint": "https://api.netlify.com/api/v1/sites/{site_id}/deploys"
    },
    "input_schema": {
      "type": "object",
      "properties": {
        "path": {
          "type": "object",
          "description": "path parameters",
          "properties": {
            "site_id": {
              "type": "string",
              "description": "The unique identifier of the site."
            }
          },
          "required": [
            "site_id"
          ],
          "visible": [
            "site_id"
          ],
          "additionalProperties": false
        },
        "query": {
          "type": "object",
          "description": "query parameters",
          "properties": {
            "page": {
              "type": "integer",
              "default": 1,
              "description": "Page number for pagination."
            },
            "per_page": {
              "type": "integer",
              "default": 20,
              "maximum": 100,
              "description": "Number of deployments per page."
            }
          },
          "required": [],
          "visible": [
            "page",
            "per_page"
          ],
          "additionalProperties": false
        }
      },
      "required": [
        "path"
      ],
      "visible": [
        "path",
        "query"
      ],
      "additionalProperties": false
    }
  },
  {
    "name": "NETLIFY__GET_SITE_DEPLOY",
    "description": "Get information about a specific deployment for a specific site.",
    "tool_metadata": {
      "type": "rest",
      "method": "GET",
      "endpoint": "https://api.netlify.com/api/v1/sites/{site_id}/deploys/{deploy_id}"
    },
    "input_schema": {
      "type": "object",
      "properties": {
        "path": {
          "type": "object",
          "description": "path parameters",
          "properties": {
            "site_id": {
              "type": "string",
              "description": "The unique identifier of the site."
            },
            "deploy_id": {
              "type": "string",
              "description": "The unique identifier of the deployment."
            }
          },
          "required": [
            "site_id",
            "deploy_id"
          ],
          "visible": [
            "site_id",
            "deploy_id"
          ],
          "additionalProperties": false
        }
      },
      "required": [
        "path"
      ],
      "visible": [
        "path"
      ],
      "additionalProperties": false
    }
  },
  {
    "name": "NETLIFY__CREATE_DEPLOY_KEY",
    "description": "Step 1 of private repository deployment: Create a new deploy key pair. This generates SSH keys that allow Netlify to access private repositories. After creating this, use NETLIFY__GET_DEPLOY_KEY or NETLIFY__LIST_DEPLOY_KEYS to get the public key, then add it to your GitHub repository using GITHUB__CREATE_DEPLOY_KEY.",
    "tool_metadata": {
      "type": "rest",
      "method": "POST",
      "endpoint": "https://api.netlify.com/api/v1/deploy_keys"
    },
    "input_schema": {
      "type": "object",
      "properties": {
        "body": {
          "type": "object",
          "description": "Deploy key configuration",
          "properties": {
            "title": {
              "type": "string",
              "description": "A descriptive title for the deploy key."
            }
          },
          "required": [],
          "visible": [
            "title"
          ],
          "additionalProperties": false
        }
      },
      "required": [
        "body"
      ],
      "visible": [
        "body"
      ],
      "additionalProperties": false
    }
  },
  {
    "name": "NETLIFY__GET_DEPLOY_KEY",
    "description": "Get information about a specific deploy key.",
    "tool_metadata": {
      "type": "rest",
      "method": "GET",
      "endpoint": "https://api.netlify.com/api/v1/deploy_keys/{key_id}"
    },
    "input_schema": {
      "type": "object",
      "properties": {
        "path": {
          "type": "object",
          "description": "path parameters",
          "properties": {
            "key_id": {
              "type": "string",
              "description": "The unique identifier of the deploy key."
            }
          },
          "required": [
            "key_id"
          ],
          "visible": [
            "key_id"
          ],
          "additionalProperties": false
        }
      },
      "required": [
        "path"
      ],
      "visible": [
        "path"
      ],
      "additionalProperties": false
    }
  },
  {
    "name": "NETLIFY__LIST_DEPLOY_KEYS",
    "description": "List all deploy keys for the account.",
    "tool_metadata": {
      "type": "rest",
      "method": "GET",
      "endpoint": "https://api.netlify.com/api/v1/deploy_keys"
    },
    "input_schema": {
      "type": "object",
      "properties": {},
      "required": [],
      "visible": [],
      "additionalProperties": false
    }
  },
  {
    "name": "NETLIFY__DELETE_DEPLOY_KEY",
    "description": "Delete a deploy key.",
    "tool_metadata": {
      "type": "rest",
      "method": "DELETE",
      "endpoint": "https://api.netlify.com/api/v1/deploy_keys/{key_id}"
    },
    "input_schema": {
      "type": "object",
      "properties": {
        "path": {
          "type": "object",
          "description": "path parameters",
          "properties": {
            "key_id": {
              "type": "string",
              "description": "The unique identifier of the deploy key."
            }
          },
          "required": [
            "key_id"
          ],
          "visible": [
            "key_id"
          ],
          "additionalProperties": false
        }
      },
      "required": [
        "path"
      ],
      "visible": [
        "path"
      ],
      "additionalProperties": false
    }
  },
  {
    "name": "NETLIFY__CREATE_BUILD_HOOK",
    "description": "Create a new build hook for a site. Build hooks provide unique URLs to trigger new builds and deploys from external services or scripts. Once created, use NETLIFY__TRIGGER_BUILD_HOOK to actually trigger builds.",
    "tool_metadata": {
      "type": "rest",
      "method": "POST",
      "endpoint": "https://api.netlify.com/api/v1/sites/{site_id}/build_hooks"
    },
    "input_schema": {
      "type": "object",
      "properties": {
        "path": {
          "type": "object",
          "description": "Path parameters",
          "properties": {
            "site_id": {
              "type": "string",
              "description": "The unique identifier of the site to create a build hook for."
            }
          },
          "required": [
            "site_id"
          ],
          "visible": [
            "site_id"
          ],
          "additionalProperties": false
        },
        "body": {
          "type": "object",
          "description": "Build hook configuration",
          "properties": {
            "title": {
              "type": "string",
              "description": "A descriptive name for the build hook. This will appear in deploy messages."
            },
            "branch": {
              "type": "string",
              "default": "main",
              "description": "The branch to build when the hook is triggered. Defaults to the site's default branch."
            }
          },
          "required": [
            "title"
          ],
          "visible": [
            "title",
            "branch"
          ],
          "additionalProperties": false
        }
      },
      "required": [
        "path",
        "body"
      ],
      "visible": [
        "path",
        "body"
      ],
      "additionalProperties": false
    }
  },
  {
    "name": "NETLIFY__TRIGGER_BUILD_HOOK",
    "description": "Trigger a new build and deployment by calling a build hook URL. Build hooks pull the latest code from the connected Git repository and rebuild the site. This is the recommended method for triggering Git-based deployments.",
    "tool_metadata": {
      "type": "rest",
      "method": "POST",
      "endpoint": "https://api.netlify.com/build_hooks/{hook_id}"
    },
    "input_schema": {
      "type": "object",
      "properties": {
        "path": {
          "type": "object",
          "description": "Build hook parameters",
          "properties": {
            "hook_id": {
              "type": "string",
              "description": "The build hook ID from the build hook URL. Find this in Project configuration > Build & deploy > Build hooks."
            }
          },
          "required": [
            "hook_id"
          ],
          "visible": [
            "hook_id"
          ],
          "additionalProperties": false
        },
        "query": {
          "type": "object",
          "description": "Optional parameters to customize the build",
          "properties": {
            "trigger_branch": {
              "type": "string",
              "description": "Specify which repository branch the build will use. If not specified, uses the default branch."
            },
            "trigger_title": {
              "type": "string",
              "description": "Custom title to replace the default deploy message in your site deploy list."
            },
            "clear_cache": {
              "type": "boolean",
              "default": false,
              "description": "When set to true, triggers a build with a cleared cache."
            }
          },
          "required": [],
          "visible": [
            "trigger_branch",
            "trigger_title",
            "clear_cache"
          ],
          "additionalProperties": false
        },
        "body": {
          "type": "object",
          "description": "Optional payload that will be available as INCOMING_HOOK_BODY environment variable",
          "properties": {
            "message": {
              "type": "string",
              "description": "Custom message or payload to include with the build trigger."
            }
          },
          "required": [],
          "visible": [
            "message"
          ],
          "additionalProperties": false
        }
      },
      "required": [
        "path"
      ],
      "visible": [
        "path",
        "query",
        "body"
      ],
      "additionalProperties": false
    }
  }
]
