{
  "name": "MICROSOFT_OUTLOOK",
  "url": "https://mcp.aci.dev/virtual/mcp?server_name=MICROSOFT_OUTLOOK",
  "transport_type": "streamable_http",
  "description": "The Microsoft Graph Outlook API enables access to Microsoft Outlook data including emails, folders, contacts, and mail settings. This integration allows reading and managing Outlook content on behalf of the user.",
  "logo": "https://raw.githubusercontent.com/aipotheosis-labs/aipolabs-icons/refs/heads/main/apps/outlook.svg",
  "categories": ["Communication", "Productivity"],
  "auth_configs": [
    {
      "type": "oauth2",
      "client_id": "{{ CLIENT_ID }}",
      "client_secret": "{{ CLIENT_SECRET }}",
      "scope": "User.Read Mail.ReadWrite Mail.Send offline_access",
      "authorize_url": "https://login.microsoftonline.com/common/oauth2/v2.0/authorize",
      "access_token_url": "https://login.microsoftonline.com/common/oauth2/v2.0/token",
      "refresh_token_url": "https://login.microsoftonline.com/common/oauth2/v2.0/token"
    }
  ],
  "server_metadata": {
    "is_virtual_mcp_server": true
  }
}
