[
  {
    "name": "REDDIT__GET_SUBREDDIT_POSTS",
    "description": "Retrieves posts from a specified subreddit",
    "tool_metadata": {
      "type": "rest",
      "method": "GET",
      "endpoint": "https://oauth.reddit.com/r/{subreddit}/{sort}"
    },
    "input_schema": {
      "type": "object",
      "properties": {
        "header": {
          "type": "object",
          "description": "Headers for the http request",
          "properties": {
            "user-agent": {
              "type": "string",
              "description": "User-Agent header",
              "default": "ACI::REDDIT"
            }
          },
          "required": [
            "user-agent"
          ],
          "visible": [],
          "additionalProperties": false
        },
        "path": {
          "type": "object",
          "description": "Path parameters for the http request",
          "properties": {
            "subreddit": {
              "type": "string",
              "description": "The name of the subreddit"
            },
            "sort": {
              "type": "string",
              "description": "Sort method for posts",
              "enum": [
                "hot",
                "new",
                "top",
                "rising"
              ]
            }
          },
          "required": [
            "subreddit",
            "sort"
          ],
          "visible": [
            "subreddit",
            "sort"
          ],
          "additionalProperties": false
        },
        "query": {
          "type": "object",
          "description": "Optional query parameters for the http request",
          "properties": {
            "limit": {
              "type": "integer",
              "description": "The maximum number of posts to return",
              "default": 25
            },
            "after": {
              "type": "string",
              "description": "The fullname of a thing to use as the anchor point for pagination"
            }
          },
          "required": [],
          "visible": [
            "limit",
            "after"
          ],
          "additionalProperties": false
        }
      },
      "required": [
        "header",
        "path"
      ],
      "visible": [
        "path",
        "query"
      ],
      "additionalProperties": false
    }
  },
  {
    "name": "REDDIT__GET_POST_COMMENTS",
    "description": "Retrieves comments for a specific post",
    "tool_metadata": {
      "type": "rest",
      "method": "GET",
      "endpoint": "https://oauth.reddit.com/comments/{article}"
    },
    "input_schema": {
      "type": "object",
      "properties": {
        "header": {
          "type": "object",
          "description": "Headers for the http request",
          "properties": {
            "user-agent": {
              "type": "string",
              "description": "User-Agent header",
              "default": "ACI::REDDIT"
            }
          },
          "required": [
            "user-agent"
          ],
          "visible": [],
          "additionalProperties": false
        },
        "path": {
          "type": "object",
          "description": "Path parameters for the http request",
          "properties": {
            "article": {
              "type": "string",
              "description": "The ID of the post to get comments for"
            }
          },
          "required": [
            "article"
          ],
          "visible": [
            "article"
          ],
          "additionalProperties": false
        },
        "query": {
          "type": "object",
          "description": "Optional query parameters for the http request",
          "properties": {
            "sort": {
              "type": "string",
              "description": "Sort method for comments",
              "enum": [
                "confidence",
                "top",
                "new",
                "controversial",
                "old",
                "random",
                "qa"
              ],
              "default": "confidence"
            },
            "limit": {
              "type": "integer",
              "description": "The maximum number of comments to return",
              "default": 25
            }
          },
          "required": [],
          "visible": [
            "sort",
            "limit"
          ],
          "additionalProperties": false
        }
      },
      "required": [
        "header",
        "path"
      ],
      "visible": [
        "path",
        "query"
      ],
      "additionalProperties": false
    }
  },
  {
    "name": "REDDIT__GET_USER_INFO",
    "description": "Retrieves information about a Reddit user",
    "tool_metadata": {
      "type": "rest",
      "method": "GET",
      "endpoint": "https://oauth.reddit.com/user/{username}/about"
    },
    "input_schema": {
      "type": "object",
      "properties": {
        "header": {
          "type": "object",
          "description": "Headers for the http request",
          "properties": {
            "user-agent": {
              "type": "string",
              "description": "User-Agent header",
              "default": "ACI::REDDIT"
            }
          },
          "required": [
            "user-agent"
          ],
          "visible": [],
          "additionalProperties": false
        },
        "path": {
          "type": "object",
          "description": "Path parameters for the http request",
          "properties": {
            "username": {
              "type": "string",
              "description": "The username of the Reddit user"
            }
          },
          "required": [
            "username"
          ],
          "visible": [
            "username"
          ],
          "additionalProperties": false
        }
      },
      "required": [
        "header",
        "path"
      ],
      "visible": [
        "path"
      ],
      "additionalProperties": false
    }
  },
  {
    "name": "REDDIT__SEARCH",
    "description": "Searches Reddit for posts and comments",
    "tool_metadata": {
      "type": "rest",
      "method": "GET",
      "endpoint": "https://oauth.reddit.com/search"
    },
    "input_schema": {
      "type": "object",
      "properties": {
        "header": {
          "type": "object",
          "description": "Headers for the http request",
          "properties": {
            "user-agent": {
              "type": "string",
              "description": "User-Agent header",
              "default": "ACI::REDDIT"
            }
          },
          "required": [
            "user-agent"
          ],
          "visible": [],
          "additionalProperties": false
        },
        "query": {
          "type": "object",
          "description": "Query parameters for the http request",
          "properties": {
            "q": {
              "type": "string",
              "description": "The search query"
            },
            "sort": {
              "type": "string",
              "description": "Sort method for results",
              "enum": [
                "relevance",
                "hot",
                "top",
                "new",
                "comments"
              ],
              "default": "relevance"
            },
            "t": {
              "type": "string",
              "description": "Time period for results",
              "enum": [
                "hour",
                "day",
                "week",
                "month",
                "year",
                "all"
              ],
              "default": "all"
            },
            "limit": {
              "type": "integer",
              "description": "The maximum number of results to return",
              "default": 25
            }
          },
          "required": [
            "q"
          ],
          "visible": [
            "q",
            "sort",
            "t",
            "limit"
          ],
          "additionalProperties": false
        }
      },
      "required": [
        "header",
        "query"
      ],
      "visible": [
        "query"
      ],
      "additionalProperties": false
    }
  },
  {
    "name": "REDDIT__GET_SUBREDDIT_INFO",
    "description": "Retrieves information about a subreddit",
    "tool_metadata": {
      "type": "rest",
      "method": "GET",
      "endpoint": "https://oauth.reddit.com/r/{subreddit}/about"
    },
    "input_schema": {
      "type": "object",
      "properties": {
        "header": {
          "type": "object",
          "description": "Headers for the http request",
          "properties": {
            "user-agent": {
              "type": "string",
              "description": "User-Agent header",
              "default": "ACI::REDDIT"
            }
          },
          "required": [
            "user-agent"
          ],
          "visible": [],
          "additionalProperties": false
        },
        "path": {
          "type": "object",
          "description": "Path parameters for the http request",
          "properties": {
            "subreddit": {
              "type": "string",
              "description": "The name of the subreddit"
            }
          },
          "required": [
            "subreddit"
          ],
          "visible": [
            "subreddit"
          ],
          "additionalProperties": false
        }
      },
      "required": [
        "header",
        "path"
      ],
      "visible": [
        "path"
      ],
      "additionalProperties": false
    }
  }
]
