[
  {
    "name": "NOTTE__START_SESSION",
    "description": "Starts a new browser session and returns a session ID. An existing session cannot provide a session ID during creation.",
    "tool_metadata": {
      "type": "rest",
      "method": "POST",
      "endpoint": "https://api.notte.cc/sessions/start"
    },
    "input_schema": {
      "type": "object",
      "properties": {
        "body": {
          "type": "object",
          "properties": {
            "session_id": {
              "type": "string",
              "description": "Optional parameter to specify a session ID. Session ID should not be provided when starting a new session.",
              "default": null
            },
            "keep_alive": {
              "type": "boolean",
              "description": "Optional parameter to keep the session alive beyond its timeout period.",
              "default": false
            },
            "session_timeout": {
              "type": "integer",
              "description": "Optional parameter to set a custom timeout for the session. Specify the timeout in minutes.",
              "default": 10
            },
            "screenshot": {
              "type": "boolean",
              "description": "Optional parameter to request a screenshot during the session.",
              "default": false
            }
          },
          "required": [],
          "visible": [
            "session_id",
            "keep_alive",
            "session_timeout",
            "screenshot"
          ],
          "additionalProperties": false
        }
      },
      "required": [
        "body"
      ],
      "visible": [
        "body"
      ],
      "additionalProperties": false
    }
  },
  {
    "name": "NOTTE__OBSERVE_PAGE",
    "description": "This endpoint observes the actions available on a given URL within the session's environment.",
    "tool_metadata": {
      "type": "rest",
      "method": "POST",
      "endpoint": "https://api.notte.cc/env/observe"
    },
    "input_schema": {
      "type": "object",
      "properties": {
        "body": {
          "type": "object",
          "properties": {
            "session_id": {
              "type": "string",
              "description": "Optional parameter to specify the session ID. The session ID of the session within which the environment will be observed."
            },
            "url": {
              "type": "string",
              "description": "Required parameter to specify the URL to observe. The URL to analyze and fetch available actions."
            },
            "keep_alive": {
              "type": "boolean",
              "description": "Optional parameter to keep the session alive beyond its timeout period.",
              "default": false
            },
            "session_timeout": {
              "type": "integer",
              "description": "Optional parameter to set a custom timeout for the session. Specify the timeout in minutes.",
              "default": 10
            }
          },
          "required": [
            "url"
          ],
          "visible": [
            "session_id",
            "url",
            "keep_alive",
            "session_timeout"
          ],
          "additionalProperties": false
        }
      },
      "required": [
        "body"
      ],
      "visible": [
        "body"
      ],
      "additionalProperties": false
    }
  },
  {
    "name": "NOTTE__SCRAPE_DATA",
    "description": "This endpoint scrapes data from a specified URL within the session's environment.",
    "tool_metadata": {
      "type": "rest",
      "method": "POST",
      "endpoint": "https://api.notte.cc/env/scrape"
    },
    "input_schema": {
      "type": "object",
      "properties": {
        "body": {
          "type": "object",
          "properties": {
            "session_id": {
              "type": "string",
              "description": "Optional parameter to specify the session ID.",
              "default": null
            },
            "url": {
              "type": "string",
              "description": "URL to scrape data from.",
              "default": null
            },
            "keep_alive": {
              "type": "boolean",
              "description": "Optional parameter to keep the session alive beyond its timeout period.",
              "default": false
            },
            "session_timeout": {
              "type": "integer",
              "description": "Optional parameter to set a custom timeout for the session. Specify the timeout in minutes.",
              "default": 10
            },
            "screenshot": {
              "type": "boolean",
              "description": "Optional parameter to request a screenshot of the scraped page.",
              "default": null
            }
          },
          "required": [],
          "visible": [
            "session_id",
            "url",
            "keep_alive",
            "session_timeout",
            "screenshot"
          ],
          "additionalProperties": false
        }
      },
      "required": [
        "body"
      ],
      "visible": [
        "body"
      ],
      "additionalProperties": false
    }
  }
]
