[
  {
    "name": "HACKERNEWS__TOP_STORIES_GET",
    "description": "Fetch the top stories from HackerNews.",
    "tool_metadata": {
      "type": "rest",
      "method": "GET",
      "endpoint": "https://hacker-news.firebaseio.com/v0/topstories.json"
    },
    "input_schema": {
      "type": "object",
      "properties": {},
      "required": [],
      "visible": [],
      "additionalProperties": false
    }
  },
  {
    "name": "HACKERNEWS__ITEM_GET",
    "description": "Fetch a specific item (story or comment) by ID.",
    "tool_metadata": {
      "type": "rest",
      "method": "GET",
      "endpoint": "https://hacker-news.firebaseio.com/v0/item/{id}.json"
    },
    "input_schema": {
      "type": "object",
      "properties": {
        "path": {
          "type": "object",
          "description": "Path parameters for the request.",
          "properties": {
            "id": {
              "type": "string",
              "description": "The ID of the item (story or comment) to retrieve."
            }
          },
          "required": [
            "id"
          ],
          "visible": [
            "id"
          ],
          "additionalProperties": false
        }
      },
      "required": [
        "path"
      ],
      "visible": [
        "path"
      ],
      "additionalProperties": false
    }
  },
  {
    "name": "HACKERNEWS__USER_GET",
    "description": "Fetch user information by user ID.",
    "tool_metadata": {
      "type": "rest",
      "method": "GET",
      "endpoint": "https://hacker-news.firebaseio.com/v0/user/{id}.json"
    },
    "input_schema": {
      "type": "object",
      "properties": {
        "path": {
          "type": "object",
          "description": "Path parameters for the request.",
          "properties": {
            "id": {
              "type": "string",
              "description": "The ID of the user to retrieve."
            }
          },
          "required": [
            "id"
          ],
          "visible": [
            "id"
          ],
          "additionalProperties": false
        }
      },
      "required": [
        "path"
      ],
      "visible": [
        "path"
      ],
      "additionalProperties": false
    }
  },
  {
    "name": "HACKERNEWS__USER_STORIES_GET",
    "description": "Fetch stories submitted by a user.",
    "tool_metadata": {
      "type": "rest",
      "method": "GET",
      "endpoint": "https://hacker-news.firebaseio.com/v0/user/{id}/submitted.json"
    },
    "input_schema": {
      "type": "object",
      "properties": {
        "path": {
          "type": "object",
          "description": "Path parameters for the request.",
          "properties": {
            "id": {
              "type": "string",
              "description": "The ID of the user whose submitted stories to retrieve."
            }
          },
          "required": [
            "id"
          ],
          "visible": [
            "id"
          ],
          "additionalProperties": false
        }
      },
      "required": [
        "path"
      ],
      "visible": [
        "path"
      ],
      "additionalProperties": false
    }
  },
  {
    "name": "HACKERNEWS__USER_RECEIVED_GET",
    "description": "Fetch stories received (comments) by a user.",
    "tool_metadata": {
      "type": "rest",
      "method": "GET",
      "endpoint": "https://hacker-news.firebaseio.com/v0/user/{id}/received.json"
    },
    "input_schema": {
      "type": "object",
      "properties": {
        "path": {
          "type": "object",
          "description": "Path parameters for the request.",
          "properties": {
            "id": {
              "type": "string",
              "description": "The ID of the user whose received stories/comments to retrieve."
            }
          },
          "required": [
            "id"
          ],
          "visible": [
            "id"
          ],
          "additionalProperties": false
        }
      },
      "required": [
        "path"
      ],
      "visible": [
        "path"
      ],
      "additionalProperties": false
    }
  }
]
