[
  {
    "name": "API_TEMPLATE__LIST_TEMPLATES",
    "description": "List all templates from APITemplate.io",
    "tool_metadata": {
      "type": "rest",
      "method": "GET",
      "endpoint": "https://rest.apitemplate.io/v2/list-templates"
    },
    "input_schema": {
      "type": "object",
      "properties": {
        "header": {
          "type": "object",
          "description": "Headers for the http request",
          "properties": {
            "Content-Type": {
              "type": "string",
              "description": "Content-Type header",
              "default": "application/json"
            }
          },
          "additionalProperties": false,
          "required": [
            "Content-Type"
          ],
          "visible": []
        },
        "query": {
          "type": "object",
          "description": "Query parameters",
          "properties": {
            "limit": {
              "type": "string",
              "description": "Retrieve only the number of records specified. Default to 300",
              "default": "300"
            },
            "offset": {
              "type": "string",
              "description": "Offset is used to skip the number of records from the results. Default to 0",
              "default": "0"
            },
            "format": {
              "type": "string",
              "description": "To filter the templates by either 'PDF' or 'JPEG'",
              "enum": [
                "PDF",
                "JPEG"
              ]
            },
            "template_id": {
              "type": "string",
              "description": "To filter the templates by template id"
            },
            "group_name": {
              "type": "string",
              "description": "To filter the templates by the group name"
            },
            "with_layer_info": {
              "type": "string",
              "description": "Return along with layer information for image templates, 0=false , 1=true. Default to '0'",
              "enum": [
                "0",
                "1"
              ],
              "default": "0"
            }
          },
          "required": [],
          "additionalProperties": false,
          "visible": [
            "limit",
            "offset",
            "format",
            "template_id",
            "group_name",
            "with_layer_info"
          ]
        }
      },
      "additionalProperties": false,
      "required": [
        "header"
      ],
      "visible": [
        "query"
      ]
    }
  },
  {
    "name": "API_TEMPLATE__GET_TEMPLATE",
    "description": "Get a specific template details from APITemplate.io",
    "tool_metadata": {
      "type": "rest",
      "method": "GET",
      "endpoint": "https://rest.apitemplate.io/v2/get-template"
    },
    "input_schema": {
      "type": "object",
      "properties": {
        "header": {
          "type": "object",
          "description": "Headers for the http request",
          "properties": {
            "Content-Type": {
              "type": "string",
              "description": "Content-Type header",
              "default": "application/json"
            }
          },
          "additionalProperties": false,
          "required": [
            "Content-Type"
          ],
          "visible": []
        },
        "query": {
          "type": "object",
          "description": "Query parameters",
          "properties": {
            "template_id": {
              "type": "string",
              "description": "The ID of the template to retrieve"
            }
          },
          "required": [
            "template_id"
          ],
          "additionalProperties": false,
          "visible": [
            "template_id"
          ]
        }
      },
      "additionalProperties": false,
      "required": [
        "header",
        "query"
      ],
      "visible": [
        "query"
      ]
    }
  },
  {
    "name": "API_TEMPLATE__UPDATE_TEMPLATE",
    "description": "Update a specific template in APITemplate.io",
    "tool_metadata": {
      "type": "rest",
      "method": "POST",
      "endpoint": "https://rest.apitemplate.io/v2/update-template"
    },
    "input_schema": {
      "type": "object",
      "properties": {
        "header": {
          "type": "object",
          "description": "Headers for the http request",
          "properties": {
            "Content-Type": {
              "type": "string",
              "description": "Content-Type header",
              "default": "application/json"
            }
          },
          "additionalProperties": false,
          "required": [
            "Content-Type"
          ],
          "visible": []
        },
        "body": {
          "type": "object",
          "description": "Template update parameters",
          "properties": {
            "template_id": {
              "type": "string",
              "description": "The ID of the template to update"
            },
            "css": {
              "type": "string",
              "description": "The new template HTML content"
            }
          },
          "required": [
            "template_id",
            "css"
          ],
          "additionalProperties": false,
          "visible": [
            "template_id",
            "css"
          ]
        }
      },
      "additionalProperties": false,
      "required": [
        "header",
        "body"
      ],
      "visible": [
        "body"
      ]
    }
  }
]
