{
  "name": "SCRAPYBARA",
  "url": "https://mcp.aci.dev/virtual/mcp?server_name=SCRAPYBARA",
  "transport_type": "streamable_http",
  "description": "Scrapybara is a web scraping API designed for developers. It provides a powerful, fast, and simple interface to scrape any webpage and extract structured content in real time.",
  "logo": "https://raw.githubusercontent.com/aipotheosis-labs/aipolabs-icons/refs/heads/main/apps/scrapybara.webp",
  "categories": ["Search & Scraping"],
  "auth_configs": [
    {
      "type": "api_key",
      "location": "header",
      "name": "x-api-key"
    }
  ],
  "server_metadata": {
    "is_virtual_mcp_server": true
  }
}
