{
  "name": "API_TEMPLATE",
  "url": "https://mcp.aci.dev/virtual/mcp?server_name=API_TEMPLATE",
  "transport_type": "streamable_http",
  "description": "APITemplate.io is a template-based document generation service that allows you to create PDFs and other documents from HTML templates.",
  "logo": "https://raw.githubusercontent.com/aipotheosis-labs/aipolabs-icons/refs/heads/main/apps/apitemplate.svg",
  "categories": ["Document Management"],
  "auth_configs": [
    {
      "type": "api_key",
      "location": "header",
      "name": "X-API-KEY"
    }
  ],
  "server_metadata": {
    "is_virtual_mcp_server": true
  }
}
