{
  "name": "VERCEL",
  "url": "https://mcp.aci.dev/virtual/mcp?server_name=VERCEL",
  "transport_type": "streamable_http",
  "description": "The Vercel API allows programmatic control over deployments, projects, and integrations, including GitHub repository linking and deployment management.",
  "logo": "https://raw.githubusercontent.com/aipotheosis-labs/aipolabs-icons/refs/heads/main/apps/vercel.png",
  "categories": ["Deployment", "CI/CD"],
  "auth_configs": [
    {
      "type": "api_key",
      "location": "header",
      "name": "Authorization",
      "prefix": "Bearer"
    }
  ],
  "server_metadata": {
    "is_virtual_mcp_server": true
  }
}
