{
  "name": "ACTIVE_CAMPAIGN",
  "url": "https://mcp.aci.dev/virtual/mcp?server_name=ACTIVE_CAMPAIGN",
  "transport_type": "streamable_http",
  "description": "ActiveCampaign is a customer experience automation (CXA) platform that combines email marketing, marketing automation, sales automation and CRM capabilities to help businesses build better relationships with customers.",
  "logo": "https://raw.githubusercontent.com/aipotheosis-labs/aipolabs-icons/refs/heads/main/apps/active_campaign.svg",
  "categories": ["Marketing", "CRM & Support", "Automation"],
  "auth_configs": [
    {
      "type": "api_key",
      "location": "header",
      "name": "Api-Token"
    }
  ],
  "server_metadata": {
    "is_virtual_mcp_server": true
  }
}
