{
  "name": "BRAVE_SEARCH",
  "url": "https://mcp.aci.dev/virtual/mcp?server_name=BRAVE_SEARCH",
  "transport_type": "streamable_http",
  "description": "Brave Search API is a REST API to query Brave Search and get back search results from the web. It supports web search, summarizer search, image search, video search, news search.",
  "logo": "https://raw.githubusercontent.com/aipotheosis-labs/aipolabs-icons/refs/heads/main/apps/brave_search.svg",
  "categories": ["Search & Scraping"],
  "auth_configs": [
    {
      "type": "api_key",
      "location": "header",
      "name": "X-Subscription-Token"
    }
  ],
  "server_metadata": {
    "is_virtual_mcp_server": true
  }
}
