[
  {
    "name": "BRAVE_SEARCH__WEB_SEARCH",
    "description": "Brave Web Search API is a REST API to query Brave Search and get back search results from the web.",
    "tags": [],
    "tool_metadata": {
      "canonical_tool_name": "WEB_SEARCH",
      "canonical_tool_description_hash": "4dd6b9e6d736b2a9f7d4fd362ed34075d24ab3b2bea26caba16771ce3d83a0b6",
      "canonical_tool_input_schema_hash": "dec8572e5d7a79a6cd7f9e0b9a5cc8a1525a438aa24ed9919bd17d57174e9cd9"
    },
    "input_schema": {
      "type": "object",
      "required": ["query"],
      "properties": {
        "query": {
          "type": "object",
          "required": ["q"],
          "properties": {
            "q": {
              "type": "string",
              "maxLength": 400,
              "description": "The user's search query term. Maximum of 400 characters and 50 words"
            },
            "count": {
              "type": "integer",
              "default": 20,
              "maximum": 20,
              "minimum": 1,
              "description": "Number of search results returned in response (max 20) The actual number delivered may be less than requested. Combine this parameter with offset to paginate search results."
            },
            "offset": {
              "type": "integer",
              "default": 0,
              "maximum": 9,
              "minimum": 0,
              "description": "The zero based offset that indicates number of search results per page (count) to skip before returning the result. The maximum is 9. The actual number delivered may be less than requested based on the query. In order to paginate results use this parameter together with count"
            },
            "safesearch": {
              "enum": ["off", "moderate", "strict"],
              "type": "string",
              "default": "moderate",
              "description": "Filters search results for adult content"
            },
            "extra_snippets": {
              "type": "boolean",
              "default": false,
              "description": "A snippet is an excerpt from a page you get as a result of the query, and extra_snippets allow you to get up to 5 additional, alternative excerpts."
            }
          },
          "description": "query parameters",
          "additionalProperties": false
        }
      },
      "additionalProperties": false
    }
  },
  {
    "name": "BRAVE_SEARCH__IMAGE_SEARCH",
    "description": "Brave Image Search API is a REST API to query Brave Search and get back search results from the web.",
    "tags": [],
    "tool_metadata": {
      "canonical_tool_name": "IMAGE_SEARCH",
      "canonical_tool_description_hash": "aa011a8a6bd02b6cdd7c13cf9f1820275f0cb2087ed00efe23093cbf504d7f82",
      "canonical_tool_input_schema_hash": "a3d6e21caf2cc7e3dce1435816e67f51781dfb36bf7b9f272f32bd61374d1bc3"
    },
    "input_schema": {
      "type": "object",
      "required": ["query"],
      "properties": {
        "query": {
          "type": "object",
          "required": ["q"],
          "properties": {
            "q": {
              "type": "string",
              "maxLength": 400,
              "description": "The user\u2019s search query term. Query can not be empty. Maximum of 400 characters and 50 words in the query."
            },
            "count": {
              "type": "integer",
              "default": 50,
              "maximum": 100,
              "minimum": 1,
              "description": "Number of search results returned in response (max 20) The actual number delivered may be less than requested. Combine this parameter with offset to paginate search results."
            },
            "country": {
              "enum": [
                "ALL",
                "AR",
                "AU",
                "AT",
                "BE",
                "BR",
                "CA",
                "CL",
                "DK",
                "FI",
                "FR",
                "DE",
                "HK",
                "IN",
                "ID",
                "IT",
                "JP",
                "KR",
                "MY",
                "MX",
                "NL",
                "NZ",
                "NO",
                "CN",
                "PL",
                "PT",
                "PH",
                "RU",
                "SA",
                "ZA",
                "ES",
                "SE",
                "CH",
                "TW",
                "TR",
                "GB",
                "US"
              ],
              "type": "string",
              "default": "US",
              "description": "The search query country (2 character country codes)"
            },
            "safesearch": {
              "enum": ["off", "strict"],
              "type": "string",
              "default": "strict",
              "description": "Filters search results for adult content"
            },
            "spellcheck": {
              "type": "boolean",
              "default": false,
              "description": "Whether to spellcheck provided query"
            },
            "search_lang": {
              "enum": [
                "ar",
                "eu",
                "bn",
                "bg",
                "ca",
                "zh-hans",
                "zh-hant",
                "hr",
                "cs",
                "da",
                "nl",
                "en",
                "en-gb",
                "et",
                "fi",
                "fr",
                "gl",
                "de",
                "gu",
                "he",
                "hi",
                "hu",
                "is",
                "it",
                "jp",
                "kn",
                "ko",
                "lv",
                "lt",
                "ms",
                "ml",
                "mr",
                "nb",
                "pl",
                "pt-br",
                "pt-pt",
                "pa",
                "ro",
                "ru",
                "sr",
                "sk",
                "sl",
                "es",
                "sv",
                "ta",
                "te",
                "th",
                "tr",
                "uk",
                "vi"
              ],
              "type": "string",
              "default": "en",
              "description": "The search language preference (2+ character language code)"
            }
          },
          "description": "query parameters",
          "additionalProperties": false
        }
      },
      "additionalProperties": false
    }
  },
  {
    "name": "BRAVE_SEARCH__VIDEO_SEARCH",
    "description": "Brave Video Search API is a REST API to query Brave Search and get back search results from the web.",
    "tags": [],
    "tool_metadata": {
      "canonical_tool_name": "VIDEO_SEARCH",
      "canonical_tool_description_hash": "0f729891e7bef4e0fc607a13a37e353ac915121a4b852fb3a4ba8eec3c53fc23",
      "canonical_tool_input_schema_hash": "5dda3d27b530f9661d06d1f50d64ef50029119b4c432f66f4ea1bec0506b88ec"
    },
    "input_schema": {
      "type": "object",
      "required": ["query"],
      "properties": {
        "query": {
          "type": "object",
          "required": ["q"],
          "properties": {
            "q": {
              "type": "string",
              "maxLength": 400,
              "description": "The user\u2019s search query term. Query can not be empty. Maximum of 400 characters and 50 words in the query."
            },
            "count": {
              "type": "integer",
              "default": 20,
              "maximum": 50,
              "minimum": 1,
              "description": "Number of search results returned in response (max 50). The actual number delivered may be less than requested. Combine this parameter with offset to paginate search results."
            },
            "offset": {
              "type": "integer",
              "default": 0,
              "maximum": 9,
              "minimum": 0,
              "description": "The zero-based offset that indicates the number of search results per page to skip before returning the result. The maximum is 9."
            },
            "country": {
              "enum": [
                "ALL",
                "AR",
                "AU",
                "AT",
                "BE",
                "BR",
                "CA",
                "CL",
                "DK",
                "FI",
                "FR",
                "DE",
                "HK",
                "IN",
                "ID",
                "IT",
                "JP",
                "KR",
                "MY",
                "MX",
                "NL",
                "NZ",
                "NO",
                "CN",
                "PL",
                "PT",
                "PH",
                "RU",
                "SA",
                "ZA",
                "ES",
                "SE",
                "CH",
                "TW",
                "TR",
                "GB",
                "US"
              ],
              "type": "string",
              "default": "US",
              "description": "The search query country (2 character country codes)"
            },
            "ui_lang": {
              "type": "string",
              "default": "en-US",
              "description": "User interface language preferred in response. Usually formatted as '<language_code>-<country_code>' (RFC 9110)."
            },
            "freshness": {
              "type": "string",
              "description": "Filters search results by when they were discovered. Supported values: 'pd' (24 hours), 'pw' (7 days), 'pm' (31 days), 'py' (365 days), or a date range 'YYYY-MM-DDtoYYYY-MM-DD'."
            },
            "safesearch": {
              "enum": ["off", "moderate", "strict"],
              "type": "string",
              "default": "moderate",
              "description": "Filters search results for adult content."
            },
            "spellcheck": {
              "type": "boolean",
              "default": true,
              "description": "Whether to spellcheck provided query. If the spellchecker is enabled, the modified query is always used for search."
            },
            "search_lang": {
              "enum": [
                "ar",
                "eu",
                "bn",
                "bg",
                "ca",
                "zh-hans",
                "zh-hant",
                "hr",
                "cs",
                "da",
                "nl",
                "en",
                "en-gb",
                "et",
                "fi",
                "fr",
                "gl",
                "de",
                "gu",
                "he",
                "hi",
                "hu",
                "is",
                "it",
                "jp",
                "kn",
                "ko",
                "lv",
                "lt",
                "ms",
                "ml",
                "mr",
                "nb",
                "pl",
                "pt-br",
                "pt-pt",
                "pa",
                "ro",
                "ru",
                "sr",
                "sk",
                "sl",
                "es",
                "sv",
                "ta",
                "te",
                "th",
                "tr",
                "uk",
                "vi"
              ],
              "type": "string",
              "default": "en",
              "description": "The search language preference (2+ character language code)"
            }
          },
          "description": "query parameters",
          "additionalProperties": false
        }
      },
      "additionalProperties": false
    }
  },
  {
    "name": "BRAVE_SEARCH__NEWS_SEARCH",
    "description": "Brave News Search API is a REST API to query Brave Search and get back search results from the web.",
    "tags": [],
    "tool_metadata": {
      "canonical_tool_name": "NEWS_SEARCH",
      "canonical_tool_description_hash": "dcf56d0d3503612484dc309e33be7859b56387b271c0cf920bf629bf7ecdfb54",
      "canonical_tool_input_schema_hash": "5dda3d27b530f9661d06d1f50d64ef50029119b4c432f66f4ea1bec0506b88ec"
    },
    "input_schema": {
      "type": "object",
      "required": ["query"],
      "properties": {
        "query": {
          "type": "object",
          "required": ["q"],
          "properties": {
            "q": {
              "type": "string",
              "maxLength": 400,
              "description": "The user\u2019s search query term. Query can not be empty. Maximum of 400 characters and 50 words in the query."
            },
            "count": {
              "type": "integer",
              "default": 20,
              "maximum": 50,
              "minimum": 1,
              "description": "Number of search results returned in response (max 50). The actual number delivered may be less than requested. Combine this parameter with offset to paginate search results."
            },
            "offset": {
              "type": "integer",
              "default": 0,
              "maximum": 9,
              "minimum": 0,
              "description": "The zero-based offset that indicates the number of search results per page to skip before returning the result. The maximum is 9."
            },
            "country": {
              "enum": [
                "ALL",
                "AR",
                "AU",
                "AT",
                "BE",
                "BR",
                "CA",
                "CL",
                "DK",
                "FI",
                "FR",
                "DE",
                "HK",
                "IN",
                "ID",
                "IT",
                "JP",
                "KR",
                "MY",
                "MX",
                "NL",
                "NZ",
                "NO",
                "CN",
                "PL",
                "PT",
                "PH",
                "RU",
                "SA",
                "ZA",
                "ES",
                "SE",
                "CH",
                "TW",
                "TR",
                "GB",
                "US"
              ],
              "type": "string",
              "default": "US",
              "description": "The search query country (2 character country codes)"
            },
            "ui_lang": {
              "type": "string",
              "default": "en-US",
              "description": "User interface language preferred in response. Usually formatted as '<language_code>-<country_code>' (RFC 9110)."
            },
            "freshness": {
              "type": "string",
              "description": "Filters search results by when they were discovered. Supported values: 'pd' (24 hours), 'pw' (7 days), 'pm' (31 days), 'py' (365 days), or a date range 'YYYY-MM-DDtoYYYY-MM-DD'."
            },
            "safesearch": {
              "enum": ["off", "moderate", "strict"],
              "type": "string",
              "default": "moderate",
              "description": "Filters search results for adult content."
            },
            "spellcheck": {
              "type": "boolean",
              "default": true,
              "description": "Whether to spellcheck provided query. If the spellchecker is enabled, the modified query is always used for search."
            },
            "search_lang": {
              "enum": [
                "ar",
                "eu",
                "bn",
                "bg",
                "ca",
                "zh-hans",
                "zh-hant",
                "hr",
                "cs",
                "da",
                "nl",
                "en",
                "en-gb",
                "et",
                "fi",
                "fr",
                "gl",
                "de",
                "gu",
                "he",
                "hi",
                "hu",
                "is",
                "it",
                "jp",
                "kn",
                "ko",
                "lv",
                "lt",
                "ms",
                "ml",
                "mr",
                "nb",
                "pl",
                "pt-br",
                "pt-pt",
                "pa",
                "ro",
                "ru",
                "sr",
                "sk",
                "sl",
                "es",
                "sv",
                "ta",
                "te",
                "th",
                "tr",
                "uk",
                "vi"
              ],
              "type": "string",
              "default": "en",
              "description": "The search language preference (2+ character language code)"
            }
          },
          "description": "query parameters",
          "additionalProperties": false
        }
      },
      "additionalProperties": false
    }
  }
]
