{
  "name": "HOLDED",
  "url": "https://mcp.aci.dev/virtual/mcp?server_name=HOLDED",
  "transport_type": "streamable_http",
  "description": "Holded API for managing team, employees, payroll, treasury, invoicing and other business operations.",
  "logo": "https://raw.githubusercontent.com/aipotheosis-labs/aipolabs-icons/refs/heads/main/apps/holded.svg",
  "categories": ["Finance", "HR & Workforce"],
  "auth_configs": [
    {
      "type": "api_key",
      "location": "header",
      "name": "Authorization"
    }
  ],
  "server_metadata": {
    "is_virtual_mcp_server": true
  }
}
