[
  {
    "name": "HOLDED__LIST_EMPLOYEES",
    "description": "List all employees with pagination",
    "tags": [],
    "tool_metadata": {
      "canonical_tool_name": "LIST_EMPLOYEES",
      "canonical_tool_description_hash": "4517c80703c5499708731f7a25f41d2261e66051761943953ef7da4c30ff9652",
      "canonical_tool_input_schema_hash": "f54de584ab439d2076e7ce35952b49c4d5a01c73fce92565df03fcf5535c999c"
    },
    "input_schema": {
      "type": "object",
      "required": [],
      "properties": {
        "query": {
          "type": "object",
          "required": [],
          "properties": {
            "page": {
              "type": "integer",
              "default": 1,
              "description": "Page number for pagination"
            }
          },
          "description": "Query parameters",
          "additionalProperties": false
        }
      },
      "additionalProperties": false
    }
  },
  {
    "name": "HOLDED__CREATE_EMPLOYEE",
    "description": "Create a new employee",
    "tags": [],
    "tool_metadata": {
      "canonical_tool_name": "CREATE_EMPLOYEE",
      "canonical_tool_description_hash": "56ab1613f484d0dcca05b80997d08c1fa49af6ad9f43afd91065f4da0ec200fb",
      "canonical_tool_input_schema_hash": "ace336ff8575916ce1aad584264607ca537686e0e0314fb483223e3d4be6014b"
    },
    "input_schema": {
      "type": "object",
      "required": ["body"],
      "properties": {
        "body": {
          "type": "object",
          "required": ["name", "lastName", "email"],
          "properties": {
            "name": {
              "type": "string",
              "description": "First name of the employee"
            },
            "email": {
              "type": "string",
              "description": "Email address of the employee"
            },
            "lastName": {
              "type": "string",
              "description": "Last name of the employee"
            },
            "sendInvite": {
              "type": "boolean",
              "default": true,
              "description": "Whether to send an invite email to the employee"
            }
          },
          "description": "Employee creation parameters",
          "additionalProperties": false
        }
      },
      "additionalProperties": false
    }
  },
  {
    "name": "HOLDED__GET_EMPLOYEE",
    "description": "Get details of a specific employee",
    "tags": [],
    "tool_metadata": {
      "canonical_tool_name": "GET_EMPLOYEE",
      "canonical_tool_description_hash": "8ee10898c426e6875bf6fb72c7217c0caba77e49787d4202f00de8353c9ae3e6",
      "canonical_tool_input_schema_hash": "f4e4773e769113f7b02819fa2000b58d481e5718ca0c478f0444499190a9076a"
    },
    "input_schema": {
      "type": "object",
      "required": ["path"],
      "properties": {
        "path": {
          "type": "object",
          "required": ["employeeId"],
          "properties": {
            "employeeId": {
              "type": "string",
              "description": "ID of the employee to retrieve"
            }
          },
          "description": "Path parameters",
          "additionalProperties": false
        }
      },
      "additionalProperties": false
    }
  },
  {
    "name": "HOLDED__UPDATE_EMPLOYEE",
    "description": "Update an existing employee's information",
    "tags": [],
    "tool_metadata": {
      "canonical_tool_name": "UPDATE_EMPLOYEE",
      "canonical_tool_description_hash": "60a680e75f0483e9c962f2cae707ddf3303bb618370add6ca4643784dc60c0f1",
      "canonical_tool_input_schema_hash": "38c4a7bad6be09291d40c8aa29bc6b87b2636cfe78eefa7463b539cf5d562ab0"
    },
    "input_schema": {
      "type": "object",
      "required": ["path", "body"],
      "properties": {
        "body": {
          "type": "object",
          "required": [],
          "properties": {
            "code": {
              "type": "string",
              "description": "Employee code or NIF"
            },
            "iban": {
              "type": "string",
              "description": "International Bank Account Number"
            },
            "name": {
              "type": "string",
              "description": "First name of the employee"
            },
            "email": {
              "type": "string",
              "description": "Email address of the employee"
            },
            "phone": {
              "type": "string",
              "description": "Phone number of the employee"
            },
            "teams": {
              "type": "array",
              "items": {
                "type": "string"
              },
              "description": "List of team IDs the employee belongs to"
            },
            "gender": {
              "enum": ["male", "female"],
              "type": "string",
              "description": "Gender of the employee"
            },
            "mobile": {
              "type": "string",
              "description": "Mobile phone number of the employee"
            },
            "address": {
              "type": "object",
              "required": [],
              "properties": {
                "city": {
                  "type": "string",
                  "description": "City"
                },
                "address": {
                  "type": "string",
                  "description": "Street address"
                },
                "country": {
                  "type": "string",
                  "description": "Country"
                },
                "province": {
                  "type": "string",
                  "description": "Province or state"
                },
                "postalCode": {
                  "type": "string",
                  "description": "Postal or ZIP code"
                }
              },
              "description": "Employee's address information",
              "additionalProperties": false
            },
            "lastName": {
              "type": "string",
              "description": "Last name of the employee"
            },
            "mainEmail": {
              "type": "string",
              "description": "Main email address of the employee"
            },
            "workplace": {
              "type": "string",
              "description": "ID of the workplace"
            },
            "dateOfBirth": {
              "type": "string",
              "description": "Date of birth in format dd/mm/yyyy"
            },
            "nationality": {
              "type": "string",
              "description": "Nationality of the employee"
            },
            "reportingTo": {
              "type": "string",
              "description": "ID of the employee this employee reports to"
            },
            "holdedUserId": {
              "type": "string",
              "description": "Holded user ID"
            },
            "mainLanguage": {
              "enum": [
                "English",
                "English(UK)",
                "English(US)",
                "English(Canada)",
                "Spanish",
                "Spanish(Spain)",
                "Spanish(Mexico)",
                "Spanish(Argentina)",
                "Spanish(Colombia)",
                "Portuguese",
                "Portuguese(Portugal)",
                "Portuguese(Brazil)",
                "Catalan",
                "Galician",
                "Euskera",
                "French",
                "German(Deutsch)",
                "Italian",
                "Greek",
                "Swedish",
                "Dutch",
                "Finnish",
                "Irish",
                "Norwegian",
                "Danish",
                "Czech",
                "Croatian",
                "Russian",
                "Polish"
              ],
              "type": "string",
              "description": "Main language of the employee"
            },
            "fiscalAddress": {
              "type": "object",
              "required": [],
              "properties": {
                "city": {
                  "type": "string",
                  "description": "City"
                },
                "idNum": {
                  "type": "string",
                  "description": "Identification number"
                },
                "address": {
                  "type": "string",
                  "description": "Street address"
                },
                "country": {
                  "type": "string",
                  "description": "Country"
                },
                "province": {
                  "type": "string",
                  "description": "Province or state"
                },
                "postalCode": {
                  "type": "string",
                  "description": "Postal or ZIP code"
                },
                "cityOfBirth": {
                  "type": "string",
                  "description": "City of birth"
                },
                "countryOfBirth": {
                  "type": "string",
                  "description": "Country of birth"
                },
                "endSituationDate": {
                  "type": "string",
                  "description": "End date of the situation"
                }
              },
              "description": "Fiscal address information. This object is only used when fiscalResidence is set to false.",
              "additionalProperties": false
            },
            "fiscalResidence": {
              "type": "boolean",
              "description": "Whether the fiscal residence is the same as the regular address"
            },
            "timeOffPolicyId": {
              "type": "string",
              "description": "ID of the time off policy for the employee"
            },
            "socialSecurityNum": {
              "type": "string",
              "description": "Social security number"
            },
            "timeOffSupervisors": {
              "type": "array",
              "items": {
                "type": "string"
              },
              "description": "List of employee IDs who are supervisors for time off"
            }
          },
          "description": "Employee update parameters",
          "additionalProperties": false
        },
        "path": {
          "type": "object",
          "required": ["employeeId"],
          "properties": {
            "employeeId": {
              "type": "string",
              "description": "ID of the employee to update"
            }
          },
          "description": "Path parameters",
          "additionalProperties": false
        }
      },
      "additionalProperties": false
    }
  },
  {
    "name": "HOLDED__DELETE_EMPLOYEE",
    "description": "Delete an employee",
    "tags": [],
    "tool_metadata": {
      "canonical_tool_name": "DELETE_EMPLOYEE",
      "canonical_tool_description_hash": "565b5278bcdee8b968010eaacfe2ec280429baac1bff3e8f6955151c91c44ea8",
      "canonical_tool_input_schema_hash": "6082a3d422545090960716c5683eb5e706e31c5da02c52a10920e918e4433582"
    },
    "input_schema": {
      "type": "object",
      "required": ["path"],
      "properties": {
        "path": {
          "type": "object",
          "required": ["employeeId"],
          "properties": {
            "employeeId": {
              "type": "string",
              "description": "ID of the employee to delete"
            }
          },
          "description": "Path parameters",
          "additionalProperties": false
        }
      },
      "additionalProperties": false
    }
  }
]
