[
  {
    "name": "BAIDU_MAP__DRIVING_DIRECTIONS",
    "description": "Driving route planning service",
    "tool_metadata": {
      "type": "rest",
      "method": "GET",
      "endpoint": "https://api.map.baidu.com/direction/v2/driving"
    },
    "input_schema": {
      "type": "object",
      "properties": {
        "query": {
          "type": "object",
          "description": "Query parameters",
          "properties": {
            "origin": {
              "type": "string",
              "description": "Starting coordinates in format: latitude,longitude"
            },
            "destination": {
              "type": "string",
              "description": "Destination coordinates in format: latitude,longitude"
            },
            "timestamp": {
              "type": "integer",
              "description": "Timestamp, used with SN for authentication"
            },
            "origin_uid": {
              "type": "string",
              "description": "POI UID of starting point for higher accuracy"
            },
            "destination_uid": {
              "type": "string",
              "description": "POI UID of destination point for higher accuracy"
            },
            "waypoints": {
              "type": "string",
              "description": "Waypoints, up to 16 points, multiple points separated by '|' in format: latitude,longitude|latitude,longitude"
            },
            "coord_type": {
              "type": "string",
              "description": "Coordinate type",
              "default": "bd09ll",
              "enum": [
                "bd09ll",
                "bd09mc",
                "gcj02",
                "wgs84"
              ]
            },
            "ret_coordtype": {
              "type": "string",
              "description": "Return result coordinate type",
              "default": "bd09ll",
              "enum": [
                "bd09ll",
                "gcj02"
              ]
            },
            "tactics": {
              "type": "string",
              "description": "Driving strategy: 0-default, 2-shortest distance, 3-avoid highways, 4-highway preferred, 5-avoid congestion, etc.",
              "default": "0",
              "enum": [
                "0",
                "2",
                "3",
                "4",
                "5",
                "6",
                "7",
                "8",
                "9",
                "10",
                "11",
                "12",
                "13"
              ]
            },
            "alternatives": {
              "type": "string",
              "description": "Whether to return alternative routes: 0-return one recommended route, 1-return up to 3 alternative routes",
              "default": "0",
              "enum": [
                "0",
                "1"
              ]
            },
            "cartype": {
              "type": "string",
              "description": "Vehicle type: 0-regular car, 1-electric car, etc.",
              "default": "0"
            },
            "plate_number": {
              "type": "string",
              "description": "License plate number for traffic restriction check"
            },
            "gps_direction": {
              "type": "string",
              "description": "Direction of travel at starting point (0-359 degrees)"
            },
            "radius": {
              "type": "string",
              "description": "Positioning accuracy at starting point (0-2000)"
            },
            "speed": {
              "type": "string",
              "description": "Travel speed at starting point (meters/second)"
            },
            "walkinfo": {
              "type": "string",
              "description": "Whether to include walking directions at starting/ending points: 0-no, 1-yes",
              "default": "0",
              "enum": [
                "0",
                "1"
              ]
            },
            "steps_info": {
              "type": "string",
              "description": "Whether to include detailed step information: 0-no, 1-yes",
              "default": "0",
              "enum": [
                "0",
                "1"
              ]
            },
            "origin_bind_strategy": {
              "type": "string",
              "description": "Strategy for binding starting point: 0-keep restricted roads, 1-remove restricted roads",
              "default": "0",
              "enum": [
                "0",
                "1"
              ]
            },
            "dest_bind_strategy": {
              "type": "string",
              "description": "Strategy for binding destination point: 0-keep restricted roads, 1-remove restricted roads",
              "default": "0",
              "enum": [
                "0",
                "1"
              ]
            },
            "origin_road_type": {
              "type": "string",
              "description": "Road type at starting point: 0-regular road, 1-elevated road, 2-underground road, 3-main road, 4-side road",
              "default": "0",
              "enum": [
                "0",
                "1",
                "2",
                "3",
                "4"
              ]
            },
            "output": {
              "type": "string",
              "description": "Output format",
              "default": "json",
              "enum": [
                "json",
                "xml"
              ]
            },
            "sn": {
              "type": "string",
              "description": "User authentication signature, required when AK is set for SN verification"
            }
          },
          "required": [
            "origin",
            "destination"
          ],
          "visible": [
            "origin",
            "destination",
            "waypoints",
            "coord_type",
            "tactics",
            "alternatives",
            "timestamp",
            "origin_uid",
            "destination_uid",
            "plate_number",
            "gps_direction",
            "radius",
            "speed",
            "walkinfo",
            "steps_info",
            "cartype",
            "ret_coordtype",
            "output"
          ],
          "additionalProperties": false
        }
      },
      "required": [
        "query"
      ],
      "visible": [
        "query"
      ],
      "additionalProperties": false
    }
  },
  {
    "name": "BAIDU_MAP__RIDING_DIRECTIONS",
    "description": "Cycling route planning service",
    "tool_metadata": {
      "type": "rest",
      "method": "GET",
      "endpoint": "https://api.map.baidu.com/direction/v2/riding"
    },
    "input_schema": {
      "type": "object",
      "properties": {
        "query": {
          "type": "object",
          "description": "Query parameters",
          "properties": {
            "origin": {
              "type": "string",
              "description": "Starting coordinates in format: latitude,longitude",
              "comment": "Starting coordinates in format: latitude,longitude; decimal places should not exceed 6, e.g. 40.056878,116.30815"
            },
            "destination": {
              "type": "string",
              "description": "Destination coordinates in format: latitude,longitude",
              "comment": "Destination coordinates in format: latitude,longitude; decimal places should not exceed 6, e.g. 40.056878,116.30815"
            },
            "timestamp": {
              "type": "integer",
              "description": "Timestamp, used with SN for authentication",
              "comment": "Required when SN is present"
            },
            "origin_uid": {
              "type": "string",
              "description": "POI UID of starting point for higher accuracy"
            },
            "destination_uid": {
              "type": "string",
              "description": "POI UID of destination point for higher accuracy"
            },
            "coord_type": {
              "type": "string",
              "description": "Coordinate type",
              "default": "bd09ll",
              "enum": [
                "bd09ll",
                "bd09mc",
                "gcj02",
                "wgs84"
              ]
            },
            "ret_coordtype": {
              "type": "string",
              "description": "Return result coordinate type",
              "default": "bd09ll",
              "enum": [
                "bd09ll",
                "gcj02"
              ]
            },
            "riding_type": {
              "type": "string",
              "description": "Cycling type: 0-regular bike, 1-electric bike",
              "default": "0",
              "enum": [
                "0",
                "1"
              ]
            },
            "road_prefer": {
              "type": "string",
              "description": "Route preference: 0-default route, 3-route without highways and toll roads",
              "default": "0",
              "enum": [
                "0",
                "3"
              ]
            },
            "output": {
              "type": "string",
              "description": "Output format",
              "default": "json",
              "enum": [
                "json",
                "xml"
              ]
            },
            "sn": {
              "type": "string",
              "description": "User authentication signature, required when AK is set for SN verification"
            }
          },
          "required": [
            "origin",
            "destination"
          ],
          "visible": [
            "origin",
            "destination",
            "coord_type",
            "riding_type",
            "timestamp",
            "origin_uid",
            "destination_uid",
            "ret_coordtype",
            "road_prefer",
            "output"
          ],
          "additionalProperties": false
        }
      },
      "required": [
        "query"
      ],
      "visible": [
        "query"
      ],
      "additionalProperties": false
    }
  },
  {
    "name": "BAIDU_MAP__WALKING_DIRECTIONS",
    "description": "Walking route planning service",
    "tool_metadata": {
      "type": "rest",
      "method": "GET",
      "endpoint": "https://api.map.baidu.com/direction/v2/walking"
    },
    "input_schema": {
      "type": "object",
      "properties": {
        "query": {
          "type": "object",
          "description": "Query parameters",
          "properties": {
            "origin": {
              "type": "string",
              "description": "Starting coordinates in format: latitude,longitude"
            },
            "destination": {
              "type": "string",
              "description": "Destination coordinates in format: latitude,longitude"
            },
            "timestamp": {
              "type": "integer",
              "description": "Timestamp, used with SN for authentication"
            },
            "origin_uid": {
              "type": "string",
              "description": "POI UID of starting point for higher accuracy"
            },
            "destination_uid": {
              "type": "string",
              "description": "POI UID of destination point for higher accuracy"
            },
            "coord_type": {
              "type": "string",
              "description": "Coordinate type",
              "default": "bd09ll",
              "enum": [
                "bd09ll",
                "bd09mc",
                "gcj02",
                "wgs84"
              ]
            },
            "ret_coordtype": {
              "type": "string",
              "description": "Return result coordinate type",
              "default": "bd09ll",
              "enum": [
                "bd09ll",
                "gcj02"
              ]
            },
            "steps_info": {
              "type": "string",
              "description": "Whether to include detailed step information: 0-no, 1-yes",
              "default": "0",
              "enum": [
                "0",
                "1"
              ]
            },
            "output": {
              "type": "string",
              "description": "Output format",
              "default": "json",
              "enum": [
                "json",
                "xml"
              ]
            },
            "sn": {
              "type": "string",
              "description": "User authentication signature, required when AK is set for SN verification"
            }
          },
          "required": [
            "origin",
            "destination"
          ],
          "visible": [
            "origin",
            "destination",
            "coord_type",
            "steps_info",
            "timestamp",
            "origin_uid",
            "destination_uid",
            "ret_coordtype",
            "output"
          ],
          "additionalProperties": false
        }
      },
      "required": [
        "query"
      ],
      "visible": [
        "query"
      ],
      "additionalProperties": false
    }
  },
  {
    "name": "BAIDU_MAP__TRANSIT_DIRECTIONS",
    "description": "Public transit route planning service",
    "tool_metadata": {
      "type": "rest",
      "method": "GET",
      "endpoint": "https://api.map.baidu.com/direction/v2/transit"
    },
    "input_schema": {
      "type": "object",
      "properties": {
        "query": {
          "type": "object",
          "description": "Query parameters",
          "properties": {
            "origin": {
              "type": "string",
              "description": "Starting coordinates in format: latitude,longitude"
            },
            "destination": {
              "type": "string",
              "description": "Destination coordinates in format: latitude,longitude"
            },
            "timestamp": {
              "type": "integer",
              "description": "Timestamp, used with SN for authentication"
            },
            "origin_uid": {
              "type": "string",
              "description": "POI UID of starting point for higher accuracy"
            },
            "destination_uid": {
              "type": "string",
              "description": "POI UID of destination point for higher accuracy"
            },
            "coord_type": {
              "type": "string",
              "description": "Coordinate type",
              "default": "bd09ll",
              "enum": [
                "bd09ll",
                "bd09mc",
                "gcj02",
                "wgs84"
              ]
            },
            "ret_coordtype": {
              "type": "string",
              "description": "Return result coordinate type",
              "default": "bd09ll",
              "enum": [
                "bd09ll",
                "gcj02"
              ]
            },
            "departure_date": {
              "type": "string",
              "description": "Departure date"
            },
            "departure_time": {
              "type": "string",
              "description": "Departure time range, format: 'hh:mm-hh:mm' or 'hh:mm'"
            },
            "tactics_incity": {
              "type": "string",
              "description": "Strategy for intra-city public transit",
              "default": "0",
              "enum": [
                "0",
                "1",
                "2",
                "3",
                "4",
                "5"
              ]
            },
            "tactics_intercity": {
              "type": "string",
              "description": "Strategy for inter-city public transit",
              "default": "0",
              "enum": [
                "0",
                "1",
                "2"
              ]
            },
            "trans_type_intercity": {
              "type": "string",
              "description": "Inter-city transport mode strategy",
              "default": "0",
              "enum": [
                "0",
                "1",
                "2"
              ]
            },
            "steps_info": {
              "type": "string",
              "description": "Whether to include detailed step information: 0-no, 1-yes",
              "default": "0",
              "enum": [
                "0",
                "1"
              ]
            },
            "output": {
              "type": "string",
              "description": "Output format",
              "default": "json",
              "enum": [
                "json",
                "xml"
              ]
            },
            "page_size": {
              "type": "string",
              "description": "Number of routes per page",
              "default": "10"
            },
            "page_index": {
              "type": "string",
              "description": "Page number",
              "default": "1"
            },
            "callback": {
              "type": "string",
              "description": "Callback function name, only valid when output=json"
            },
            "sn": {
              "type": "string",
              "description": "User authentication signature, required when AK is set for SN verification"
            }
          },
          "required": [
            "origin",
            "destination"
          ],
          "visible": [
            "origin",
            "destination",
            "coord_type",
            "departure_date",
            "departure_time",
            "tactics_incity",
            "timestamp",
            "origin_uid",
            "destination_uid",
            "ret_coordtype",
            "tactics_intercity",
            "trans_type_intercity",
            "steps_info",
            "output",
            "page_size",
            "page_index",
            "callback"
          ],
          "additionalProperties": false
        }
      },
      "required": [
        "query"
      ],
      "visible": [
        "query"
      ],
      "additionalProperties": false
    }
  },
  {
    "name": "BAIDU_MAP__ROUTE_MATRIX",
    "description": "Route matrix service for calculating distance and duration between multiple origins and destinations",
    "tool_metadata": {
      "type": "rest",
      "method": "GET",
      "endpoint": "https://api.map.baidu.com/routematrix/v2/driving"
    },
    "input_schema": {
      "type": "object",
      "properties": {
        "query": {
          "type": "object",
          "description": "Query parameters",
          "properties": {
            "origins": {
              "type": "string",
              "description": "Starting coordinates, multiple points separated by '|' in format: latitude,longitude|latitude,longitude"
            },
            "destinations": {
              "type": "string",
              "description": "Destination\u00b7 coordinates, multiple points separated by '|' in format: latitude,longitude|latitude,longitude"
            },
            "timestamp": {
              "type": "integer",
              "description": "Timestamp, used with SN for authentication, not required here"
            },
            "tactics": {
              "type": "string",
              "description": "Route planning preferences: 10-least time(default), a11-shortest distance, 12-avoid traffic jams, 13-shortest distance without traffic info",
              "default": "13",
              "enum": [
                "10",
                "11",
                "12",
                "13"
              ]
            },
            "riding_type": {
              "type": "string",
              "description": "Cycling type: 0-regular bike, 1-electric bike",
              "default": "0",
              "enum": [
                "0",
                "1"
              ]
            },
            "coord_type": {
              "type": "string",
              "description": "Coordinate type",
              "default": "bd09ll",
              "enum": [
                "bd09ll",
                "bd09mc",
                "gcj02",
                "wgs84"
              ]
            },
            "ret_straight_dist": {
              "type": "string",
              "description": "Whether to return straight line distance: 0-return route distance, 1-return straight line distance",
              "default": "0",
              "enum": [
                "0",
                "1"
              ]
            },
            "output": {
              "type": "string",
              "description": "Output format",
              "default": "json",
              "enum": [
                "json",
                "xml"
              ]
            },
            "sn": {
              "type": "string",
              "description": "User authentication signature, required when AK is set for SN verification"
            }
          },
          "required": [
            "origins",
            "destinations"
          ],
          "visible": [
            "origins",
            "destinations",
            "tactics",
            "riding_type",
            "coord_type",
            "ret_straight_dist",
            "timestamp",
            "output"
          ],
          "additionalProperties": false
        }
      },
      "required": [
        "query"
      ],
      "visible": [
        "query"
      ],
      "additionalProperties": false
    }
  }
]
