{
  "name": "ACCREDIBLE",
  "url": "https://mcp.aci.dev/virtual/mcp?server_name=ACCREDIBLE",
  "transport_type": "streamable_http",
  "description": "Accredible integration for managing digital certificates and badges. Create, search, and generate PDFs for credentials.",
  "logo": "https://raw.githubusercontent.com/aipotheosis-labs/aipolabs-icons/refs/heads/main/apps/accredible.svg",
  "categories": ["Document Management"],
  "auth_configs": [
    {
      "type": "api_key",
      "location": "header",
      "name": "Authorization",
      "prefix": "Token"
    }
  ],
  "server_metadata": {
    "is_virtual_mcp_server": true
  }
}
