[
  {
    "name": "SCRAPYBARA__START_INSTANCE",
    "description": "Start a new instance of Scrapybara for web scraping",
    "tool_metadata": {
      "type": "rest",
      "method": "POST",
      "endpoint": "https://api.scrapybara.com/v1/start"
    },
    "input_schema": {
      "type": "object",
      "properties": {
        "body": {
          "type": "object",
          "description": "body parameters",
          "properties": {
            "instance_type": {
              "type": "string",
              "enum": [
                "ubuntu",
                "browser",
                "windows"
              ],
              "default": "ubuntu",
              "description": "The type of instance to launch."
            },
            "timeout_hours": {
              "type": "number",
              "minimum": 0.01,
              "maximum": 24,
              "description": "Number of hours before the instance times out."
            },
            "blocked_domains": {
              "type": "array",
              "items": {
                "type": "string"
              },
              "description": "List of domains to block during scraping."
            }
          },
          "required": [],
          "visible": [
            "instance_type",
            "timeout_hours",
            "blocked_domains"
          ],
          "additionalProperties": false
        }
      },
      "required": [
        "body"
      ],
      "visible": [
        "body"
      ],
      "additionalProperties": false
    }
  },
  {
    "name": "SCRAPYBARA__GET_INSTANCE_BY_ID",
    "description": "Get details of a Scrapybara instance by its ID",
    "tool_metadata": {
      "type": "rest",
      "method": "GET",
      "endpoint": "https://api.scrapybara.com/v1/instance/{instance_id}"
    },
    "input_schema": {
      "type": "object",
      "properties": {
        "path": {
          "type": "object",
          "description": "path parameters",
          "properties": {
            "instance_id": {
              "type": "string",
              "description": "The ID of the Scrapybara instance to retrieve"
            }
          },
          "required": [
            "instance_id"
          ],
          "visible": [
            "instance_id"
          ],
          "additionalProperties": false
        }
      },
      "required": [
        "path"
      ],
      "visible": [
        "path"
      ],
      "additionalProperties": false
    }
  },
  {
    "name": "SCRAPYBARA__LIST_ALL_INSTANCES",
    "description": "List all Scrapybara instances",
    "tool_metadata": {
      "type": "rest",
      "method": "GET",
      "endpoint": "https://api.scrapybara.com/v1/instances"
    },
    "input_schema": {
      "type": "object",
      "properties": {},
      "required": [],
      "visible": [],
      "additionalProperties": false
    }
  },
  {
    "name": "SCRAPYBARA__LIST_ALL_BROWSER_AUTH_STATES",
    "description": "List all browser authentication states",
    "tool_metadata": {
      "type": "rest",
      "method": "GET",
      "endpoint": "https://api.scrapybara.com/v1/auth_states"
    },
    "input_schema": {
      "type": "object",
      "properties": {},
      "required": [],
      "visible": [],
      "additionalProperties": false
    }
  },
  {
    "name": "SCRAPYBARA__TAKE_SCREENSHOT",
    "description": "Take a screenshot of a running Scrapybara instance",
    "tool_metadata": {
      "type": "rest",
      "method": "POST",
      "endpoint": "https://api.scrapybara.com/v1/instance/{instance_id}/screenshot"
    },
    "input_schema": {
      "type": "object",
      "properties": {
        "path": {
          "type": "object",
          "description": "path parameters",
          "properties": {
            "instance_id": {
              "type": "string",
              "description": "The ID of the Scrapybara instance to take a screenshot of"
            }
          },
          "required": [
            "instance_id"
          ],
          "visible": [
            "instance_id"
          ],
          "additionalProperties": false
        }
      },
      "required": [
        "path"
      ],
      "visible": [
        "path"
      ],
      "additionalProperties": false
    }
  },
  {
    "name": "SCRAPYBARA__GET_STREAM_URL",
    "description": "Get the stream URL for a running Scrapybara instance",
    "tool_metadata": {
      "type": "rest",
      "method": "GET",
      "endpoint": "https://api.scrapybara.com/v1/instance/{instance_id}/stream_url"
    },
    "input_schema": {
      "type": "object",
      "properties": {
        "path": {
          "type": "object",
          "description": "path parameters",
          "properties": {
            "instance_id": {
              "type": "string",
              "description": "The ID of the Scrapybara instance to get the stream URL for"
            }
          },
          "required": [
            "instance_id"
          ],
          "visible": [
            "instance_id"
          ],
          "additionalProperties": false
        }
      },
      "required": [
        "path"
      ],
      "visible": [
        "path"
      ],
      "additionalProperties": false
    }
  },
  {
    "name": "SCRAPYBARA__RUN_COMPUTER_ACTIONS",
    "description": "Run computer actions on a Scrapybara instance",
    "tool_metadata": {
      "type": "rest",
      "method": "POST",
      "endpoint": "https://api.scrapybara.com/v1/instance/{instance_id}/computer"
    },
    "input_schema": {
      "type": "object",
      "properties": {
        "path": {
          "type": "object",
          "description": "path parameters",
          "properties": {
            "instance_id": {
              "type": "string",
              "description": "The ID of the Scrapybara instance to run actions on"
            }
          },
          "required": [
            "instance_id"
          ],
          "visible": [
            "instance_id"
          ],
          "additionalProperties": false
        },
        "body": {
          "type": "object",
          "description": "body parameters",
          "properties": {
            "action": {
              "type": "string",
              "enum": [
                "move_mouse",
                "click_mouse",
                "drag_mouse",
                "scroll",
                "press_key",
                "type_text",
                "wait",
                "take_screenshot",
                "get_cursor_position"
              ],
              "description": "The type of action to perform"
            },
            "coordinates": {
              "type": "array",
              "items": {
                "type": "integer"
              },
              "description": "Coordinates for mouse actions [x, y]"
            },
            "hold_keys": {
              "type": "array",
              "items": {
                "type": "string"
              },
              "description": "Keys to hold during the action"
            },
            "button": {
              "type": "string",
              "enum": [
                "left",
                "right",
                "middle",
                "back",
                "forward"
              ],
              "description": "Mouse button to use for click actions"
            },
            "click_type": {
              "type": "string",
              "enum": [
                "down",
                "up",
                "click"
              ],
              "description": "Type of click to perform"
            },
            "num_clicks": {
              "type": "integer",
              "description": "Number of clicks to perform"
            },
            "path": {
              "type": "array",
              "items": {
                "type": "array",
                "items": {
                  "type": "integer"
                }
              },
              "description": "Path for drag mouse action [[x1, y1], [x2, y2], ...]"
            },
            "delta_x": {
              "type": "number",
              "description": "Horizontal scroll amount"
            },
            "delta_y": {
              "type": "number",
              "description": "Vertical scroll amount"
            },
            "keys": {
              "type": "array",
              "items": {
                "type": "string"
              },
              "description": "Keys to press"
            },
            "text": {
              "type": "string",
              "description": "Text to type"
            },
            "duration": {
              "type": "number",
              "description": "Duration in seconds for wait or key press actions"
            }
          },
          "required": [
            "action"
          ],
          "visible": [
            "action",
            "coordinates",
            "hold_keys",
            "button",
            "click_type",
            "num_clicks",
            "path",
            "delta_x",
            "delta_y",
            "keys",
            "text",
            "duration"
          ],
          "additionalProperties": false
        }
      },
      "required": [
        "path",
        "body"
      ],
      "visible": [
        "path",
        "body"
      ],
      "additionalProperties": false
    }
  },
  {
    "name": "SCRAPYBARA__RUN_BASH_ACTIONS",
    "description": "Run bash commands on a Scrapybara instance",
    "tool_metadata": {
      "type": "rest",
      "method": "POST",
      "endpoint": "https://api.scrapybara.com/v1/instance/{instance_id}/bash"
    },
    "input_schema": {
      "type": "object",
      "properties": {
        "path": {
          "type": "object",
          "description": "path parameters",
          "properties": {
            "instance_id": {
              "type": "string",
              "description": "The ID of the Scrapybara instance to run bash commands on"
            }
          },
          "required": [
            "instance_id"
          ],
          "visible": [
            "instance_id"
          ],
          "additionalProperties": false
        },
        "body": {
          "type": "object",
          "description": "body parameters",
          "properties": {
            "command": {
              "type": "string",
              "description": "The bash command to execute"
            },
            "restart": {
              "type": "boolean",
              "description": "Whether to restart the instance after executing the command"
            }
          },
          "required": [],
          "visible": [
            "command",
            "restart"
          ],
          "additionalProperties": false
        }
      },
      "required": [
        "path",
        "body"
      ],
      "visible": [
        "path",
        "body"
      ],
      "additionalProperties": false
    }
  },
  {
    "name": "SCRAPYBARA__RUN_EDIT_ACTIONS",
    "description": "Run file editing actions on a Scrapybara instance",
    "tool_metadata": {
      "type": "rest",
      "method": "POST",
      "endpoint": "https://api.scrapybara.com/v1/instance/{instance_id}/edit"
    },
    "input_schema": {
      "type": "object",
      "properties": {
        "path": {
          "type": "object",
          "description": "path parameters",
          "properties": {
            "instance_id": {
              "type": "string",
              "description": "The ID of the Scrapybara instance to run edit actions on"
            }
          },
          "required": [
            "instance_id"
          ],
          "visible": [
            "instance_id"
          ],
          "additionalProperties": false
        },
        "body": {
          "type": "object",
          "description": "body parameters",
          "properties": {
            "command": {
              "type": "string",
              "enum": [
                "view",
                "create",
                "str_replace",
                "insert",
                "undo_edit"
              ],
              "description": "The type of edit action to perform"
            },
            "path": {
              "type": "string",
              "description": "The file path to edit"
            },
            "file_text": {
              "type": "string",
              "description": "The text content for file creation"
            },
            "view_range": {
              "type": "array",
              "items": {
                "type": "integer"
              },
              "description": "Line range to view [start_line, end_line]"
            },
            "old_str": {
              "type": "string",
              "description": "The string to replace in str_replace action"
            },
            "new_str": {
              "type": "string",
              "description": "The new string in str_replace action"
            },
            "insert_line": {
              "type": "integer",
              "description": "The line number to insert text at"
            }
          },
          "required": [
            "command",
            "path"
          ],
          "visible": [
            "command",
            "path",
            "file_text",
            "view_range",
            "old_str",
            "new_str",
            "insert_line"
          ],
          "additionalProperties": false
        }
      },
      "required": [
        "path",
        "body"
      ],
      "visible": [
        "path",
        "body"
      ],
      "additionalProperties": false
    }
  },
  {
    "name": "SCRAPYBARA__RUN_FILE_ACTIONS",
    "description": "Run file operations on a Scrapybara instance",
    "tool_metadata": {
      "type": "rest",
      "method": "POST",
      "endpoint": "https://api.scrapybara.com/v1/instance/{instance_id}/file"
    },
    "input_schema": {
      "type": "object",
      "properties": {
        "path": {
          "type": "object",
          "description": "path parameters",
          "properties": {
            "instance_id": {
              "type": "string",
              "description": "The ID of the Scrapybara instance to perform file operations on"
            }
          },
          "required": [
            "instance_id"
          ],
          "visible": [
            "instance_id"
          ],
          "additionalProperties": false
        },
        "body": {
          "type": "object",
          "description": "body parameters",
          "properties": {
            "command": {
              "type": "string",
              "description": "The type of file operation to perform (e.g., 'read', 'write', 'copy', 'delete', 'list', 'find')",
              "enum": [
                "read",
                "write",
                "copy",
                "delete",
                "list",
                "find",
                "move",
                "search",
                "view"
              ]
            },
            "path": {
              "type": "string",
              "description": "The path of the file or directory to operate on"
            },
            "content": {
              "type": "string",
              "description": "The content to write to a file when using 'write' command"
            },
            "mode": {
              "type": "string",
              "description": "File access mode (e.g., 'r', 'w', 'a')"
            },
            "encoding": {
              "type": "string",
              "description": "Encoding to use for file operations (e.g., 'utf-8', 'base64')"
            },
            "view_range": {
              "type": "array",
              "items": {
                "type": "integer"
              },
              "description": "Line range for viewing file content [start_line, end_line]"
            },
            "recursive": {
              "type": "boolean",
              "description": "Whether to perform operations recursively on directories"
            },
            "src": {
              "type": "string",
              "description": "Source path for copy or move operations"
            },
            "dst": {
              "type": "string",
              "description": "Destination path for copy or move operations"
            },
            "old_str": {
              "type": "string",
              "description": "String to replace in search and replace operations"
            },
            "new_str": {
              "type": "string",
              "description": "Replacement string for search and replace operations"
            },
            "line": {
              "type": "integer",
              "description": "Line number for operations that work on specific lines"
            },
            "text": {
              "type": "string",
              "description": "Text content for operations like insertion"
            },
            "lines": {
              "type": "array",
              "items": {
                "type": "integer"
              },
              "description": "Specific line numbers to operate on"
            },
            "all_occurrences": {
              "type": "boolean",
              "description": "Whether to replace all occurrences in search and replace operations"
            },
            "pattern": {
              "type": "string",
              "description": "Pattern to match in search operations, can be regex"
            },
            "case_sensitive": {
              "type": "boolean",
              "description": "Whether searches should be case sensitive"
            },
            "line_numbers": {
              "type": "boolean",
              "description": "Whether to include line numbers in output"
            }
          },
          "required": [
            "command"
          ],
          "visible": [
            "command",
            "path",
            "content",
            "mode",
            "encoding",
            "view_range",
            "recursive",
            "src",
            "dst",
            "old_str",
            "new_str",
            "line",
            "text",
            "lines",
            "all_occurrences",
            "pattern",
            "case_sensitive",
            "line_numbers"
          ],
          "additionalProperties": false
        }
      },
      "required": [
        "path",
        "body"
      ],
      "visible": [
        "path",
        "body"
      ],
      "additionalProperties": false
    }
  },
  {
    "name": "SCRAPYBARA__STOP_INSTANCE",
    "description": "Stop a running Scrapybara instance",
    "tool_metadata": {
      "type": "rest",
      "method": "POST",
      "endpoint": "https://api.scrapybara.com/v1/instance/{instance_id}/stop"
    },
    "input_schema": {
      "type": "object",
      "properties": {
        "path": {
          "type": "object",
          "description": "path parameters",
          "properties": {
            "instance_id": {
              "type": "string",
              "description": "The ID of the Scrapybara instance to stop"
            }
          },
          "required": [
            "instance_id"
          ],
          "visible": [
            "instance_id"
          ],
          "additionalProperties": false
        }
      },
      "required": [
        "path"
      ],
      "visible": [
        "path"
      ],
      "additionalProperties": false
    }
  },
  {
    "name": "SCRAPYBARA__PAUSE_INSTANCE",
    "description": "Pause a running Scrapybara instance",
    "tool_metadata": {
      "type": "rest",
      "method": "POST",
      "endpoint": "https://api.scrapybara.com/v1/instance/{instance_id}/pause"
    },
    "input_schema": {
      "type": "object",
      "properties": {
        "path": {
          "type": "object",
          "description": "path parameters",
          "properties": {
            "instance_id": {
              "type": "string",
              "description": "The ID of the Scrapybara instance to pause"
            }
          },
          "required": [
            "instance_id"
          ],
          "visible": [
            "instance_id"
          ],
          "additionalProperties": false
        }
      },
      "required": [
        "path"
      ],
      "visible": [
        "path"
      ],
      "additionalProperties": false
    }
  },
  {
    "name": "SCRAPYBARA__RESUME_INSTANCE",
    "description": "Resume a paused Scrapybara instance",
    "tool_metadata": {
      "type": "rest",
      "method": "POST",
      "endpoint": "https://api.scrapybara.com/v1/instance/{instance_id}/resume"
    },
    "input_schema": {
      "type": "object",
      "properties": {
        "path": {
          "type": "object",
          "description": "path parameters",
          "properties": {
            "instance_id": {
              "type": "string",
              "description": "The ID of the Scrapybara instance to resume"
            }
          },
          "required": [
            "instance_id"
          ],
          "visible": [
            "instance_id"
          ],
          "additionalProperties": false
        },
        "query": {
          "type": "object",
          "description": "query parameters",
          "properties": {
            "timeout_hours": {
              "type": "number",
              "description": "Number of hours before the instance times out (defaults to 1)"
            }
          },
          "required": [],
          "visible": [
            "timeout_hours"
          ],
          "additionalProperties": false
        }
      },
      "required": [
        "path"
      ],
      "visible": [
        "path",
        "query"
      ],
      "additionalProperties": false
    }
  },
  {
    "name": "SCRAPYBARA__BROWSER_START",
    "description": "Start a browser on a Scrapybara instance",
    "tool_metadata": {
      "type": "rest",
      "method": "POST",
      "endpoint": "https://api.scrapybara.com/v1/instance/{instance_id}/browser/start"
    },
    "input_schema": {
      "type": "object",
      "properties": {
        "path": {
          "type": "object",
          "description": "path parameters",
          "properties": {
            "instance_id": {
              "type": "string",
              "description": "The ID of the Scrapybara instance to start a browser on"
            }
          },
          "required": [
            "instance_id"
          ],
          "visible": [
            "instance_id"
          ],
          "additionalProperties": false
        }
      },
      "required": [
        "path"
      ],
      "visible": [
        "path"
      ],
      "additionalProperties": false
    }
  },
  {
    "name": "SCRAPYBARA__BROWSER_GET_CDP_URL",
    "description": "Get the Chrome DevTools Protocol URL for a browser on a Scrapybara instance",
    "tool_metadata": {
      "type": "rest",
      "method": "GET",
      "endpoint": "https://api.scrapybara.com/v1/instance/{instance_id}/browser/cdp_url"
    },
    "input_schema": {
      "type": "object",
      "properties": {
        "path": {
          "type": "object",
          "description": "path parameters",
          "properties": {
            "instance_id": {
              "type": "string",
              "description": "The ID of the Scrapybara instance to get the CDP URL for"
            }
          },
          "required": [
            "instance_id"
          ],
          "visible": [
            "instance_id"
          ],
          "additionalProperties": false
        }
      },
      "required": [
        "path"
      ],
      "visible": [
        "path"
      ],
      "additionalProperties": false
    }
  },
  {
    "name": "SCRAPYBARA__BROWSER_GET_CURRENT_URL",
    "description": "Get the current URL of the browser on a Scrapybara instance",
    "tool_metadata": {
      "type": "rest",
      "method": "GET",
      "endpoint": "https://api.scrapybara.com/v1/instance/{instance_id}/browser/current_url"
    },
    "input_schema": {
      "type": "object",
      "properties": {
        "path": {
          "type": "object",
          "description": "path parameters",
          "properties": {
            "instance_id": {
              "type": "string",
              "description": "The ID of the Scrapybara instance to get the current URL for"
            }
          },
          "required": [
            "instance_id"
          ],
          "visible": [
            "instance_id"
          ],
          "additionalProperties": false
        }
      },
      "required": [
        "path"
      ],
      "visible": [
        "path"
      ],
      "additionalProperties": false
    }
  },
  {
    "name": "SCRAPYBARA__BROWSER_SAVE_AUTH",
    "description": "Save the browser authentication state from a Scrapybara instance",
    "tool_metadata": {
      "type": "rest",
      "method": "POST",
      "endpoint": "https://api.scrapybara.com/v1/instance/{instance_id}/browser/save_auth"
    },
    "input_schema": {
      "type": "object",
      "properties": {
        "path": {
          "type": "object",
          "description": "path parameters",
          "properties": {
            "instance_id": {
              "type": "string",
              "description": "The ID of the Scrapybara instance to save authentication state from"
            }
          },
          "required": [
            "instance_id"
          ],
          "visible": [
            "instance_id"
          ],
          "additionalProperties": false
        },
        "query": {
          "type": "object",
          "description": "query parameters",
          "properties": {
            "name": {
              "type": "string",
              "description": "Optional name for the saved authentication state"
            }
          },
          "required": [],
          "visible": [
            "name"
          ],
          "additionalProperties": false
        }
      },
      "required": [
        "path"
      ],
      "visible": [
        "path",
        "query"
      ],
      "additionalProperties": false
    }
  },
  {
    "name": "SCRAPYBARA__BROWSER_MODIFY_AUTH",
    "description": "Modify a browser authentication state on a Scrapybara instance",
    "tool_metadata": {
      "type": "rest",
      "method": "POST",
      "endpoint": "https://api.scrapybara.com/v1/instance/{instance_id}/browser/modify_auth"
    },
    "input_schema": {
      "type": "object",
      "properties": {
        "path": {
          "type": "object",
          "description": "path parameters",
          "properties": {
            "instance_id": {
              "type": "string",
              "description": "The ID of the Scrapybara instance to modify authentication state on"
            }
          },
          "required": [
            "instance_id"
          ],
          "visible": [
            "instance_id"
          ],
          "additionalProperties": false
        },
        "query": {
          "type": "object",
          "description": "query parameters",
          "properties": {
            "auth_state_id": {
              "type": "string",
              "description": "The ID of the authentication state to modify"
            },
            "name": {
              "type": "string",
              "description": "Optional new name for the authentication state"
            }
          },
          "required": [
            "auth_state_id"
          ],
          "visible": [
            "auth_state_id",
            "name"
          ],
          "additionalProperties": false
        }
      },
      "required": [
        "path",
        "query"
      ],
      "visible": [
        "path",
        "query"
      ],
      "additionalProperties": false
    }
  },
  {
    "name": "SCRAPYBARA__BROWSER_AUTHENTICATE",
    "description": "Authenticate browser using a saved authentication state",
    "tool_metadata": {
      "type": "rest",
      "method": "POST",
      "endpoint": "https://api.scrapybara.com/v1/instance/{instance_id}/browser/authenticate"
    },
    "input_schema": {
      "type": "object",
      "properties": {
        "path": {
          "type": "object",
          "description": "path parameters",
          "properties": {
            "instance_id": {
              "type": "string",
              "description": "The ID of the Scrapybara instance to authenticate the browser on"
            }
          },
          "required": [
            "instance_id"
          ],
          "visible": [
            "instance_id"
          ],
          "additionalProperties": false
        },
        "query": {
          "type": "object",
          "description": "query parameters",
          "properties": {
            "auth_state_id": {
              "type": "string",
              "description": "The ID of the saved authentication state to use"
            }
          },
          "required": [
            "auth_state_id"
          ],
          "visible": [
            "auth_state_id"
          ],
          "additionalProperties": false
        }
      },
      "required": [
        "path",
        "query"
      ],
      "visible": [
        "path",
        "query"
      ],
      "additionalProperties": false
    }
  },
  {
    "name": "SCRAPYBARA__BROWSER_STOP",
    "description": "Stop a browser on a Scrapybara instance",
    "tool_metadata": {
      "type": "rest",
      "method": "POST",
      "endpoint": "https://api.scrapybara.com/v1/instance/{instance_id}/browser/stop"
    },
    "input_schema": {
      "type": "object",
      "properties": {
        "path": {
          "type": "object",
          "description": "path parameters",
          "properties": {
            "instance_id": {
              "type": "string",
              "description": "The ID of the Scrapybara instance to stop the browser on"
            }
          },
          "required": [
            "instance_id"
          ],
          "visible": [
            "instance_id"
          ],
          "additionalProperties": false
        }
      },
      "required": [
        "path"
      ],
      "visible": [
        "path"
      ],
      "additionalProperties": false
    }
  },
  {
    "name": "SCRAPYBARA__CODE_EXECUTE",
    "description": "Execute code on a Scrapybara instance without using a notebook",
    "tool_metadata": {
      "type": "rest",
      "method": "POST",
      "endpoint": "https://api.scrapybara.com/v1/instance/{instance_id}/code/execute"
    },
    "input_schema": {
      "type": "object",
      "properties": {
        "path": {
          "type": "object",
          "description": "path parameters",
          "properties": {
            "instance_id": {
              "type": "string",
              "description": "The ID of the Scrapybara instance to execute code on"
            }
          },
          "required": [
            "instance_id"
          ],
          "visible": [
            "instance_id"
          ],
          "additionalProperties": false
        },
        "body": {
          "type": "object",
          "description": "body parameters",
          "properties": {
            "code": {
              "type": "string",
              "description": "The code to execute"
            },
            "kernel_name": {
              "type": "string",
              "description": "The kernel to use for execution (defaults to python3)",
              "default": "python3"
            },
            "timeout": {
              "type": "integer",
              "description": "Timeout in seconds for code execution"
            }
          },
          "required": [
            "code"
          ],
          "visible": [
            "code",
            "kernel_name",
            "timeout"
          ],
          "additionalProperties": false
        }
      },
      "required": [
        "path",
        "body"
      ],
      "visible": [
        "path",
        "body"
      ],
      "additionalProperties": false
    }
  },
  {
    "name": "SCRAPYBARA__LIST_NOTEBOOK_KERNELS",
    "description": "List available notebook kernels on a Scrapybara instance",
    "tool_metadata": {
      "type": "rest",
      "method": "GET",
      "endpoint": "https://api.scrapybara.com/v1/instance/{instance_id}/notebook/kernels"
    },
    "input_schema": {
      "type": "object",
      "properties": {
        "path": {
          "type": "object",
          "description": "path parameters",
          "properties": {
            "instance_id": {
              "type": "string",
              "description": "The ID of the Scrapybara instance to list notebook kernels for"
            }
          },
          "required": [
            "instance_id"
          ],
          "visible": [
            "instance_id"
          ],
          "additionalProperties": false
        }
      },
      "required": [
        "path"
      ],
      "visible": [
        "path"
      ],
      "additionalProperties": false
    }
  },
  {
    "name": "SCRAPYBARA__NOTEBOOK_CREATE",
    "description": "Create a new notebook on a Scrapybara instance",
    "tool_metadata": {
      "type": "rest",
      "method": "POST",
      "endpoint": "https://api.scrapybara.com/v1/instance/{instance_id}/notebook/create"
    },
    "input_schema": {
      "type": "object",
      "properties": {
        "path": {
          "type": "object",
          "description": "path parameters",
          "properties": {
            "instance_id": {
              "type": "string",
              "description": "The ID of the Scrapybara instance to create a notebook on"
            }
          },
          "required": [
            "instance_id"
          ],
          "visible": [
            "instance_id"
          ],
          "additionalProperties": false
        },
        "body": {
          "type": "object",
          "description": "body parameters",
          "properties": {
            "name": {
              "type": "string",
              "description": "Name for the new notebook"
            },
            "kernel_name": {
              "type": "string",
              "description": "The kernel to use for the notebook (defaults to python3)",
              "default": "python3"
            }
          },
          "required": [
            "name"
          ],
          "visible": [
            "name",
            "kernel_name"
          ],
          "additionalProperties": false
        }
      },
      "required": [
        "path",
        "body"
      ],
      "visible": [
        "path",
        "body"
      ],
      "additionalProperties": false
    }
  },
  {
    "name": "SCRAPYBARA__NOTEBOOK_GET",
    "description": "Get a notebook by ID from a Scrapybara instance",
    "tool_metadata": {
      "type": "rest",
      "method": "GET",
      "endpoint": "https://api.scrapybara.com/v1/instance/{instance_id}/notebook/{notebook_id}"
    },
    "input_schema": {
      "type": "object",
      "properties": {
        "path": {
          "type": "object",
          "description": "path parameters",
          "properties": {
            "instance_id": {
              "type": "string",
              "description": "The ID of the Scrapybara instance that contains the notebook"
            },
            "notebook_id": {
              "type": "string",
              "description": "The ID of the notebook to retrieve"
            }
          },
          "required": [
            "instance_id",
            "notebook_id"
          ],
          "visible": [
            "instance_id",
            "notebook_id"
          ],
          "additionalProperties": false
        }
      },
      "required": [
        "path"
      ],
      "visible": [
        "path"
      ],
      "additionalProperties": false
    }
  },
  {
    "name": "SCRAPYBARA__NOTEBOOK_DELETE",
    "description": "Delete a notebook from a Scrapybara instance",
    "tool_metadata": {
      "type": "rest",
      "method": "POST",
      "endpoint": "https://api.scrapybara.com/v1/instance/{instance_id}/notebook/{notebook_id}/delete"
    },
    "input_schema": {
      "type": "object",
      "properties": {
        "path": {
          "type": "object",
          "description": "path parameters",
          "properties": {
            "instance_id": {
              "type": "string",
              "description": "The ID of the Scrapybara instance that contains the notebook"
            },
            "notebook_id": {
              "type": "string",
              "description": "The ID of the notebook to delete"
            }
          },
          "required": [
            "instance_id",
            "notebook_id"
          ],
          "visible": [
            "instance_id",
            "notebook_id"
          ],
          "additionalProperties": false
        }
      },
      "required": [
        "path"
      ],
      "visible": [
        "path"
      ],
      "additionalProperties": false
    }
  },
  {
    "name": "SCRAPYBARA__NOTEBOOK_ADD_CELL",
    "description": "Add a cell to a notebook on a Scrapybara instance",
    "tool_metadata": {
      "type": "rest",
      "method": "POST",
      "endpoint": "https://api.scrapybara.com/v1/instance/{instance_id}/notebook/{notebook_id}/cell"
    },
    "input_schema": {
      "type": "object",
      "properties": {
        "path": {
          "type": "object",
          "description": "path parameters",
          "properties": {
            "instance_id": {
              "type": "string",
              "description": "The ID of the Scrapybara instance that contains the notebook"
            },
            "notebook_id": {
              "type": "string",
              "description": "The ID of the notebook to add a cell to"
            }
          },
          "required": [
            "instance_id",
            "notebook_id"
          ],
          "visible": [
            "instance_id",
            "notebook_id"
          ],
          "additionalProperties": false
        },
        "body": {
          "type": "object",
          "description": "body parameters",
          "properties": {
            "type": {
              "type": "string",
              "description": "The type of cell to add (code, markdown, or raw)",
              "enum": [
                "code",
                "markdown",
                "raw"
              ]
            },
            "content": {
              "type": "string",
              "description": "The content of the cell"
            },
            "metadata": {
              "type": "object",
              "description": "Optional metadata for the cell",
              "properties": {},
              "required": [],
              "visible": [],
              "additionalProperties": true
            }
          },
          "required": [
            "type",
            "content"
          ],
          "visible": [
            "type",
            "content",
            "metadata"
          ],
          "additionalProperties": false
        }
      },
      "required": [
        "path",
        "body"
      ],
      "visible": [
        "path",
        "body"
      ],
      "additionalProperties": false
    }
  },
  {
    "name": "SCRAPYBARA__NOTEBOOK_EXECUTE_CELL",
    "description": "Execute a cell in a notebook on a Scrapybara instance",
    "tool_metadata": {
      "type": "rest",
      "method": "POST",
      "endpoint": "https://api.scrapybara.com/v1/instance/{instance_id}/notebook/{notebook_id}/cell/{cell_id}/execute"
    },
    "input_schema": {
      "type": "object",
      "properties": {
        "path": {
          "type": "object",
          "description": "path parameters",
          "properties": {
            "instance_id": {
              "type": "string",
              "description": "The ID of the Scrapybara instance that contains the notebook"
            },
            "notebook_id": {
              "type": "string",
              "description": "The ID of the notebook that contains the cell"
            },
            "cell_id": {
              "type": "string",
              "description": "The ID of the cell to execute"
            }
          },
          "required": [
            "instance_id",
            "notebook_id",
            "cell_id"
          ],
          "visible": [
            "instance_id",
            "notebook_id",
            "cell_id"
          ],
          "additionalProperties": false
        },
        "body": {
          "type": "object",
          "description": "body parameters",
          "properties": {
            "timeout": {
              "type": "integer",
              "description": "Optional timeout in seconds for cell execution"
            }
          },
          "required": [],
          "visible": [
            "timeout"
          ],
          "additionalProperties": false
        }
      },
      "required": [
        "path"
      ],
      "visible": [
        "path",
        "body"
      ],
      "additionalProperties": false
    }
  },
  {
    "name": "SCRAPYBARA__ENV_GET",
    "description": "Get environment variables from a Scrapybara instance",
    "tool_metadata": {
      "type": "rest",
      "method": "GET",
      "endpoint": "https://api.scrapybara.com/v1/instance/{instance_id}/env"
    },
    "input_schema": {
      "type": "object",
      "properties": {
        "path": {
          "type": "object",
          "description": "path parameters",
          "properties": {
            "instance_id": {
              "type": "string",
              "description": "The ID of the Scrapybara instance to get environment variables from"
            }
          },
          "required": [
            "instance_id"
          ],
          "visible": [
            "instance_id"
          ],
          "additionalProperties": false
        }
      },
      "required": [
        "path"
      ],
      "visible": [
        "path"
      ],
      "additionalProperties": false
    }
  },
  {
    "name": "SCRAPYBARA__ENV_SET",
    "description": "Set environment variables on a Scrapybara instance",
    "tool_metadata": {
      "type": "rest",
      "method": "POST",
      "endpoint": "https://api.scrapybara.com/v1/instance/{instance_id}/env"
    },
    "input_schema": {
      "type": "object",
      "properties": {
        "path": {
          "type": "object",
          "description": "Path parameter: instance ID",
          "properties": {
            "instance_id": {
              "type": "string",
              "description": "The ID of the instance to configure."
            }
          },
          "required": [
            "instance_id"
          ],
          "visible": [
            "instance_id"
          ],
          "additionalProperties": false
        },
        "body": {
          "type": "object",
          "description": "Body parameter: environment variable key-value pairs",
          "properties": {
            "variables": {
              "type": "object",
              "description": "Key-value pairs of environment variables to set.",
              "properties": {
                "EXAMPLE_KEY": {
                  "type": "string",
                  "description": "Example environment variable"
                }
              },
              "required": [],
              "visible": [
                "EXAMPLE_KEY"
              ],
              "additionalProperties": {
                "type": "string"
              }
            }
          },
          "required": [
            "variables"
          ],
          "visible": [
            "variables"
          ],
          "additionalProperties": false
        }
      },
      "required": [
        "path",
        "body"
      ],
      "visible": [
        "path",
        "body"
      ],
      "additionalProperties": false
    }
  },
  {
    "name": "SCRAPYBARA__ENV_DELETE",
    "description": "Delete environment variables from a Scrapybara instance",
    "tool_metadata": {
      "type": "rest",
      "method": "POST",
      "endpoint": "https://api.scrapybara.com/v1/instance/{instance_id}/env/delete"
    },
    "input_schema": {
      "type": "object",
      "properties": {
        "path": {
          "type": "object",
          "description": "path parameters",
          "properties": {
            "instance_id": {
              "type": "string",
              "description": "The ID of the Scrapybara instance to delete environment variables from"
            }
          },
          "required": [
            "instance_id"
          ],
          "visible": [
            "instance_id"
          ],
          "additionalProperties": false
        },
        "body": {
          "type": "object",
          "description": "body parameters",
          "properties": {
            "keys": {
              "type": "array",
              "description": "List of environment variable names to delete",
              "items": {
                "type": "string"
              }
            }
          },
          "required": [
            "keys"
          ],
          "visible": [
            "keys"
          ],
          "additionalProperties": false
        }
      },
      "required": [
        "path",
        "body"
      ],
      "visible": [
        "path",
        "body"
      ],
      "additionalProperties": false
    }
  }
]
