{
  "name": "COGNITO_FORMS",
  "url": "https://mcp.aci.dev/virtual/mcp?server_name=COGNITO_FORMS",
  "transport_type": "streamable_http",
  "description": "Cognito Forms is a powerful online form builder that allows users to create custom forms, collect data, and automatically process payments. The tool supports complex field types, conditional logic, calculated fields, file uploads, and multiple integration options.",
  "logo": "https://raw.githubusercontent.com/aipotheosis-labs/aipolabs-icons/refs/heads/main/apps/cognito_forms.svg",
  "categories": ["Productivity", "Data & Analytics"],
  "auth_configs": [
    {
      "type": "api_key",
      "location": "header",
      "name": "Authorization",
      "prefix": "Bearer"
    }
  ],
  "server_metadata": {
    "is_virtual_mcp_server": true
  }
}
