[
  {
    "name": "COGNITO_FORMS__GET_FORMS",
    "description": "Retrieves a list of all forms within the authenticated organization.",
    "tags": [],
    "tool_metadata": {
      "canonical_tool_name": "GET_FORMS",
      "canonical_tool_description_hash": "3f0f88488f84f502e79aad5981012ab9e8161dddee41a670e2de29de9aedf878",
      "canonical_tool_input_schema_hash": "60f335ed0adf5e1bff2cc9243d1cd1a913110830bac579eaea4c36c9a352be5a"
    },
    "input_schema": {
      "type": "object",
      "required": [],
      "properties": {
        "query": {
          "type": "object",
          "required": [],
          "properties": {
            "top": {
              "type": "integer",
              "description": "Maximum number of forms to return."
            },
            "skip": {
              "type": "integer",
              "description": "Number of forms to skip before starting to collect the result set."
            },
            "filter": {
              "type": "string",
              "description": "OData-style filter expression to filter forms."
            },
            "orderby": {
              "type": "string",
              "description": "OData-style order expression to sort forms."
            }
          },
          "description": "Query parameters for filtering, sorting, and pagination.",
          "additionalProperties": false
        }
      },
      "additionalProperties": false
    }
  },
  {
    "name": "COGNITO_FORMS__POST_FORM_ENTRIES",
    "description": "Creates a new entry for the specified form. The entry fields must match the form's expected structure.",
    "tags": [],
    "tool_metadata": {
      "canonical_tool_name": "POST_FORM_ENTRIES",
      "canonical_tool_description_hash": "69dafdd751aa1ad5ebc52642e75cb63a71896b6afffa79967773e257628b31bf",
      "canonical_tool_input_schema_hash": "afff52bc870dcfe79c9ae3a96ffa43d2e4227d3322a5ecab59263390bc97b4f3"
    },
    "input_schema": {
      "type": "object",
      "required": ["path", "body"],
      "properties": {
        "body": {
          "type": "object",
          "required": [],
          "properties": {
            "Name": {
              "type": "string",
              "description": "Example form field: Name of the person."
            },
            "Email": {
              "type": "string",
              "description": "Example form field: Email address."
            },
            "Phone": {
              "type": "string",
              "description": "Example form field: Contact number."
            }
          },
          "description": "The entry data to be submitted. Field names must match those defined in the form.",
          "additionalProperties": true
        },
        "path": {
          "type": "object",
          "required": ["formId"],
          "properties": {
            "formId": {
              "type": "string",
              "description": "The ID of the form to which the entry will be submitted."
            }
          },
          "description": "Path parameters",
          "additionalProperties": false
        }
      },
      "additionalProperties": false
    }
  },
  {
    "name": "COGNITO_FORMS__GET_FORM_ENTRY",
    "description": "Retrieves a single entry by its ID for a given form.",
    "tags": [],
    "tool_metadata": {
      "canonical_tool_name": "GET_FORM_ENTRY",
      "canonical_tool_description_hash": "4901c80bfece262d255137f9e91a7acf9dd07f585ba2bdf303e06d8b9117bb46",
      "canonical_tool_input_schema_hash": "855692a994ab73f93c4320081d1d77574efae5a25bcb59a7f41cade0e3d2fa09"
    },
    "input_schema": {
      "type": "object",
      "required": ["path"],
      "properties": {
        "path": {
          "type": "object",
          "required": ["formId", "entryId"],
          "properties": {
            "formId": {
              "type": "string",
              "description": "The ID of the form containing the entry."
            },
            "entryId": {
              "type": "string",
              "description": "The ID of the entry to retrieve."
            }
          },
          "description": "Path parameters",
          "additionalProperties": false
        }
      },
      "additionalProperties": false
    }
  },
  {
    "name": "COGNITO_FORMS__DELETE_FORM_ENTRY",
    "description": "Deletes a specific entry by its ID from the given form.",
    "tags": [],
    "tool_metadata": {
      "canonical_tool_name": "DELETE_FORM_ENTRY",
      "canonical_tool_description_hash": "bb0d89caccdb21d3fcafe3da01b4f9b4b3e72189e81d4c78be2b8a2db4dfbf33",
      "canonical_tool_input_schema_hash": "144398a65bf5148fb5161bd689b4d05319c06996426179349caa05ca1f8b02e9"
    },
    "input_schema": {
      "type": "object",
      "required": ["path"],
      "properties": {
        "path": {
          "type": "object",
          "required": ["formId", "entryId"],
          "properties": {
            "formId": {
              "type": "string",
              "description": "The ID of the form."
            },
            "entryId": {
              "type": "string",
              "description": "The ID of the entry to delete."
            }
          },
          "description": "Path parameters for identifying the form and entry.",
          "additionalProperties": false
        }
      },
      "additionalProperties": false
    }
  },
  {
    "name": "COGNITO_FORMS__PATCH_FORM_ENTRY",
    "description": "Updates an existing entry by its ID for a given form. Only the specified fields in the request body will be updated.",
    "tags": [],
    "tool_metadata": {
      "canonical_tool_name": "PATCH_FORM_ENTRY",
      "canonical_tool_description_hash": "f8b1841d473d7ed915e68737cd6fdbc423df6bed8d389b458ac26e5fcadcab37",
      "canonical_tool_input_schema_hash": "bb263dce753c2cc60ea05f47f5ee4ed4d80addaf1dcfd642d4a180723a7df99e"
    },
    "input_schema": {
      "type": "object",
      "required": ["path", "body"],
      "properties": {
        "body": {
          "type": "object",
          "required": [],
          "properties": {
            "Name": {
              "type": "string",
              "description": "Updated name of the person."
            },
            "Email": {
              "type": "string",
              "description": "Updated email address."
            },
            "Phone": {
              "type": "string",
              "description": "Updated contact number."
            }
          },
          "description": "The entry data to be updated. Only include the fields that need to be updated.",
          "additionalProperties": true
        },
        "path": {
          "type": "object",
          "required": ["formId", "entryId"],
          "properties": {
            "formId": {
              "type": "string",
              "description": "The ID of the form containing the entry."
            },
            "entryId": {
              "type": "string",
              "description": "The ID of the entry to update."
            }
          },
          "description": "Path parameters",
          "additionalProperties": false
        }
      },
      "additionalProperties": false
    }
  }
]
