{
  "name": "AIDBASE",
  "url": "https://mcp.aci.dev/virtual/mcp?server_name=AIDBASE",
  "transport_type": "streamable_http",
  "description": "Integration with Aidbase API to manage resources and workflows.",
  "logo": "https://raw.githubusercontent.com/aipotheosis-labs/aipolabs-icons/refs/heads/main/apps/aidbase.svg",
  "categories": ["Integration", "Automation"],
  "auth_configs": [
    {
      "type": "api_key",
      "location": "header",
      "name": "Authorization",
      "prefix": "Bearer"
    }
  ],
  "server_metadata": {
    "is_virtual_mcp_server": true
  }
}
