{
  "name": "ELEVEN_LABS",
  "url": "https://mcp.aci.dev/virtual/mcp?server_name=ELEVEN_LABS",
  "transport_type": "streamable_http",
  "description": "Eleven Labs is an advanced text-to-speech (TTS) platform that provides high-quality, natural Text To Speech services. It allows users to create custom voices, convert text into realistic speech, and supports multiple languages and sound styles.",
  "logo": "https://raw.githubusercontent.com/aipotheosis-labs/aipolabs-icons/refs/heads/main/apps/eleven_labs.svg",
  "categories": ["Media"],
  "auth_configs": [
    {
      "type": "api_key",
      "location": "header",
      "name": "xi-api-key"
    }
  ],
  "server_metadata": {
    "is_virtual_mcp_server": true
  }
}
