[
  {
    "name": "ELEVEN_LABS__GET_VOICE_SETTINGS",
    "description": "Retrieves the settings for a specific voice, including stability, similarity boost, style, speaker boost, and speed parameters.",
    "tags": [],
    "tool_metadata": {
      "canonical_tool_name": "GET_VOICE_SETTINGS",
      "canonical_tool_description_hash": "9c56bdcc1ca425a9dd5232e48b8d7845eee00952d2133075b8b309c7d31fa073",
      "canonical_tool_input_schema_hash": "dc6a6055102ba25f7a40b3910b700ef351638215864717afc06bbc59a83fe30d"
    },
    "input_schema": {
      "type": "object",
      "required": ["path"],
      "properties": {
        "path": {
          "type": "object",
          "required": ["voice_id"],
          "properties": {
            "voice_id": {
              "type": "string",
              "description": "The ID of the voice whose settings are to be retrieved. Use the Get Voices endpoint to list all available voices."
            }
          },
          "description": "Path parameters",
          "additionalProperties": false
        }
      },
      "additionalProperties": false
    }
  },
  {
    "name": "ELEVEN_LABS__CREATE_SPEECH",
    "description": "Converts text into speech using a specified voice and returns base64-encoded audio in the specified output format (see output_format).",
    "tags": [],
    "tool_metadata": {
      "canonical_tool_name": "CREATE_SPEECH",
      "canonical_tool_description_hash": "bef466418d761789622ea22f6c28f229e05434936aa3710a8fff360c00720ef4",
      "canonical_tool_input_schema_hash": "e10320fc25d8c003206f95af5bb5d2168621f93c63bdedc30c0f6b57982b5f54"
    },
    "input_schema": {
      "type": "object",
      "required": ["voice_id", "text"],
      "properties": {
        "text": {
          "type": "string",
          "description": "The text that will be converted into speech."
        },
        "model_id": {
          "type": "string",
          "default": "eleven_multilingual_v2",
          "description": "Identifier of the model that will be used. Defaults to eleven_multilingual_v2."
        },
        "voice_id": {
          "type": "string",
          "description": "ID of the voice to be used. Use the List voices endpoint to find available voices."
        },
        "output_format": {
          "enum": [
            "mp3_22050_32",
            "mp3_44100_32",
            "mp3_44100_64",
            "mp3_44100_96",
            "mp3_44100_128",
            "mp3_44100_192",
            "pcm_8000",
            "pcm_16000",
            "pcm_22050",
            "pcm_24000",
            "pcm_44100",
            "pcm_48000",
            "ulaw_8000",
            "alaw_8000",
            "opus_48000_32",
            "opus_48000_64",
            "opus_48000_96",
            "opus_48000_128",
            "opus_48000_192"
          ],
          "type": "string",
          "default": "mp3_44100_128",
          "description": "Output format of the generated audio. Formatted as codec_sample_rate_bitrate. So an mp3 with 22.05kHz sample rate at 32kbs is represented as mp3_22050_32. MP3 with 192kbps bitrate requires you to be subscribed to Creator tier or above. PCM with 44.1kHz sample rate requires you to be subscribed to Pro tier or above. Note that the \u03bc-law format (sometimes written mu-law, often approximated as u-law) is commonly used for Twilio audio inputs."
        },
        "voice_settings": {
          "type": "object",
          "required": [],
          "properties": {
            "speed": {
              "type": "number",
              "maximum": 1.2,
              "minimum": 0.7,
              "description": "Controls the speed of the voice output."
            },
            "style": {
              "type": "number",
              "maximum": 1,
              "minimum": 0,
              "description": "Controls the style of the voice output."
            },
            "stability": {
              "type": "number",
              "maximum": 1,
              "minimum": 0,
              "description": "Controls the stability of the voice output."
            },
            "similarity_boost": {
              "type": "number",
              "maximum": 1,
              "minimum": 0,
              "description": "Controls the similarity boost of the voice output."
            },
            "use_speaker_boost": {
              "type": "boolean",
              "description": "Whether to use speaker boost."
            }
          },
          "description": "Voice settings overriding stored settings for the given voice. They are applied only on the given request.",
          "additionalProperties": false
        }
      },
      "additionalProperties": false
    }
  },
  {
    "name": "ELEVEN_LABS__LIST_VOICES",
    "description": "Retrieves a list of all available voices for a user with search, filtering, and pagination capabilities.",
    "tags": [],
    "tool_metadata": {
      "canonical_tool_name": "LIST_VOICES",
      "canonical_tool_description_hash": "01816ec31b7d65815d8c48a7558dae24ff3add2dbb8eb597e1d0d4657e2296c9",
      "canonical_tool_input_schema_hash": "93bede50c1b6b59329bfcfc25e971af2ab2b5eacacd422254c3727c592e17356"
    },
    "input_schema": {
      "type": "object",
      "required": [],
      "properties": {
        "query": {
          "type": "object",
          "required": [],
          "properties": {
            "sort": {
              "type": "string",
              "description": "Field by which to sort the results."
            },
            "search": {
              "type": "string",
              "description": "Search term to filter voices by name."
            },
            "category": {
              "type": "string",
              "description": "Category to filter voices."
            },
            "page_size": {
              "type": "integer",
              "description": "Number of results to return per page."
            },
            "voice_type": {
              "type": "string",
              "description": "Type of voice to filter results."
            },
            "sort_direction": {
              "type": "string",
              "description": "Direction of sorting, either 'asc' or 'desc'."
            },
            "next_page_token": {
              "type": "string",
              "description": "Token for fetching the next page of results."
            },
            "fine_tuning_state": {
              "type": "string",
              "description": "Filter voices by their fine-tuning state."
            },
            "include_total_count": {
              "type": "boolean",
              "default": true,
              "description": "Indicates whether to include the total count of voices in the response."
            }
          },
          "description": "Query parameters",
          "additionalProperties": false
        }
      },
      "additionalProperties": false
    }
  },
  {
    "name": "ELEVEN_LABS__EDIT_VOICE_SETTINGS",
    "description": "Edits the settings for a specific voice, including parameters such as stability, similarity boost, style, speaker boost, and speed.",
    "tags": [],
    "tool_metadata": {
      "canonical_tool_name": "EDIT_VOICE_SETTINGS",
      "canonical_tool_description_hash": "68a48f0ca9c257ff3ea71bb107fba0e299853ee5239155959125c6d0157a3cd6",
      "canonical_tool_input_schema_hash": "1c766f523974a76efaa2d745103bd1dd1356b0da277448c55ef2ffaa8d689994"
    },
    "input_schema": {
      "type": "object",
      "required": ["path", "header", "body"],
      "properties": {
        "body": {
          "type": "object",
          "required": [],
          "properties": {
            "speed": {
              "type": "number",
              "default": 1.0,
              "maximum": 1.2,
              "minimum": 0.7,
              "description": "Controls the speed of the generated speech. Values range from 0.7 to 1.2, with 1.0 being the default speed. Lower values create slower, more deliberate speech while higher values produce faster-paced speech. Extreme values can impact the quality of the generated speech."
            },
            "style": {
              "type": "number",
              "maximum": 1,
              "minimum": 0,
              "description": "Determines the style exaggeration of the voice. This setting attempts to amplify the style of the original speaker. It does consume additional computational resources and might increase latency if set to anything other than 0."
            },
            "stability": {
              "type": "number",
              "maximum": 1,
              "minimum": 0,
              "description": "Determines how stable the voice is and the randomness between each generation. Lower values introduce a broader emotional range for the voice. Higher values can result in a monotonous voice with limited emotion."
            },
            "similarity_boost": {
              "type": "number",
              "maximum": 1,
              "minimum": 0,
              "description": "Determines how closely the AI should adhere to the original voice when attempting to replicate it."
            },
            "use_speaker_boost": {
              "type": "boolean",
              "description": "This setting boosts the similarity to the original speaker. Using this setting requires a slightly higher computational load, which in turn increases latency."
            }
          },
          "description": "Request body parameters",
          "additionalProperties": false
        },
        "path": {
          "type": "object",
          "required": ["voice_id"],
          "properties": {
            "voice_id": {
              "type": "string",
              "description": "The ID of the voice whose settings are to be edited. Use the Get Voices endpoint to list all available voices."
            }
          },
          "description": "Path parameters",
          "additionalProperties": false
        },
        "header": {
          "type": "object",
          "required": ["Content-Type"],
          "properties": {
            "Content-Type": {
              "type": "string",
              "default": "application/json",
              "description": "The content type of the request, typically application/json."
            }
          },
          "description": "Header parameters",
          "additionalProperties": false
        }
      },
      "additionalProperties": false
    }
  },
  {
    "name": "ELEVEN_LABS__STREAM_TEXT_TO_SPEECH",
    "description": "Converts text into speech using a selected voice and returns the result as a streamed audio response.",
    "tags": [],
    "tool_metadata": {
      "canonical_tool_name": "STREAM_TEXT_TO_SPEECH",
      "canonical_tool_description_hash": "e2970ed7a6fdfc0d4652dce3ea6cb87529041718fc62b443f774eae877309cb0",
      "canonical_tool_input_schema_hash": "5858c646d9fcaadac7471c27565519a2068ad7a1b0f1ca60d3adfea5756dec94"
    },
    "input_schema": {
      "type": "object",
      "required": ["path", "header", "body"],
      "properties": {
        "body": {
          "type": "object",
          "required": ["text"],
          "properties": {
            "seed": {
              "type": "integer",
              "description": "Used for deterministic audio generation"
            },
            "text": {
              "type": "string",
              "description": "Text to convert to speech"
            },
            "model_id": {
              "type": "string",
              "description": "Model to use for speech synthesis"
            },
            "next_text": {
              "type": "string",
              "description": "Next text for continuity"
            },
            "language_code": {
              "type": "string",
              "description": "ISO 639-1 language code to enforce a language"
            },
            "previous_text": {
              "type": "string",
              "description": "Previous text for continuity"
            },
            "use_pvc_as_ivc": {
              "type": "boolean",
              "description": "Use IVC version instead of PVC (deprecated)"
            },
            "voice_settings": {
              "type": "object",
              "required": [],
              "properties": {
                "speed": {
                  "type": "number",
                  "maximum": 2.0,
                  "minimum": 0.5,
                  "description": "Controls the speed of the voice output."
                },
                "style": {
                  "type": "number",
                  "maximum": 1,
                  "minimum": 0,
                  "description": "Controls the style of the voice output."
                },
                "stability": {
                  "type": "number",
                  "maximum": 1,
                  "minimum": 0,
                  "description": "Controls the stability of the voice output."
                },
                "similarity_boost": {
                  "type": "number",
                  "maximum": 1,
                  "minimum": 0,
                  "description": "Controls the similarity boost of the voice output."
                },
                "use_speaker_boost": {
                  "type": "boolean",
                  "description": "Whether to use speaker boost."
                }
              },
              "description": "Custom voice settings",
              "additionalProperties": false
            },
            "next_request_ids": {
              "type": "array",
              "items": {
                "type": "string"
              },
              "description": "IDs of subsequent audio requests"
            },
            "previous_request_ids": {
              "type": "array",
              "items": {
                "type": "string"
              },
              "description": "IDs of previous audio requests"
            },
            "apply_text_normalization": {
              "enum": ["auto", "on", "off"],
              "type": "string",
              "description": "Controls text normalization"
            },
            "apply_language_text_normalization": {
              "type": "boolean",
              "description": "Language-specific text normalization"
            },
            "pronunciation_dictionary_locators": {
              "type": "array",
              "items": {
                "type": "object",
                "properties": {
                  "id": {
                    "type": "string"
                  },
                  "version_id": {
                    "type": "string"
                  }
                }
              },
              "description": "Pronunciation dictionaries to apply"
            }
          },
          "description": "Request body parameters",
          "additionalProperties": false
        },
        "path": {
          "type": "object",
          "required": ["voice_id"],
          "properties": {
            "voice_id": {
              "type": "string",
              "description": "ID of the voice to be used"
            }
          },
          "description": "Path parameters",
          "additionalProperties": false
        },
        "query": {
          "type": "object",
          "required": [],
          "properties": {
            "output_format": {
              "type": "string",
              "description": "Audio format (e.g., mp3_44100_128)"
            },
            "enable_logging": {
              "type": "boolean",
              "description": "Enable request logging. When false, zero retention mode is used."
            },
            "optimize_streaming_latency": {
              "type": "integer",
              "description": "Latency optimization level (0\u20134). Deprecated."
            }
          },
          "description": "Query parameters",
          "additionalProperties": false
        },
        "header": {
          "type": "object",
          "required": [],
          "properties": {
            "Content-Type": {
              "type": "string",
              "default": "application/json"
            }
          },
          "description": "Header parameters",
          "additionalProperties": false
        }
      },
      "additionalProperties": false
    }
  },
  {
    "name": "ELEVEN_LABS__SPEECH_TO_SPEECH_CONVERT",
    "description": "Transforms audio from one voice to another while maintaining full control over emotion, timing, and delivery.",
    "tags": [],
    "tool_metadata": {
      "canonical_tool_name": "SPEECH_TO_SPEECH_CONVERT",
      "canonical_tool_description_hash": "90f27b02ab5617be02ce27310c81999cdfe9069b8447f8a6917782b2811f4587",
      "canonical_tool_input_schema_hash": "eede9af4c57c0222c4d2407dbda84990fc14aab4918f30d7a9cc4d0c45db4247"
    },
    "input_schema": {
      "type": "object",
      "required": ["path", "header", "body"],
      "properties": {
        "body": {
          "type": "object",
          "required": ["audio"],
          "properties": {
            "seed": {
              "type": "integer",
              "description": "If specified, the system will attempt to sample deterministically, such that repeated requests with the same seed and parameters should return the same result. Determinism is not guaranteed. Must be an integer between 0 and 4294967295."
            },
            "audio": {
              "type": "string",
              "format": "binary",
              "description": "The audio file which holds the content and emotion that will control the generated speech."
            },
            "model_id": {
              "type": "string",
              "default": "eleven_english_sts_v2",
              "description": "Identifier of the model to be used. You can query available models using GET /v1/models. The model needs to support speech-to-speech, which can be checked using the can_do_voice_conversion property."
            },
            "voice_settings": {
              "type": "string",
              "description": "Voice settings overriding stored settings for the given voice. Applied only to the current request. Needs to be sent as a JSON-encoded string."
            },
            "remove_background_noise": {
              "type": "boolean",
              "default": false,
              "description": "If set, will remove the background noise from your audio input using the audio isolation model. Only applies to Voice Changer."
            }
          },
          "description": "Request body parameters",
          "additionalProperties": false
        },
        "path": {
          "type": "object",
          "required": ["voice_id"],
          "properties": {
            "voice_id": {
              "type": "string",
              "description": "ID of the voice to be used. Use the Get voices endpoint to list all available voices."
            }
          },
          "description": "Path parameters",
          "additionalProperties": false
        },
        "query": {
          "type": "object",
          "required": [],
          "properties": {
            "output_format": {
              "enum": ["mp3_44100_128", "mp3_22050_32", "mp3_44100_192", "pcm_44100", "mulaw_8000"],
              "type": "string",
              "default": "mp3_44100_128",
              "description": "Output format of the generated audio, formatted as codec_sample_rate_bitrate. For example, 'mp3_22050_32' represents an MP3 with a 22.05kHz sample rate at 32kbps. Some formats require specific subscription tiers."
            },
            "enable_logging": {
              "type": "boolean",
              "default": true,
              "description": "When set to false, zero retention mode will be used for the request, making history features unavailable. Zero retention mode may only be used by enterprise customers."
            },
            "optimize_streaming_latency": {
              "type": "integer",
              "deprecated": true,
              "description": "Latency optimization level. Deprecated. Possible values: 0 (default mode, no latency optimizations), 1 (normal latency optimizations), 2 (strong latency optimizations), 3 (max latency optimizations), 4 (max latency optimizations with text normalizer turned off)."
            }
          },
          "description": "Query parameters",
          "additionalProperties": false
        },
        "header": {
          "type": "object",
          "required": ["Content-Type"],
          "properties": {
            "Content-Type": {
              "type": "string",
              "default": "multipart/form-data",
              "description": "Content type of the request."
            }
          },
          "description": "Header parameters",
          "additionalProperties": false
        }
      },
      "additionalProperties": false
    }
  }
]
