[
  {
    "name": "ANCHOR_BROWSER__ANCHOR_CLOSE",
    "description": "Close the page",
    "tags": [],
    "tool_metadata": {
      "canonical_tool_name": "anchor_close",
      "canonical_tool_description_hash": "be2d23a2a692b5266ee0fbace1f26acc9e2d6b77f337b314abcd8b9040d4b0aa",
      "canonical_tool_input_schema_hash": "f973399805c1c233633f5196cf8e2ad40ee100b94996d711dcd030813b671bc5"
    },
    "input_schema": {
      "type": "object",
      "properties": {},
      "additionalProperties": false,
      "$schema": "http://json-schema.org/draft-07/schema#"
    }
  },
  {
    "name": "ANCHOR_BROWSER__ANCHOR_RESIZE",
    "description": "Resize the browser window",
    "tags": [],
    "tool_metadata": {
      "canonical_tool_name": "anchor_resize",
      "canonical_tool_description_hash": "609ff141d6d96b55e6504538dfb1185d533624405645bfeb8da3b53e5e9fd68e",
      "canonical_tool_input_schema_hash": "4ee7401303e3c869c7878b274ea61c4038f81337b83b4f7dfe7ab51540a9aa5d"
    },
    "input_schema": {
      "type": "object",
      "properties": {
        "width": {
          "type": "number",
          "description": "Width of the browser window"
        },
        "height": {
          "type": "number",
          "description": "Height of the browser window"
        }
      },
      "required": ["width", "height"],
      "additionalProperties": false,
      "$schema": "http://json-schema.org/draft-07/schema#"
    }
  },
  {
    "name": "ANCHOR_BROWSER__ANCHOR_CONSOLE_MESSAGES",
    "description": "Returns all console messages",
    "tags": [],
    "tool_metadata": {
      "canonical_tool_name": "anchor_console_messages",
      "canonical_tool_description_hash": "43897378942f1bcb39c3743fc069179cff629b65515eed162ecec69e84e22103",
      "canonical_tool_input_schema_hash": "f973399805c1c233633f5196cf8e2ad40ee100b94996d711dcd030813b671bc5"
    },
    "input_schema": {
      "type": "object",
      "properties": {},
      "additionalProperties": false,
      "$schema": "http://json-schema.org/draft-07/schema#"
    }
  },
  {
    "name": "ANCHOR_BROWSER__ANCHOR_HANDLE_DIALOG",
    "description": "Handle a dialog",
    "tags": [],
    "tool_metadata": {
      "canonical_tool_name": "anchor_handle_dialog",
      "canonical_tool_description_hash": "19433f33c5c1030899c66bb22328d1fd2b3c06b63d1ba157e08dc1598359d859",
      "canonical_tool_input_schema_hash": "93c45beee9e2f307cf4e0e52accdc6f291094a0b2997c40ba62a119ce4f2f936"
    },
    "input_schema": {
      "type": "object",
      "properties": {
        "accept": {
          "type": "boolean",
          "description": "Whether to accept the dialog."
        },
        "promptText": {
          "type": "string",
          "description": "The text of the prompt in case of a prompt dialog."
        }
      },
      "required": ["accept"],
      "additionalProperties": false,
      "$schema": "http://json-schema.org/draft-07/schema#"
    }
  },
  {
    "name": "ANCHOR_BROWSER__ANCHOR_FILE_UPLOAD",
    "description": "Upload one or multiple files",
    "tags": [],
    "tool_metadata": {
      "canonical_tool_name": "anchor_file_upload",
      "canonical_tool_description_hash": "89534c20fc0768185d64025cd562671bbc83fe17d347de64f812a24466c3e11a",
      "canonical_tool_input_schema_hash": "c15948a36d6bf9f481bde6afc56a4bf7a34ded473736aa67c56e70de1a48c0f2"
    },
    "input_schema": {
      "type": "object",
      "properties": {
        "paths": {
          "type": "array",
          "items": {
            "type": "string"
          },
          "description": "The absolute paths to the files to upload. Can be a single file or multiple files."
        }
      },
      "required": ["paths"],
      "additionalProperties": false,
      "$schema": "http://json-schema.org/draft-07/schema#"
    }
  },
  {
    "name": "ANCHOR_BROWSER__ANCHOR_GET_BODY_HTML",
    "description": "Get the HTML content of the body element from the current page. This helps identify paths to important elements on the page. If a selector is provided, the HTML content of the element will be returned.",
    "tags": [],
    "tool_metadata": {
      "canonical_tool_name": "anchor_get_body_html",
      "canonical_tool_description_hash": "79188a37bcd0f45640be67201b6889b42a13e51675413c3a2150dba2f672ebb0",
      "canonical_tool_input_schema_hash": "0c5bc5d4aee5da15d6a43ec3c7c7dad840f3bd5adf9ea18f9da0c4fea90e4ccb"
    },
    "input_schema": {
      "type": "object",
      "properties": {
        "selector": {
          "type": "string",
          "description": "The selector of the element to be saved for example: .class-name, #id, etc."
        },
        "slimResponse": {
          "type": "boolean",
          "default": true,
          "description": "Whether to exclude HTML comments, script tags, style tags, images and svgs in the output (default: true)"
        }
      },
      "additionalProperties": false,
      "$schema": "http://json-schema.org/draft-07/schema#"
    }
  },
  {
    "name": "ANCHOR_BROWSER__ANCHOR_PRESS_KEY",
    "description": "Press a key on the keyboard",
    "tags": [],
    "tool_metadata": {
      "canonical_tool_name": "anchor_press_key",
      "canonical_tool_description_hash": "784f502fdccd376c81f8565357d482380f75ddaec27da22d94e1713a7047b9e1",
      "canonical_tool_input_schema_hash": "f92f84d7f0d15fffbad8bd508fa0c14938b7037e6cc66e12d7cf025be7f63b4d"
    },
    "input_schema": {
      "type": "object",
      "properties": {
        "key": {
          "type": "string",
          "description": "Name of the key to press or a character to generate, such as `ArrowLeft` or `a`"
        }
      },
      "required": ["key"],
      "additionalProperties": false,
      "$schema": "http://json-schema.org/draft-07/schema#"
    }
  },
  {
    "name": "ANCHOR_BROWSER__ANCHOR_NAVIGATE",
    "description": "Navigate to a URL",
    "tags": [],
    "tool_metadata": {
      "canonical_tool_name": "anchor_navigate",
      "canonical_tool_description_hash": "a2e856b407bdbca04ef34846244c0d655adad036906a10973e880e1573685639",
      "canonical_tool_input_schema_hash": "d28545b578dbd7f125847c1744f436556c5fb9b1d29e6c97bf3bbc59d83b9cd9"
    },
    "input_schema": {
      "type": "object",
      "properties": {
        "url": {
          "type": "string",
          "description": "The URL to navigate to"
        }
      },
      "required": ["url"],
      "additionalProperties": false,
      "$schema": "http://json-schema.org/draft-07/schema#"
    }
  },
  {
    "name": "ANCHOR_BROWSER__ANCHOR_NAVIGATE_BACK",
    "description": "Go back to the previous page",
    "tags": [],
    "tool_metadata": {
      "canonical_tool_name": "anchor_navigate_back",
      "canonical_tool_description_hash": "4da0dc5ec556fdc74052b8f5e8186d53e9749190e3ecaf5db1232f6fcdff4a14",
      "canonical_tool_input_schema_hash": "f973399805c1c233633f5196cf8e2ad40ee100b94996d711dcd030813b671bc5"
    },
    "input_schema": {
      "type": "object",
      "properties": {},
      "additionalProperties": false,
      "$schema": "http://json-schema.org/draft-07/schema#"
    }
  },
  {
    "name": "ANCHOR_BROWSER__ANCHOR_NAVIGATE_FORWARD",
    "description": "Go forward to the next page",
    "tags": [],
    "tool_metadata": {
      "canonical_tool_name": "anchor_navigate_forward",
      "canonical_tool_description_hash": "43c5753f30f6211b68502cdf6e9e523f12cc3b30e291459ed39df671a0700d7d",
      "canonical_tool_input_schema_hash": "f973399805c1c233633f5196cf8e2ad40ee100b94996d711dcd030813b671bc5"
    },
    "input_schema": {
      "type": "object",
      "properties": {},
      "additionalProperties": false,
      "$schema": "http://json-schema.org/draft-07/schema#"
    }
  },
  {
    "name": "ANCHOR_BROWSER__ANCHOR_NETWORK_REQUESTS",
    "description": "Returns all network requests since loading the page",
    "tags": [],
    "tool_metadata": {
      "canonical_tool_name": "anchor_network_requests",
      "canonical_tool_description_hash": "36cc9c1ef28e10a6ada4a6af67d0abbcc21921ff24ca4740148cc494510bcb87",
      "canonical_tool_input_schema_hash": "f973399805c1c233633f5196cf8e2ad40ee100b94996d711dcd030813b671bc5"
    },
    "input_schema": {
      "type": "object",
      "properties": {},
      "additionalProperties": false,
      "$schema": "http://json-schema.org/draft-07/schema#"
    }
  },
  {
    "name": "ANCHOR_BROWSER__ANCHOR_PDF_SAVE",
    "description": "Save page as PDF",
    "tags": [],
    "tool_metadata": {
      "canonical_tool_name": "anchor_pdf_save",
      "canonical_tool_description_hash": "cc72e6f4d3f0005af087269f816673910d58d3f167c57cf2b7e846c30f70860e",
      "canonical_tool_input_schema_hash": "0a19afe72f0987043c1f1fd403f04f85b1f3985ee3de0f236c3bc39426280308"
    },
    "input_schema": {
      "type": "object",
      "properties": {
        "filename": {
          "type": "string",
          "description": "File name to save the pdf to. Defaults to `page-{timestamp}.pdf` if not specified."
        }
      },
      "additionalProperties": false,
      "$schema": "http://json-schema.org/draft-07/schema#"
    }
  },
  {
    "name": "ANCHOR_BROWSER__ANCHOR_TAKE_SCREENSHOT",
    "description": "Take a screenshot of the current page. You can't perform actions based on the screenshot, use browser_snapshot for actions.",
    "tags": [],
    "tool_metadata": {
      "canonical_tool_name": "anchor_take_screenshot",
      "canonical_tool_description_hash": "8b0cd9a9f85ad6e3ae1927964cf718fb3d17c6953780918f87d3b7a8a150c572",
      "canonical_tool_input_schema_hash": "61a5ad11e87e9c887baf4126940aacf95f96f5a7230ea606b271c2539a39abd0"
    },
    "input_schema": {
      "type": "object",
      "properties": {
        "raw": {
          "type": "boolean",
          "description": "Whether to return without compression (in PNG format). Default is false, which returns a JPEG image."
        },
        "filename": {
          "type": "string",
          "description": "File name to save the screenshot to. Defaults to `page-{timestamp}.{png|jpeg}` if not specified."
        },
        "element": {
          "type": "string",
          "description": "Human-readable element description used to obtain permission to screenshot the element. If not provided, the screenshot will be taken of viewport. If element is provided, ref must be provided too."
        },
        "ref": {
          "type": "string",
          "description": "Exact target element reference from the page snapshot. If not provided, the screenshot will be taken of viewport. If ref is provided, element must be provided too."
        }
      },
      "additionalProperties": false,
      "$schema": "http://json-schema.org/draft-07/schema#"
    }
  },
  {
    "name": "ANCHOR_BROWSER__ANCHOR_SNAPSHOT",
    "description": "Capture accessibility snapshot of the current page, this is better than screenshot",
    "tags": [],
    "tool_metadata": {
      "canonical_tool_name": "anchor_snapshot",
      "canonical_tool_description_hash": "1d665a815b15e84ae20b4d686064d881c5020fa195d199fe0e730e8492394b69",
      "canonical_tool_input_schema_hash": "f973399805c1c233633f5196cf8e2ad40ee100b94996d711dcd030813b671bc5"
    },
    "input_schema": {
      "type": "object",
      "properties": {},
      "additionalProperties": false,
      "$schema": "http://json-schema.org/draft-07/schema#"
    }
  },
  {
    "name": "ANCHOR_BROWSER__ANCHOR_CLICK",
    "description": "Perform click on a web page",
    "tags": [],
    "tool_metadata": {
      "canonical_tool_name": "anchor_click",
      "canonical_tool_description_hash": "3ef16ba30527392e59a3b550aa604842c42612968b21cbdf76c6199c24bcf130",
      "canonical_tool_input_schema_hash": "5db3403aa927a54f5c6b9cef4b902cd1a7fefe282ffe2c957f006cc025739fdb"
    },
    "input_schema": {
      "type": "object",
      "properties": {
        "element": {
          "type": "string",
          "description": "Human-readable element description used to obtain permission to interact with the element"
        },
        "ref": {
          "type": "string",
          "description": "Exact target element reference from the page snapshot"
        },
        "doubleClick": {
          "type": "boolean",
          "description": "Whether to perform a double click instead of a single click"
        }
      },
      "required": ["element", "ref"],
      "additionalProperties": false,
      "$schema": "http://json-schema.org/draft-07/schema#"
    }
  },
  {
    "name": "ANCHOR_BROWSER__ANCHOR_DRAG",
    "description": "Perform drag and drop between two elements",
    "tags": [],
    "tool_metadata": {
      "canonical_tool_name": "anchor_drag",
      "canonical_tool_description_hash": "d5406b9f156955c14e44b46ce755c4a15bfd368a1642f3e44cac124cf4c86fb9",
      "canonical_tool_input_schema_hash": "fa070598526e42d1a29ff9bf7e72d2242d146a1f18ec12102292eb8a635d7b52"
    },
    "input_schema": {
      "type": "object",
      "properties": {
        "startElement": {
          "type": "string",
          "description": "Human-readable source element description used to obtain the permission to interact with the element"
        },
        "startRef": {
          "type": "string",
          "description": "Exact source element reference from the page snapshot"
        },
        "endElement": {
          "type": "string",
          "description": "Human-readable target element description used to obtain the permission to interact with the element"
        },
        "endRef": {
          "type": "string",
          "description": "Exact target element reference from the page snapshot"
        }
      },
      "required": ["startElement", "startRef", "endElement", "endRef"],
      "additionalProperties": false,
      "$schema": "http://json-schema.org/draft-07/schema#"
    }
  },
  {
    "name": "ANCHOR_BROWSER__ANCHOR_HOVER",
    "description": "Hover over element on page",
    "tags": [],
    "tool_metadata": {
      "canonical_tool_name": "anchor_hover",
      "canonical_tool_description_hash": "697ff384d4720a3c090f2991a3aaf561f00326ed1a87bfb4a75d376dbd924a0a",
      "canonical_tool_input_schema_hash": "8fba7cd99e4a60e9e17b503f012b055443dad74af19afc87020d9c5773f47b0b"
    },
    "input_schema": {
      "type": "object",
      "properties": {
        "element": {
          "type": "string",
          "description": "Human-readable element description used to obtain permission to interact with the element"
        },
        "ref": {
          "type": "string",
          "description": "Exact target element reference from the page snapshot"
        }
      },
      "required": ["element", "ref"],
      "additionalProperties": false,
      "$schema": "http://json-schema.org/draft-07/schema#"
    }
  },
  {
    "name": "ANCHOR_BROWSER__ANCHOR_TYPE",
    "description": "Type text into editable element",
    "tags": [],
    "tool_metadata": {
      "canonical_tool_name": "anchor_type",
      "canonical_tool_description_hash": "07193aaa971d241326ac2f10b8197f95ebe3713c25c14c45bd773c8c1d7087aa",
      "canonical_tool_input_schema_hash": "4013263661864a363cf07caad6ade7180054f2cd6a430b51bb6dd64e1d4bf7e2"
    },
    "input_schema": {
      "type": "object",
      "properties": {
        "element": {
          "type": "string",
          "description": "Human-readable element description used to obtain permission to interact with the element"
        },
        "ref": {
          "type": "string",
          "description": "Exact target element reference from the page snapshot"
        },
        "text": {
          "type": "string",
          "description": "Text to type into the element"
        },
        "submit": {
          "type": "boolean",
          "description": "Whether to submit entered text (press Enter after)"
        },
        "slowly": {
          "type": "boolean",
          "description": "Whether to type one character at a time. Useful for triggering key handlers in the page. By default entire text is filled in at once."
        }
      },
      "required": ["element", "ref", "text"],
      "additionalProperties": false,
      "$schema": "http://json-schema.org/draft-07/schema#"
    }
  },
  {
    "name": "ANCHOR_BROWSER__ANCHOR_SELECT_OPTION",
    "description": "Select an option in a dropdown",
    "tags": [],
    "tool_metadata": {
      "canonical_tool_name": "anchor_select_option",
      "canonical_tool_description_hash": "1c0777e9918004f94ef6d9d4512c77ffdbcbc60aa5fe07fd7b15f09ff8a2e0f0",
      "canonical_tool_input_schema_hash": "507eedd4595f0d537a20410164be001007fa3091af63cf99eb25d762791b2bbe"
    },
    "input_schema": {
      "type": "object",
      "properties": {
        "element": {
          "type": "string",
          "description": "Human-readable element description used to obtain permission to interact with the element"
        },
        "ref": {
          "type": "string",
          "description": "Exact target element reference from the page snapshot"
        },
        "values": {
          "type": "array",
          "items": {
            "type": "string"
          },
          "description": "Array of values to select in the dropdown. This can be a single value or multiple values."
        }
      },
      "required": ["element", "ref", "values"],
      "additionalProperties": false,
      "$schema": "http://json-schema.org/draft-07/schema#"
    }
  },
  {
    "name": "ANCHOR_BROWSER__ANCHOR_TAB_LIST",
    "description": "List browser tabs",
    "tags": [],
    "tool_metadata": {
      "canonical_tool_name": "anchor_tab_list",
      "canonical_tool_description_hash": "7a49de57c668d343413d7063e2b9ec713c0a683be557cc65933079d159fa8d09",
      "canonical_tool_input_schema_hash": "f973399805c1c233633f5196cf8e2ad40ee100b94996d711dcd030813b671bc5"
    },
    "input_schema": {
      "type": "object",
      "properties": {},
      "additionalProperties": false,
      "$schema": "http://json-schema.org/draft-07/schema#"
    }
  },
  {
    "name": "ANCHOR_BROWSER__ANCHOR_TAB_NEW",
    "description": "Open a new tab",
    "tags": [],
    "tool_metadata": {
      "canonical_tool_name": "anchor_tab_new",
      "canonical_tool_description_hash": "4a843d3288fba6386b4958b41891c94c51e5a1e1c96745a47e757fb9aa4e4421",
      "canonical_tool_input_schema_hash": "56f1a523d34736a70a8447cd4af34809d0ac41d6a7f865763e9f9406d7a84a16"
    },
    "input_schema": {
      "type": "object",
      "properties": {
        "url": {
          "type": "string",
          "description": "The URL to navigate to in the new tab. If not provided, the new tab will be blank."
        }
      },
      "additionalProperties": false,
      "$schema": "http://json-schema.org/draft-07/schema#"
    }
  },
  {
    "name": "ANCHOR_BROWSER__ANCHOR_TAB_SELECT",
    "description": "Select a tab by index",
    "tags": [],
    "tool_metadata": {
      "canonical_tool_name": "anchor_tab_select",
      "canonical_tool_description_hash": "ec057c36ecbe83db5f791001dcff2184d5891afc98ecb615c9bf1ff2b0c14019",
      "canonical_tool_input_schema_hash": "44101cc53c5537d8523fb236d6faf822af08fb30da7c869e5466e001d3fc8e4b"
    },
    "input_schema": {
      "type": "object",
      "properties": {
        "index": {
          "type": "number",
          "description": "The index of the tab to select"
        }
      },
      "required": ["index"],
      "additionalProperties": false,
      "$schema": "http://json-schema.org/draft-07/schema#"
    }
  },
  {
    "name": "ANCHOR_BROWSER__ANCHOR_TAB_CLOSE",
    "description": "Close a tab",
    "tags": [],
    "tool_metadata": {
      "canonical_tool_name": "anchor_tab_close",
      "canonical_tool_description_hash": "3613ee9be99f43bb488bf1008e12b5bc6182d14a0775a5b9fcd94739ed4f06c6",
      "canonical_tool_input_schema_hash": "8b28b26c7e61f8835bf96586ac1220f57619ef87a05ee93aa5e89f0e809d18ce"
    },
    "input_schema": {
      "type": "object",
      "properties": {
        "index": {
          "type": "number",
          "description": "The index of the tab to close. Closes current tab if not provided."
        }
      },
      "additionalProperties": false,
      "$schema": "http://json-schema.org/draft-07/schema#"
    }
  },
  {
    "name": "ANCHOR_BROWSER__ANCHOR_GENERATE_PLAYWRIGHT_CODE",
    "description": "Generate a Playwright code for given scenario",
    "tags": [],
    "tool_metadata": {
      "canonical_tool_name": "anchor_generate_playwright_code",
      "canonical_tool_description_hash": "0e9179b473676711f5839e1e4bc430f9a4d483499c4fcf7be217fa3a25a303b0",
      "canonical_tool_input_schema_hash": "489476dc31bb11cc0302f737588b28e3f85fd9aefeee03005f7c9108a14fb1c7"
    },
    "input_schema": {
      "type": "object",
      "properties": {
        "name": {
          "type": "string",
          "description": "The name of the test"
        },
        "description": {
          "type": "string",
          "description": "The description of the test"
        },
        "steps": {
          "type": "array",
          "items": {
            "type": "string"
          },
          "description": "The steps of the test"
        }
      },
      "required": ["name", "description", "steps"],
      "additionalProperties": false,
      "$schema": "http://json-schema.org/draft-07/schema#"
    }
  },
  {
    "name": "ANCHOR_BROWSER__ANCHOR_WAIT_FOR",
    "description": "Wait for text to appear or disappear or a specified time to pass",
    "tags": [],
    "tool_metadata": {
      "canonical_tool_name": "anchor_wait_for",
      "canonical_tool_description_hash": "3c03a074a56fd0dd1e0182e72e233064529f175eebaff50c07761cd315609426",
      "canonical_tool_input_schema_hash": "3776130b5747a62ac708f82fed9c73dabc1240093ac7c056f127e2adea7728e9"
    },
    "input_schema": {
      "type": "object",
      "properties": {
        "time": {
          "type": "number",
          "description": "The time to wait in seconds"
        },
        "text": {
          "type": "string",
          "description": "The text to wait for"
        },
        "textGone": {
          "type": "string",
          "description": "The text to wait for to disappear"
        }
      },
      "additionalProperties": false,
      "$schema": "http://json-schema.org/draft-07/schema#"
    }
  }
]
