{
  "name": "SUPABASE",
  "url": "https://mcp.aci.dev/virtual/mcp?server_name=SUPABASE",
  "transport_type": "streamable_http",
  "description": "Supabase is an open-source Firebase alternative providing real-time databases, authentication, and more.",
  "logo": "https://raw.githubusercontent.com/aipotheosis-labs/aipolabs-icons/refs/heads/main/apps/supabase.svg",
  "categories": ["Data & Analytics", "Dev Tools"],
  "auth_configs": [
    {
      "type": "api_key",
      "location": "header",
      "name": "Authorization",
      "prefix": "Bearer"
    }
  ],
  "server_metadata": {
    "is_virtual_mcp_server": true
  }
}
