[
  {
    "name": "SUPABASE__CREATE_ORGANIZATION",
    "description": "Create an organization",
    "tags": [],
    "tool_metadata": {
      "canonical_tool_name": "CREATE_ORGANIZATION",
      "canonical_tool_description_hash": "5e98756943a8ac8c216f1826156d2406be7b747276ca10c643de2553653de056",
      "canonical_tool_input_schema_hash": "0725b8a9f211943120d27fe1a1042449688b76f7ed6bf4c302369319bd84180c"
    },
    "input_schema": {
      "type": "object",
      "required": ["body"],
      "properties": {
        "body": {
          "type": "object",
          "required": ["name"],
          "properties": {
            "name": {
              "type": "string",
              "description": "Organization name"
            }
          },
          "description": "body parameters",
          "additionalProperties": false
        }
      },
      "additionalProperties": false
    }
  },
  {
    "name": "SUPABASE__LIST_PROJECTS",
    "description": "List all projects",
    "tags": [],
    "tool_metadata": {
      "canonical_tool_name": "LIST_PROJECTS",
      "canonical_tool_description_hash": "c5ee6da68ed44e33e7f6b714bd9528a0f5302566d86cb91abf466ac5990ad041",
      "canonical_tool_input_schema_hash": "d746974fa9afd5e951f76f9af38954b0ad7f436f2120dc974da65e5ee39f856f"
    },
    "input_schema": {
      "type": "object",
      "required": [],
      "properties": {},
      "additionalProperties": false
    }
  },
  {
    "name": "SUPABASE__GET_PROJECT",
    "description": "Get a project",
    "tags": [],
    "tool_metadata": {
      "canonical_tool_name": "GET_PROJECT",
      "canonical_tool_description_hash": "caa70a1ce169902ed0568a986eca74a956bbab7d9e875d55c5ce457f81e9de00",
      "canonical_tool_input_schema_hash": "a1865e874834dd943362d88daa0e32e743a1babf3098eab21022c26d23d31fed"
    },
    "input_schema": {
      "type": "object",
      "required": ["path"],
      "properties": {
        "path": {
          "type": "object",
          "required": ["ref"],
          "properties": {
            "ref": {
              "type": "string",
              "description": "Project ref"
            }
          },
          "description": "path parameters",
          "additionalProperties": false
        }
      },
      "additionalProperties": false
    }
  },
  {
    "name": "SUPABASE__CREATE_SSO_PROVIDER",
    "description": "Creates a new SSO provider.",
    "tags": [],
    "tool_metadata": {
      "canonical_tool_name": "CREATE_SSO_PROVIDER",
      "canonical_tool_description_hash": "72358dd9a116ef1915b6565512707edac39795b7e36c79ae46b178f673032a26",
      "canonical_tool_input_schema_hash": "4d812e7aca9fa7fcc613a75c7e0a1f6213080e55c09d879f3427a44c1100d241"
    },
    "input_schema": {
      "type": "object",
      "required": ["path", "body"],
      "properties": {
        "body": {
          "type": "object",
          "required": ["type"],
          "properties": {
            "type": {
              "enum": ["saml"],
              "type": "string",
              "description": "Type of SSO provider"
            },
            "domains": {
              "type": "array",
              "items": {
                "type": "string"
              },
              "description": "Domains"
            },
            "metadata_url": {
              "type": "string",
              "description": "Metadata URL"
            },
            "metadata_xml": {
              "type": "string",
              "description": "Metadata XML"
            }
          },
          "description": "body parameters",
          "additionalProperties": false
        },
        "path": {
          "type": "object",
          "required": ["ref"],
          "properties": {
            "ref": {
              "type": "string",
              "description": "Project ref"
            }
          },
          "description": "path parameters",
          "additionalProperties": false
        }
      },
      "additionalProperties": false
    }
  },
  {
    "name": "SUPABASE__REMOVE_SSO_PROVIDER",
    "description": "Removes an SSO provider by its UUID.",
    "tags": [],
    "tool_metadata": {
      "canonical_tool_name": "REMOVE_SSO_PROVIDER",
      "canonical_tool_description_hash": "07b1182bb256b733efa559cb1c94c8305721c6887c03870d27586595d9e7e170",
      "canonical_tool_input_schema_hash": "fd8aecad07ff49dfbc9e1ac34be3786975111bd59974da00cb5c545e68e91363"
    },
    "input_schema": {
      "type": "object",
      "required": ["path"],
      "properties": {
        "path": {
          "type": "object",
          "required": ["ref", "provider_id"],
          "properties": {
            "ref": {
              "type": "string",
              "description": "Project ref"
            },
            "provider_id": {
              "type": "string",
              "description": "Provider ID"
            }
          },
          "description": "path parameters",
          "additionalProperties": false
        }
      },
      "additionalProperties": false
    }
  },
  {
    "name": "SUPABASE__GET_SSO_PROVIDER",
    "description": "Gets an SSO provider by its UUID.",
    "tags": [],
    "tool_metadata": {
      "canonical_tool_name": "GET_SSO_PROVIDER",
      "canonical_tool_description_hash": "9047a719fb137c8ce0b599b663d25c5daa939ccbbdb4d07fdbec95ec41b62cf4",
      "canonical_tool_input_schema_hash": "fd8aecad07ff49dfbc9e1ac34be3786975111bd59974da00cb5c545e68e91363"
    },
    "input_schema": {
      "type": "object",
      "required": ["path"],
      "properties": {
        "path": {
          "type": "object",
          "required": ["ref", "provider_id"],
          "properties": {
            "ref": {
              "type": "string",
              "description": "Project ref"
            },
            "provider_id": {
              "type": "string",
              "description": "Provider ID"
            }
          },
          "description": "path parameters",
          "additionalProperties": false
        }
      },
      "additionalProperties": false
    }
  },
  {
    "name": "SUPABASE__GET_AUTH_CONFIG",
    "description": "Gets project's auth config.",
    "tags": [],
    "tool_metadata": {
      "canonical_tool_name": "GET_AUTH_CONFIG",
      "canonical_tool_description_hash": "5e56758ec98ec0cddd76f61befdb983004e7179fedfb32b8a00ff39033e7fe42",
      "canonical_tool_input_schema_hash": "a1865e874834dd943362d88daa0e32e743a1babf3098eab21022c26d23d31fed"
    },
    "input_schema": {
      "type": "object",
      "required": ["path"],
      "properties": {
        "path": {
          "type": "object",
          "required": ["ref"],
          "properties": {
            "ref": {
              "type": "string",
              "description": "Project ref"
            }
          },
          "description": "path parameters",
          "additionalProperties": false
        }
      },
      "additionalProperties": false
    }
  },
  {
    "name": "SUPABASE__LIST_SSO_PROVIDERS",
    "description": "Lists all SSO providers.",
    "tags": [],
    "tool_metadata": {
      "canonical_tool_name": "LIST_SSO_PROVIDERS",
      "canonical_tool_description_hash": "f0409e717fc28debd62444cb902eac02a8655e5f2ab98f2ec328cb269876e31b",
      "canonical_tool_input_schema_hash": "a1865e874834dd943362d88daa0e32e743a1babf3098eab21022c26d23d31fed"
    },
    "input_schema": {
      "type": "object",
      "required": ["path"],
      "properties": {
        "path": {
          "type": "object",
          "required": ["ref"],
          "properties": {
            "ref": {
              "type": "string",
              "description": "Project ref"
            }
          },
          "description": "path parameters",
          "additionalProperties": false
        }
      },
      "additionalProperties": false
    }
  },
  {
    "name": "SUPABASE__DISABLE_READONLY_MODE",
    "description": "Disables project's readonly mode for the next 15 minutes.",
    "tags": [],
    "tool_metadata": {
      "canonical_tool_name": "DISABLE_READONLY_MODE",
      "canonical_tool_description_hash": "18a543b6113196f7d7e75263ac1b861a7e1ebce9612f1626266eece8430a6cd4",
      "canonical_tool_input_schema_hash": "a1865e874834dd943362d88daa0e32e743a1babf3098eab21022c26d23d31fed"
    },
    "input_schema": {
      "type": "object",
      "required": ["path"],
      "properties": {
        "path": {
          "type": "object",
          "required": ["ref"],
          "properties": {
            "ref": {
              "type": "string",
              "description": "Project ref"
            }
          },
          "description": "path parameters",
          "additionalProperties": false
        }
      },
      "additionalProperties": false
    }
  },
  {
    "name": "SUPABASE__GENERATE_TYPESCRIPT_TYPES",
    "description": "Generates TypeScript types of your schema for use with supabase-js.",
    "tags": [],
    "tool_metadata": {
      "canonical_tool_name": "GENERATE_TYPESCRIPT_TYPES",
      "canonical_tool_description_hash": "2e3b0408fe79061e96d3dbd8ddab8daf106455a456f413a3f2efd77818ba8be6",
      "canonical_tool_input_schema_hash": "e4fdc58ab7dde8605683b6b524568e61f062f508bbce762881495d8f703e88af"
    },
    "input_schema": {
      "type": "object",
      "required": ["path"],
      "properties": {
        "path": {
          "type": "object",
          "required": ["ref"],
          "properties": {
            "ref": {
              "type": "string",
              "description": "Project ref"
            }
          },
          "description": "path parameters",
          "additionalProperties": false
        },
        "query": {
          "type": "object",
          "required": [],
          "properties": {
            "included_schemas": {
              "type": "string",
              "description": "Included schemas"
            }
          },
          "description": "query parameters",
          "additionalProperties": false
        }
      },
      "additionalProperties": false
    }
  },
  {
    "name": "SUPABASE__LIST_ORGANIZATIONS",
    "description": "List all organizations",
    "tags": [],
    "tool_metadata": {
      "canonical_tool_name": "LIST_ORGANIZATIONS",
      "canonical_tool_description_hash": "e7bea96af126fa717728b9795a6208c6ab38fd0b0c0e4358be89d66e8ddb02ce",
      "canonical_tool_input_schema_hash": "d746974fa9afd5e951f76f9af38954b0ad7f436f2120dc974da65e5ee39f856f"
    },
    "input_schema": {
      "type": "object",
      "required": [],
      "properties": {},
      "additionalProperties": false
    }
  },
  {
    "name": "SUPABASE__LIST_ORGANIZATION_MEMBERS",
    "description": "List members of an organization",
    "tags": [],
    "tool_metadata": {
      "canonical_tool_name": "LIST_ORGANIZATION_MEMBERS",
      "canonical_tool_description_hash": "064bede8ebe7361b35d67bddad22229ff02ce585aa1590f23defd7c0954c0d0f",
      "canonical_tool_input_schema_hash": "f72204cc3a3a7469a073da3bf45b6c461df762b4d609e2ea4adfc933b05f921f"
    },
    "input_schema": {
      "type": "object",
      "required": ["path"],
      "properties": {
        "path": {
          "type": "object",
          "required": ["slug"],
          "properties": {
            "slug": {
              "type": "string",
              "description": "Organization slug"
            }
          },
          "description": "path parameters",
          "additionalProperties": false
        }
      },
      "additionalProperties": false
    }
  },
  {
    "name": "SUPABASE__GET_ORGANIZATION",
    "description": "Gets information about the organization",
    "tags": [],
    "tool_metadata": {
      "canonical_tool_name": "GET_ORGANIZATION",
      "canonical_tool_description_hash": "1ebf7b652e40cefe856af1da0796a51e9d459165f261d3d1fdfe3dc6b5dd7a32",
      "canonical_tool_input_schema_hash": "f72204cc3a3a7469a073da3bf45b6c461df762b4d609e2ea4adfc933b05f921f"
    },
    "input_schema": {
      "type": "object",
      "required": ["path"],
      "properties": {
        "path": {
          "type": "object",
          "required": ["slug"],
          "properties": {
            "slug": {
              "type": "string",
              "description": "Organization slug"
            }
          },
          "description": "path parameters",
          "additionalProperties": false
        }
      },
      "additionalProperties": false
    }
  },
  {
    "name": "SUPABASE__CREATE_PROJECT",
    "description": "Create a project",
    "tags": [],
    "tool_metadata": {
      "canonical_tool_name": "CREATE_PROJECT",
      "canonical_tool_description_hash": "4492abb1312dc70f329026038ed03a4ecf48a49db9abb90728350d36c073510b",
      "canonical_tool_input_schema_hash": "d4be2ff1f46ca52c3402510c8832c6d22e15e8c4b29dd0be0bc84ef92161588a"
    },
    "input_schema": {
      "type": "object",
      "required": ["body"],
      "properties": {
        "body": {
          "type": "object",
          "required": ["db_pass", "name", "organization_id", "region"],
          "properties": {
            "name": {
              "type": "string",
              "description": "Project name"
            },
            "region": {
              "enum": [
                "us-east-1",
                "us-east-2",
                "us-west-1",
                "us-west-2",
                "ap-east-1",
                "ap-southeast-1",
                "ap-northeast-1",
                "ap-northeast-2",
                "ap-southeast-2",
                "eu-west-1",
                "eu-west-2",
                "eu-west-3",
                "eu-north-1",
                "eu-central-1",
                "eu-central-2",
                "ca-central-1",
                "ap-south-1",
                "sa-east-1"
              ],
              "type": "string",
              "description": "Region"
            },
            "db_pass": {
              "type": "string",
              "description": "Database password"
            },
            "template_url": {
              "type": "string",
              "description": "Template URL"
            },
            "organization_id": {
              "type": "string",
              "description": "Organization ID"
            },
            "desired_instance_size": {
              "enum": [
                "micro",
                "small",
                "medium",
                "large",
                "xlarge",
                "2xlarge",
                "4xlarge",
                "8xlarge",
                "12xlarge",
                "16xlarge"
              ],
              "type": "string",
              "description": "Desired instance size"
            }
          },
          "description": "body parameters",
          "additionalProperties": false
        }
      },
      "additionalProperties": false
    }
  },
  {
    "name": "SUPABASE__DELETE_PROJECT",
    "description": "Deletes the given project",
    "tags": [],
    "tool_metadata": {
      "canonical_tool_name": "DELETE_PROJECT",
      "canonical_tool_description_hash": "80e77f258e6b7c6c935893a13d88de72ae5a869057dc0a714e4f9f2f381cf15b",
      "canonical_tool_input_schema_hash": "a1865e874834dd943362d88daa0e32e743a1babf3098eab21022c26d23d31fed"
    },
    "input_schema": {
      "type": "object",
      "required": ["path"],
      "properties": {
        "path": {
          "type": "object",
          "required": ["ref"],
          "properties": {
            "ref": {
              "type": "string",
              "description": "Project ref"
            }
          },
          "description": "path parameters",
          "additionalProperties": false
        }
      },
      "additionalProperties": false
    }
  },
  {
    "name": "SUPABASE__RESTORE_PROJECT",
    "description": "Restores the given project",
    "tags": [],
    "tool_metadata": {
      "canonical_tool_name": "RESTORE_PROJECT",
      "canonical_tool_description_hash": "0504b79488805374b3becfcf5b63038f7aac6d6cdaf60cf464d62c1bf6936a67",
      "canonical_tool_input_schema_hash": "a1865e874834dd943362d88daa0e32e743a1babf3098eab21022c26d23d31fed"
    },
    "input_schema": {
      "type": "object",
      "required": ["path"],
      "properties": {
        "path": {
          "type": "object",
          "required": ["ref"],
          "properties": {
            "ref": {
              "type": "string",
              "description": "Project ref"
            }
          },
          "description": "path parameters",
          "additionalProperties": false
        }
      },
      "additionalProperties": false
    }
  },
  {
    "name": "SUPABASE__PAUSE_PROJECT",
    "description": "Pauses the given project",
    "tags": [],
    "tool_metadata": {
      "canonical_tool_name": "PAUSE_PROJECT",
      "canonical_tool_description_hash": "c641507803df83b9a9ea3d455feb878efdcfb10c05954f5679448f2a95793dae",
      "canonical_tool_input_schema_hash": "a1865e874834dd943362d88daa0e32e743a1babf3098eab21022c26d23d31fed"
    },
    "input_schema": {
      "type": "object",
      "required": ["path"],
      "properties": {
        "path": {
          "type": "object",
          "required": ["ref"],
          "properties": {
            "ref": {
              "type": "string",
              "description": "Project ref"
            }
          },
          "description": "path parameters",
          "additionalProperties": false
        }
      },
      "additionalProperties": false
    }
  },
  {
    "name": "SUPABASE__CANCEL_PROJECT_RESTORATION",
    "description": "Cancels the given project restoration",
    "tags": [],
    "tool_metadata": {
      "canonical_tool_name": "CANCEL_PROJECT_RESTORATION",
      "canonical_tool_description_hash": "c3343a8e9633c8281e8ced9f67088178934a5b0c84161cbd4265183b3691bbdd",
      "canonical_tool_input_schema_hash": "a1865e874834dd943362d88daa0e32e743a1babf3098eab21022c26d23d31fed"
    },
    "input_schema": {
      "type": "object",
      "required": ["path"],
      "properties": {
        "path": {
          "type": "object",
          "required": ["ref"],
          "properties": {
            "ref": {
              "type": "string",
              "description": "Project ref"
            }
          },
          "description": "path parameters",
          "additionalProperties": false
        }
      },
      "additionalProperties": false
    }
  },
  {
    "name": "SUPABASE__GET_PROJECT_HEALTH_STATUS",
    "description": "Gets project's service health status",
    "tags": [],
    "tool_metadata": {
      "canonical_tool_name": "GET_PROJECT_HEALTH_STATUS",
      "canonical_tool_description_hash": "d21b07ac37e5d4ac09729c48a1bba5aec4a37b842f7e855f4d09ded22d98a1a3",
      "canonical_tool_input_schema_hash": "7f2d5bdfc4214b05f5dd66af2e8a7eadb3ea9eec12f47d03470fec17956cc3d1"
    },
    "input_schema": {
      "type": "object",
      "required": ["path", "query"],
      "properties": {
        "path": {
          "type": "object",
          "required": ["ref"],
          "properties": {
            "ref": {
              "type": "string",
              "description": "Project ref"
            }
          },
          "description": "path parameters",
          "additionalProperties": false
        },
        "query": {
          "type": "object",
          "required": ["services"],
          "properties": {
            "services": {
              "type": "string",
              "description": "Comma-separated list of services to check health for (e.g., 'auth,db,pooler,realtime,rest,storage')"
            },
            "timeout_ms": {
              "type": "integer",
              "description": "Timeout in milliseconds for the health check"
            }
          },
          "description": "query parameters",
          "additionalProperties": false
        }
      },
      "additionalProperties": false
    }
  },
  {
    "name": "SUPABASE__GET_PROJECT_API_KEYS",
    "description": "Get project api keys",
    "tags": [],
    "tool_metadata": {
      "canonical_tool_name": "GET_PROJECT_API_KEYS",
      "canonical_tool_description_hash": "887219fc4c127bb0e0b7a03f21b3009b34547155c2635aadcb4a19f2512fc3af",
      "canonical_tool_input_schema_hash": "357997c8e22ff4576a4ce6fbe7e2b4798079e3d45eba1f56a306e689875b74cb"
    },
    "input_schema": {
      "type": "object",
      "required": ["path"],
      "properties": {
        "path": {
          "type": "object",
          "required": ["ref"],
          "properties": {
            "ref": {
              "type": "string",
              "description": "Project ref"
            }
          },
          "description": "path parameters",
          "additionalProperties": false
        },
        "query": {
          "type": "object",
          "required": [],
          "properties": {
            "reveal": {
              "type": "boolean",
              "description": "Whether to reveal the API keys"
            }
          },
          "description": "query parameters",
          "additionalProperties": false
        }
      },
      "additionalProperties": false
    }
  },
  {
    "name": "SUPABASE__RUN_SQL_QUERY",
    "description": "[Beta] Run sql query",
    "tags": [],
    "tool_metadata": {
      "canonical_tool_name": "RUN_SQL_QUERY",
      "canonical_tool_description_hash": "346b1f772b30c875d026d27ecbbeca167a5b3da1e3c7f2ce28d1fb880ecd2c77",
      "canonical_tool_input_schema_hash": "35a5795753437b4444c36f5747d8c34808cbda1acd8cebdf6c53476893f598a9"
    },
    "input_schema": {
      "type": "object",
      "required": ["path", "body"],
      "properties": {
        "body": {
          "type": "object",
          "required": ["query"],
          "properties": {
            "query": {
              "type": "string",
              "description": "SQL query to execute"
            }
          },
          "description": "body parameters",
          "additionalProperties": false
        },
        "path": {
          "type": "object",
          "required": ["ref"],
          "properties": {
            "ref": {
              "type": "string",
              "description": "Project ref"
            }
          },
          "description": "path parameters",
          "additionalProperties": false
        }
      },
      "additionalProperties": false
    }
  },
  {
    "name": "SUPABASE__LIST_ALL_EDGE_FUNCTIONS",
    "description": "List all edge functions",
    "tags": [],
    "tool_metadata": {
      "canonical_tool_name": "LIST_ALL_EDGE_FUNCTIONS",
      "canonical_tool_description_hash": "49417698905544c5ebc15556a7a789a86dd7b4544f8a9a5b72571c667ec0c69e",
      "canonical_tool_input_schema_hash": "a1865e874834dd943362d88daa0e32e743a1babf3098eab21022c26d23d31fed"
    },
    "input_schema": {
      "type": "object",
      "required": ["path"],
      "properties": {
        "path": {
          "type": "object",
          "required": ["ref"],
          "properties": {
            "ref": {
              "type": "string",
              "description": "Project ref"
            }
          },
          "description": "path parameters",
          "additionalProperties": false
        }
      },
      "additionalProperties": false
    }
  },
  {
    "name": "SUPABASE__CREATE_EDGE_FUNCTION",
    "description": "Create an edge function (deprecated - use deploy endpoint)",
    "tags": [],
    "tool_metadata": {
      "canonical_tool_name": "CREATE_EDGE_FUNCTION",
      "canonical_tool_description_hash": "b02cd25454ca5e9157f6c598b3e2d0a831f6c609264dbee20fa2b4193203732f",
      "canonical_tool_input_schema_hash": "ab7816a93f604d8d1e4e68c46ff6d81490bd820e95f468e15bc8c045c1a82645"
    },
    "input_schema": {
      "type": "object",
      "required": ["path", "body"],
      "properties": {
        "body": {
          "type": "object",
          "required": ["slug", "name", "body"],
          "properties": {
            "body": {
              "type": "string",
              "description": "Function code body"
            },
            "name": {
              "type": "string",
              "description": "Function name"
            },
            "slug": {
              "type": "string",
              "description": "Function slug"
            },
            "verify_jwt": {
              "type": "boolean",
              "description": "Verify JWT"
            }
          },
          "description": "body parameters",
          "additionalProperties": false
        },
        "path": {
          "type": "object",
          "required": ["ref"],
          "properties": {
            "ref": {
              "type": "string",
              "description": "Project ref"
            }
          },
          "description": "path parameters",
          "additionalProperties": false
        },
        "query": {
          "type": "object",
          "required": [],
          "properties": {
            "name": {
              "type": "string",
              "description": "Function name"
            },
            "slug": {
              "type": "string",
              "description": "Function slug"
            },
            "import_map": {
              "type": "boolean",
              "description": "Import map enabled"
            },
            "verify_jwt": {
              "type": "boolean",
              "description": "Verify JWT"
            },
            "entrypoint_path": {
              "type": "string",
              "description": "Entrypoint path"
            },
            "import_map_path": {
              "type": "string",
              "description": "Import map path"
            }
          },
          "description": "query parameters",
          "additionalProperties": false
        }
      },
      "additionalProperties": false
    }
  },
  {
    "name": "SUPABASE__DELETE_EDGE_FUNCTION",
    "description": "Delete an edge function",
    "tags": [],
    "tool_metadata": {
      "canonical_tool_name": "DELETE_EDGE_FUNCTION",
      "canonical_tool_description_hash": "021cfbf7b0dc0c2ef809f8c597c29b69f1d1a5de5a3f1c99b14159c838b6eada",
      "canonical_tool_input_schema_hash": "ba6835f37c25d9b08b0cfe95e8b5ffde35ed429b4ad8c34abf812e6f2083e2d9"
    },
    "input_schema": {
      "type": "object",
      "required": ["path"],
      "properties": {
        "path": {
          "type": "object",
          "required": ["ref", "function_slug"],
          "properties": {
            "ref": {
              "type": "string",
              "description": "Project ref"
            },
            "function_slug": {
              "type": "string",
              "description": "Function slug"
            }
          },
          "description": "path parameters",
          "additionalProperties": false
        }
      },
      "additionalProperties": false
    }
  },
  {
    "name": "SUPABASE__GET_EDGE_FUNCTION",
    "description": "Get an edge function",
    "tags": [],
    "tool_metadata": {
      "canonical_tool_name": "GET_EDGE_FUNCTION",
      "canonical_tool_description_hash": "fcc24d179b8698385491fe77ceaf7d17b07da5e59fbc72b27605da04b5c30c4d",
      "canonical_tool_input_schema_hash": "ba6835f37c25d9b08b0cfe95e8b5ffde35ed429b4ad8c34abf812e6f2083e2d9"
    },
    "input_schema": {
      "type": "object",
      "required": ["path"],
      "properties": {
        "path": {
          "type": "object",
          "required": ["ref", "function_slug"],
          "properties": {
            "ref": {
              "type": "string",
              "description": "Project ref"
            },
            "function_slug": {
              "type": "string",
              "description": "Function slug"
            }
          },
          "description": "path parameters",
          "additionalProperties": false
        }
      },
      "additionalProperties": false
    }
  },
  {
    "name": "SUPABASE__UPDATE_EDGE_FUNCTION",
    "description": "Update an edge function",
    "tags": [],
    "tool_metadata": {
      "canonical_tool_name": "UPDATE_EDGE_FUNCTION",
      "canonical_tool_description_hash": "d0ad7211ae913a0bd8a049ad2b311d78a67e49b299209b06ba3263d4bdac0d9d",
      "canonical_tool_input_schema_hash": "0b7ec4af0dd0b6a8b67a7ebca404ff10f53270590e4eb79de7f4ba76af09c7e7"
    },
    "input_schema": {
      "type": "object",
      "required": ["path"],
      "properties": {
        "body": {
          "type": "object",
          "required": [],
          "properties": {
            "body": {
              "type": "string",
              "description": "Function code body"
            },
            "name": {
              "type": "string",
              "description": "Function name"
            },
            "verify_jwt": {
              "type": "boolean",
              "description": "Verify JWT"
            }
          },
          "description": "body parameters",
          "additionalProperties": false
        },
        "path": {
          "type": "object",
          "required": ["ref", "function_slug"],
          "properties": {
            "ref": {
              "type": "string",
              "description": "Project ref"
            },
            "function_slug": {
              "type": "string",
              "description": "Function slug"
            }
          },
          "description": "path parameters",
          "additionalProperties": false
        },
        "query": {
          "type": "object",
          "required": [],
          "properties": {
            "name": {
              "type": "string",
              "description": "Function name"
            },
            "import_map": {
              "type": "boolean",
              "description": "Import map enabled"
            },
            "verify_jwt": {
              "type": "boolean",
              "description": "Verify JWT"
            },
            "entrypoint_path": {
              "type": "string",
              "description": "Entrypoint path"
            },
            "import_map_path": {
              "type": "string",
              "description": "Import map path"
            }
          },
          "description": "query parameters",
          "additionalProperties": false
        }
      },
      "additionalProperties": false
    }
  },
  {
    "name": "SUPABASE__GET_EDGE_FUNCTION_BODY",
    "description": "Get an edge function body",
    "tags": [],
    "tool_metadata": {
      "canonical_tool_name": "GET_EDGE_FUNCTION_BODY",
      "canonical_tool_description_hash": "4ea34d8baeabaf85ad09b36532c0633a9150273505fa37d67174856113ea8161",
      "canonical_tool_input_schema_hash": "ba6835f37c25d9b08b0cfe95e8b5ffde35ed429b4ad8c34abf812e6f2083e2d9"
    },
    "input_schema": {
      "type": "object",
      "required": ["path"],
      "properties": {
        "path": {
          "type": "object",
          "required": ["ref", "function_slug"],
          "properties": {
            "ref": {
              "type": "string",
              "description": "Project ref"
            },
            "function_slug": {
              "type": "string",
              "description": "Function slug"
            }
          },
          "description": "path parameters",
          "additionalProperties": false
        }
      },
      "additionalProperties": false
    }
  }
]
