{
  "name": "FEISHU",
  "url": "https://mcp.aci.dev/virtual/mcp?server_name=FEISHU",
  "transport_type": "streamable_http",
  "description": "Feishu (Lark) is a suite of workplace collaboration tools developed by ByteDance. It provides APIs for messaging, document collaboration, and workplace automation.",
  "logo": "https://raw.githubusercontent.com/aipotheosis-labs/aipolabs-icons/refs/heads/main/apps/feishu.svg",
  "categories": ["Communication", "Productivity"],
  "auth_configs": [
    {
      "type": "api_key",
      "location": "header",
      "name": "Authorization",
      "prefix": "Bearer"
    }
  ],
  "server_metadata": {
    "is_virtual_mcp_server": true
  }
}
