[
  {
    "name": "FEISHU__SEND_MESSAGE",
    "description": "Send a message to a Feishu user or chat using their open_id.",
    "tags": [],
    "tool_metadata": {
      "canonical_tool_name": "SEND_MESSAGE",
      "canonical_tool_description_hash": "8fa7bbc59c4edd6128b475d513de25cec25dc3e949830906992292acc33389e5",
      "canonical_tool_input_schema_hash": "481af6e165801bcf65fccf09bebbde94942acdda9186884a5f710e8f2e43bf3b"
    },
    "input_schema": {
      "type": "object",
      "required": ["body"],
      "properties": {
        "body": {
          "type": "object",
          "required": ["receive_id", "msg_type", "content"],
          "properties": {
            "uuid": {
              "type": "string",
              "description": "Optional unique identifier for the message"
            },
            "content": {
              "type": "string",
              "description": "JSON string of the message content. For text messages, use format: {\"text\":\"your message\"}"
            },
            "msg_type": {
              "enum": ["text", "post", "image", "file", "audio", "media", "sticker", "interactive"],
              "type": "string",
              "default": "text",
              "description": "Type of the message"
            },
            "receive_id": {
              "type": "string",
              "description": "ID of the message receiver"
            }
          },
          "description": "Body parameters for the message request",
          "additionalProperties": false
        },
        "query": {
          "type": "object",
          "required": ["receive_id_type"],
          "properties": {
            "receive_id_type": {
              "enum": ["open_id", "user_id", "union_id", "email", "chat_id"],
              "type": "string",
              "default": "open_id",
              "description": "Type of the receive_id, e.g., 'open_id', 'user_id', 'union_id', 'email', or 'chat_id'"
            }
          },
          "description": "Query parameters for the request",
          "additionalProperties": false
        }
      },
      "additionalProperties": false
    }
  },
  {
    "name": "FEISHU__REPLY_MESSAGE",
    "description": "Reply to a specific message in Feishu",
    "tags": [],
    "tool_metadata": {
      "canonical_tool_name": "REPLY_MESSAGE",
      "canonical_tool_description_hash": "b65df41994f4af57a61284e1efa62f9dbec4ee6ddda2c30cf023991a1a171561",
      "canonical_tool_input_schema_hash": "732e5eaa1ebca382384d9b96d29b396bff4c7d6e5b3f1e2f0fac700f26e357ac"
    },
    "input_schema": {
      "type": "object",
      "required": ["body", "path"],
      "properties": {
        "body": {
          "type": "object",
          "required": ["content", "msg_type"],
          "properties": {
            "uuid": {
              "type": "string",
              "example": "a0d69e20-1dd1-458b-k525-dfeca4015204",
              "description": "Custom unique string for deduplication. Requests with the same uuid will only successfully reply one message within 1 hour."
            },
            "content": {
              "type": "string",
              "example": "{\"text\":\"test content\"}",
              "description": "Message content in JSON format. The value should correspond to msg_type. For example, if msg_type is 'text', this should be a text content in JSON format."
            },
            "msg_type": {
              "type": "string",
              "example": "text",
              "description": "Type of the message. Options: text, post, image, file, audio, media, sticker, interactive, share_chat, share_user"
            },
            "reply_in_thread": {
              "type": "boolean",
              "default": false,
              "description": "Whether to reply in thread format"
            }
          },
          "description": "Message reply parameters",
          "additionalProperties": false
        },
        "path": {
          "type": "object",
          "required": ["message_id"],
          "properties": {
            "message_id": {
              "type": "string",
              "example": "om_dc13264520392913993dd051dba21dcf",
              "description": "ID of the message to reply to"
            }
          },
          "description": "Path parameters",
          "additionalProperties": false
        }
      },
      "additionalProperties": false
    }
  },
  {
    "name": "FEISHU__EDIT_MESSAGE",
    "description": "Edit an existing message in Feishu",
    "tags": [],
    "tool_metadata": {
      "canonical_tool_name": "EDIT_MESSAGE",
      "canonical_tool_description_hash": "c2279cef812be9e0717b5acf5b615f751eb5078d4ef08503e8d6b3fe889aed78",
      "canonical_tool_input_schema_hash": "72f3595afc1baf8dc58ad672d3c9bdee4027ffdb5100dd64575dfa4e73b5d3c8"
    },
    "input_schema": {
      "type": "object",
      "required": ["path", "body"],
      "properties": {
        "body": {
          "type": "object",
          "required": ["msg_type", "content"],
          "properties": {
            "content": {
              "type": "string",
              "description": "JSON string of the message content. For text messages, use format: {\"text\":\"your message\"}"
            },
            "msg_type": {
              "enum": ["text", "post"],
              "type": "string",
              "default": "text",
              "description": "Type of the message"
            }
          },
          "description": "Body parameters for the edit request",
          "additionalProperties": false
        },
        "path": {
          "type": "object",
          "required": ["message_id"],
          "properties": {
            "message_id": {
              "type": "string",
              "description": "ID of the message to edit"
            }
          },
          "description": "Path parameters for the request",
          "additionalProperties": false
        }
      },
      "additionalProperties": false
    }
  },
  {
    "name": "FEISHU__FORWARD_MESSAGE",
    "description": "Forward a message to another user or chat in Feishu",
    "tags": [],
    "tool_metadata": {
      "canonical_tool_name": "FORWARD_MESSAGE",
      "canonical_tool_description_hash": "82018a5be35d02a3a31a8daa6d96fd2e4824103a47be21000c59c32de0ee5416",
      "canonical_tool_input_schema_hash": "2a705a29ef8c3af4b92af716de1e47564d35b616bf1e4bed7848746146c6ee5a"
    },
    "input_schema": {
      "type": "object",
      "required": ["path", "query", "body"],
      "properties": {
        "body": {
          "type": "object",
          "required": ["receive_id"],
          "properties": {
            "receive_id": {
              "type": "string",
              "example": "ou_a0553eda9014c201e6969b478895c230",
              "description": "ID of the message receiver, must match the type specified in receive_id_type"
            }
          },
          "description": "Body parameters for the forward request",
          "additionalProperties": false
        },
        "path": {
          "type": "object",
          "required": ["message_id"],
          "properties": {
            "message_id": {
              "type": "string",
              "example": "om_dc13264520392913993dd051dba21dcf",
              "description": "ID of the message to forward. Can be obtained from: 1) Response of send message API, 2) Message event, 3) Get chat history API"
            }
          },
          "description": "Path parameters for the request",
          "additionalProperties": false
        },
        "query": {
          "type": "object",
          "required": ["receive_id_type"],
          "properties": {
            "uuid": {
              "type": "string",
              "example": "b13g2t38-1jd2-458b-8djf-dtbca5104204",
              "maxLength": 50,
              "description": "Custom unique string for deduplication. Requests with the same uuid will only successfully forward one message within 1 hour"
            },
            "receive_id_type": {
              "enum": ["open_id", "user_id", "union_id", "email", "chat_id", "thread_id"],
              "type": "string",
              "default": "open_id",
              "example": "open_id",
              "description": "Type of the receive_id. Options: open_id, user_id, union_id, email, chat_id, thread_id"
            }
          },
          "description": "Query parameters for the request",
          "additionalProperties": false
        }
      },
      "additionalProperties": false
    }
  },
  {
    "name": "FEISHU__MERGE_FORWARD_MESSAGE",
    "description": "Merge and forward multiple messages to another user or chat in Feishu",
    "tags": [],
    "tool_metadata": {
      "canonical_tool_name": "MERGE_FORWARD_MESSAGE",
      "canonical_tool_description_hash": "0976dcfb53622f7cdd24237952699ddf20fe709901a7f784cd4af721e9a977c1",
      "canonical_tool_input_schema_hash": "ad679081ad673384c0f4c5baa0071c734cb7713e2039e5d7d6f3fa63c7ef363c"
    },
    "input_schema": {
      "type": "object",
      "required": ["query", "body"],
      "properties": {
        "body": {
          "type": "object",
          "required": ["receive_id", "message_id_list"],
          "properties": {
            "receive_id": {
              "type": "string",
              "example": "oc_a0553eda9014c201e6969b478895c230",
              "description": "ID of the message receiver, must match the type specified in receive_id_type"
            },
            "message_id_list": {
              "type": "array",
              "items": {
                "type": "string"
              },
              "example": ["om_dc13264520392913993dd051dba21dcf"],
              "maxItems": 100,
              "minItems": 1,
              "description": "List of message IDs to forward. All messages must be from the same chat. IDs can be obtained from: 1) Response of send message API, 2) Message event, 3) Get chat history API"
            }
          },
          "description": "Body parameters for the merge forward request",
          "additionalProperties": false
        },
        "query": {
          "type": "object",
          "required": ["receive_id_type"],
          "properties": {
            "uuid": {
              "type": "string",
              "example": "b13g2t38-1jd2-458b-8djf-dtbca5104204",
              "maxLength": 50,
              "description": "Custom unique string for deduplication. Requests with the same uuid will only successfully merge forward one message within 1 hour"
            },
            "receive_id_type": {
              "enum": ["open_id", "user_id", "union_id", "email", "chat_id", "thread_id"],
              "type": "string",
              "default": "open_id",
              "example": "open_id",
              "description": "Type of the receive_id. Options: open_id, user_id, union_id, email, chat_id, thread_id"
            }
          },
          "description": "Query parameters for the request",
          "additionalProperties": false
        }
      },
      "additionalProperties": false
    }
  }
]
