{
  "name": "DEXSCREENER",
  "url": "https://mcp.aci.dev/virtual/mcp?server_name=DEXSCREENER",
  "transport_type": "streamable_http",
  "description": "DexScreener API integration for accessing token and pair information from decentralized exchanges.",
  "logo": "https://raw.githubusercontent.com/aipotheosis-labs/aipolabs-icons/refs/heads/main/apps/dexscreener.svg",
  "categories": ["Finance", "Blockchain"],
  "auth_configs": [
    {
      "type": "no_auth"
    }
  ],
  "server_metadata": {
    "is_virtual_mcp_server": true
  }
}
