[
  {
    "name": "DEXSCREENER__GET_PAIRS_BY_ADDRESS",
    "description": "Get one or multiple pairs by chain and pair address. Rate-limited to 300 requests per minute.",
    "tags": [],
    "tool_metadata": {
      "canonical_tool_name": "GET_PAIRS_BY_ADDRESS",
      "canonical_tool_description_hash": "f643eb0f404596bf3100acba09a30a6b383dca42f8c45a568daf757de1a0ac06",
      "canonical_tool_input_schema_hash": "7f978beb7e4d12e3db988c7713acdb1cd55f7454be78d5ebabf7d4ba5d93186e"
    },
    "input_schema": {
      "type": "object",
      "required": ["path"],
      "properties": {
        "path": {
          "type": "object",
          "required": ["chainId", "pairId"],
          "properties": {
            "pairId": {
              "type": "string",
              "description": "The pair address to retrieve"
            },
            "chainId": {
              "type": "string",
              "description": "The blockchain ID (e.g., 'solana', 'ethereum')"
            }
          },
          "description": "Path parameters for the request",
          "additionalProperties": false
        }
      },
      "additionalProperties": false
    }
  },
  {
    "name": "DEXSCREENER__SEARCH_PAIRS",
    "description": "Search for pairs matching a query. Rate-limited to 300 requests per minute.",
    "tags": [],
    "tool_metadata": {
      "canonical_tool_name": "SEARCH_PAIRS",
      "canonical_tool_description_hash": "361064927d5ec22cb50047f2bdb80fe7496f0141d728bbda99a87fbdf85c5101",
      "canonical_tool_input_schema_hash": "ec044522a66515500e5d400c0e6521c719c959aa98103a5aa66f5b19b68844f3"
    },
    "input_schema": {
      "type": "object",
      "required": ["query"],
      "properties": {
        "query": {
          "type": "object",
          "required": ["q"],
          "properties": {
            "q": {
              "type": "string",
              "description": "The search query (e.g., 'SOL/USDC')"
            }
          },
          "description": "Query parameters for the request",
          "additionalProperties": false
        }
      },
      "additionalProperties": false
    }
  },
  {
    "name": "DEXSCREENER__GET_TOKEN_PROFILES",
    "description": "Get the latest token profiles from DexScreener. Rate-limited to 60 requests per minute.",
    "tags": [],
    "tool_metadata": {
      "canonical_tool_name": "GET_TOKEN_PROFILES",
      "canonical_tool_description_hash": "4779d48f244adc93a55b781cfa5f6b815934bcd8c09ab364ebb1906523b9649c",
      "canonical_tool_input_schema_hash": "d746974fa9afd5e951f76f9af38954b0ad7f436f2120dc974da65e5ee39f856f"
    },
    "input_schema": {
      "type": "object",
      "required": [],
      "properties": {},
      "additionalProperties": false
    }
  },
  {
    "name": "DEXSCREENER__GET_TOKEN_BOOSTS",
    "description": "Get the latest boosted tokens from DexScreener. Rate-limited to 60 requests per minute.",
    "tags": [],
    "tool_metadata": {
      "canonical_tool_name": "GET_TOKEN_BOOSTS",
      "canonical_tool_description_hash": "865d13b9752d8e20eeeb5f5d23629f5545d2d6d093ecb9e076a26cf51ee94c75",
      "canonical_tool_input_schema_hash": "d746974fa9afd5e951f76f9af38954b0ad7f436f2120dc974da65e5ee39f856f"
    },
    "input_schema": {
      "type": "object",
      "required": [],
      "properties": {},
      "additionalProperties": false
    }
  },
  {
    "name": "DEXSCREENER__GET_TOP_TOKEN_BOOSTS",
    "description": "Get the tokens with most active boosts from DexScreener. Rate-limited to 60 requests per minute.",
    "tags": [],
    "tool_metadata": {
      "canonical_tool_name": "GET_TOP_TOKEN_BOOSTS",
      "canonical_tool_description_hash": "627e752f9c8ea22135fc98f2be23b8e02296d84ea33f5e5ca3b83ad5c2e2c01b",
      "canonical_tool_input_schema_hash": "d746974fa9afd5e951f76f9af38954b0ad7f436f2120dc974da65e5ee39f856f"
    },
    "input_schema": {
      "type": "object",
      "required": [],
      "properties": {},
      "additionalProperties": false
    }
  },
  {
    "name": "DEXSCREENER__CHECK_TOKEN_ORDERS",
    "description": "Check orders paid for a specific token. Rate-limited to 60 requests per minute.",
    "tags": [],
    "tool_metadata": {
      "canonical_tool_name": "CHECK_TOKEN_ORDERS",
      "canonical_tool_description_hash": "4b8f1a918c91b109d376a22f07342ba30abd7ac7b15f6091be99f284704fe259",
      "canonical_tool_input_schema_hash": "36f937c566aeacbf5d66ab1e6ae42e67d230d4b508947607a45c4d86305a01f5"
    },
    "input_schema": {
      "type": "object",
      "required": ["path"],
      "properties": {
        "path": {
          "type": "object",
          "required": ["chainId", "tokenAddress"],
          "properties": {
            "chainId": {
              "type": "string",
              "description": "The blockchain ID (e.g., 'solana', 'ethereum')"
            },
            "tokenAddress": {
              "type": "string",
              "description": "The token address to check orders for"
            }
          },
          "description": "Path parameters for the request",
          "additionalProperties": false
        }
      },
      "additionalProperties": false
    }
  },
  {
    "name": "DEXSCREENER__GET_TOKEN_POOLS",
    "description": "Get the pools of a given token address. Rate-limited to 300 requests per minute.",
    "tags": [],
    "tool_metadata": {
      "canonical_tool_name": "GET_TOKEN_POOLS",
      "canonical_tool_description_hash": "9f0ad39a46d8b32f363732cb1109934ab5b36c83c7a89ab508b1e969eeac97f4",
      "canonical_tool_input_schema_hash": "52422370abb0c65a22c65be3a402d0bc6fe6c412a0dc93080a77571f11109a00"
    },
    "input_schema": {
      "type": "object",
      "required": ["path"],
      "properties": {
        "path": {
          "type": "object",
          "required": ["chainId", "tokenAddress"],
          "properties": {
            "chainId": {
              "type": "string",
              "description": "The blockchain ID (e.g., 'solana', 'ethereum')"
            },
            "tokenAddress": {
              "type": "string",
              "description": "The token address to get pools for"
            }
          },
          "description": "Path parameters for the request",
          "additionalProperties": false
        }
      },
      "additionalProperties": false
    }
  },
  {
    "name": "DEXSCREENER__GET_PAIRS_BY_TOKEN",
    "description": "Get one or multiple pairs by token address. Rate-limited to 300 requests per minute.",
    "tags": [],
    "tool_metadata": {
      "canonical_tool_name": "GET_PAIRS_BY_TOKEN",
      "canonical_tool_description_hash": "5b78564f7bb90d427e3cbafc7d5efe45a83deff5c2c85d69075ea5cb600d910d",
      "canonical_tool_input_schema_hash": "364b84d3aeb2249243e5f4e8981d0c818c1e4c9b1a0b7b51dc0a93880c89baa2"
    },
    "input_schema": {
      "type": "object",
      "required": ["path"],
      "properties": {
        "path": {
          "type": "object",
          "required": ["chainId", "tokenAddresses"],
          "properties": {
            "chainId": {
              "type": "string",
              "description": "The blockchain ID (e.g., 'solana', 'ethereum')"
            },
            "tokenAddresses": {
              "type": "string",
              "description": "One or multiple comma-separated token addresses (up to 30 addresses)"
            }
          },
          "description": "Path parameters for the request",
          "additionalProperties": false
        }
      },
      "additionalProperties": false
    }
  }
]
