{
  "name": "CLICKUP",
  "url": "https://mcp.aci.dev/virtual/mcp?server_name=CLICKUP",
  "transport_type": "streamable_http",
  "description": "The ClickUp API allows you to interact with ClickUp programmatically, including workspace management, tasks, lists, folders, and more.",
  "logo": "https://raw.githubusercontent.com/aipotheosis-labs/aipolabs-icons/refs/heads/main/apps/clickup.png",
  "categories": ["Productivity"],
  "auth_configs": [
    {
      "type": "oauth2",
      "client_id": "{{ CLIENT_ID }}",
      "client_secret": "{{ CLIENT_SECRET }}",
      "scope": "",
      "authorize_url": "https://app.clickup.com/api",
      "access_token_url": "https://api.clickup.com/api/v2/oauth/token",
      "refresh_token_url": "https://api.clickup.com/api/v2/oauth/token"
    }
  ],
  "server_metadata": {
    "is_virtual_mcp_server": true
  }
}
