{
  "name": "AERO_WORKFLOW",
  "url": "https://mcp.aci.dev/virtual/mcp?server_name=AERO_WORKFLOW",
  "transport_type": "streamable_http",
  "description": "Aero is workflow & practice management built specifically with the modern cloud-based accounting firm in mind.",
  "logo": "https://raw.githubusercontent.com/aipotheosis-labs/aipolabs-icons/refs/heads/main/apps/aeroworkflow.svg",
  "categories": ["Productivity", "Automation"],
  "auth_configs": [
    {
      "type": "api_key",
      "location": "header",
      "name": "apikey"
    }
  ],
  "server_metadata": {
    "is_virtual_mcp_server": true
  }
}
