[
  {
    "name": "AERO_WORKFLOW__GET_OTHERS",
    "description": "Retrieve miscellaneous AeroWorkflow data",
    "tags": [],
    "tool_metadata": {
      "canonical_tool_name": "GET_OTHERS",
      "canonical_tool_description_hash": "367f94348e372028c5b3c6b0ab334d3e02452ecffd0d11136dba13624d67abc5",
      "canonical_tool_input_schema_hash": "f546e3328c11cdc887e10a7557d4f06b9bb894b7ee3141a696993b08bf4190dc"
    },
    "input_schema": {
      "type": "object",
      "required": ["path"],
      "properties": {
        "path": {
          "type": "object",
          "required": ["account_id"],
          "properties": {
            "account_id": {
              "type": "string",
              "description": "Account ID"
            }
          },
          "additionalProperties": false
        }
      },
      "additionalProperties": false
    }
  },
  {
    "name": "AERO_WORKFLOW__GET_EMAILS",
    "description": "Retrieve paginated email data from AeroWorkflow",
    "tags": [],
    "tool_metadata": {
      "canonical_tool_name": "GET_EMAILS",
      "canonical_tool_description_hash": "e21ab45dc30289b378e0c3a63031c00921be4effaaf36d61dd61fc59ca75cb01",
      "canonical_tool_input_schema_hash": "2d918dcfb00beac0915bc3b2ad2b6a9a0c24e5c750845b03162f4273221e21bc"
    },
    "input_schema": {
      "type": "object",
      "required": ["path"],
      "properties": {
        "path": {
          "type": "object",
          "required": ["account_id"],
          "properties": {
            "account_id": {
              "type": "string",
              "description": "Account ID"
            }
          },
          "additionalProperties": false
        },
        "query": {
          "type": "object",
          "required": [],
          "properties": {
            "pageNumber": {
              "type": "integer",
              "default": 1,
              "description": "Page number for pagination"
            }
          },
          "additionalProperties": false
        }
      },
      "additionalProperties": false
    }
  },
  {
    "name": "AERO_WORKFLOW__GET_TASKS",
    "description": "Retrieve task data from AeroWorkflow",
    "tags": [],
    "tool_metadata": {
      "canonical_tool_name": "GET_TASKS",
      "canonical_tool_description_hash": "8645034fd9cf60d4be911421c0eee1a9ed8ae3a512cb348a9a2173bf4cb1a0a2",
      "canonical_tool_input_schema_hash": "f546e3328c11cdc887e10a7557d4f06b9bb894b7ee3141a696993b08bf4190dc"
    },
    "input_schema": {
      "type": "object",
      "required": ["path"],
      "properties": {
        "path": {
          "type": "object",
          "required": ["account_id"],
          "properties": {
            "account_id": {
              "type": "string",
              "description": "Account ID"
            }
          },
          "additionalProperties": false
        }
      },
      "additionalProperties": false
    }
  },
  {
    "name": "AERO_WORKFLOW__GET_CONTACTS",
    "description": "Retrieve contact data from AeroWorkflow",
    "tags": [],
    "tool_metadata": {
      "canonical_tool_name": "GET_CONTACTS",
      "canonical_tool_description_hash": "a292c962e930ab19a02b737bcd732b4a7f8e6e42c70213386db00d67770af62c",
      "canonical_tool_input_schema_hash": "f546e3328c11cdc887e10a7557d4f06b9bb894b7ee3141a696993b08bf4190dc"
    },
    "input_schema": {
      "type": "object",
      "required": ["path"],
      "properties": {
        "path": {
          "type": "object",
          "required": ["account_id"],
          "properties": {
            "account_id": {
              "type": "string",
              "description": "Account ID"
            }
          },
          "additionalProperties": false
        }
      },
      "additionalProperties": false
    }
  },
  {
    "name": "AERO_WORKFLOW__CREATE_CONTACT",
    "description": "Create a new contact in AeroWorkflow",
    "tags": [],
    "tool_metadata": {
      "canonical_tool_name": "CREATE_CONTACT",
      "canonical_tool_description_hash": "3aa55380ca441b70d64e439e5a5871c7579afcf64c1d985cf1400c63c60edbc2",
      "canonical_tool_input_schema_hash": "30e34b4931af3f563183e00907da862c54086f88f0dfc85577e9796a1b5242ce"
    },
    "input_schema": {
      "type": "object",
      "required": ["path", "body"],
      "properties": {
        "body": {
          "type": "object",
          "required": ["firstName", "lastName"],
          "properties": {
            "lastName": {
              "type": "string",
              "description": "Contact's last name"
            },
            "firstName": {
              "type": "string",
              "description": "Contact's first name"
            },
            "defaultEmailAddress": {
              "type": "string",
              "format": "email",
              "description": "Primary email address"
            }
          },
          "additionalProperties": false
        },
        "path": {
          "type": "object",
          "required": ["account_id"],
          "properties": {
            "account_id": {
              "type": "string",
              "description": "Account ID"
            }
          },
          "additionalProperties": false
        }
      },
      "additionalProperties": false
    }
  }
]
