[
  {
    "name": "AKKIO__LIST_MODELS",
    "description": "Get all models in your organization",
    "tags": [],
    "tool_metadata": {
      "canonical_tool_name": "LIST_MODELS",
      "canonical_tool_description_hash": "84c919521f62bdf388e3900d8c3739b7ebaf8c1c72f23272f72a6278c8862697",
      "canonical_tool_input_schema_hash": "d746974fa9afd5e951f76f9af38954b0ad7f436f2120dc974da65e5ee39f856f"
    },
    "input_schema": {
      "type": "object",
      "required": [],
      "properties": {},
      "additionalProperties": false
    }
  },
  {
    "name": "AKKIO__LIST_DATASETS",
    "description": "Get all datasets in your organization, or optionally get a specific dataset",
    "tags": [],
    "tool_metadata": {
      "canonical_tool_name": "LIST_DATASETS",
      "canonical_tool_description_hash": "bfc1f8b85d428bb2d841ba19ee43986c5dd1224116acd931e06d4dbfe320fa93",
      "canonical_tool_input_schema_hash": "f12374cfa21145d054ab0d549a19058e55a0880029935fefa3c9eaa0a4cd001d"
    },
    "input_schema": {
      "type": "object",
      "required": [],
      "properties": {
        "query": {
          "type": "object",
          "required": [],
          "properties": {
            "id": {
              "type": "string",
              "description": "(Optional): If dataset ID is included, only the specific dataset is returned"
            }
          },
          "description": "Query parameters",
          "additionalProperties": false
        }
      },
      "additionalProperties": false
    }
  },
  {
    "name": "AKKIO__CREATE_DATASET",
    "description": "Creates a dataset with a given name",
    "tags": [],
    "tool_metadata": {
      "canonical_tool_name": "CREATE_DATASET",
      "canonical_tool_description_hash": "2cc13d3c1a4452a8d39a7911d8b1f2ac7abb97a5168628c948ddd5575159610d",
      "canonical_tool_input_schema_hash": "35184b3a1dc160dd3d6a3a2964bc1c28382fa7a53c8940c4ecdee3cbeabf0c5b"
    },
    "input_schema": {
      "type": "object",
      "required": ["body"],
      "properties": {
        "body": {
          "type": "object",
          "required": ["name"],
          "properties": {
            "name": {
              "type": "string",
              "description": "The name of the dataset to be created"
            }
          },
          "description": "The request body",
          "additionalProperties": false
        }
      },
      "additionalProperties": false
    }
  },
  {
    "name": "AKKIO__ADD_ROWS_TO_DATASET",
    "description": "Add rows to an existing dataset",
    "tags": [],
    "tool_metadata": {
      "canonical_tool_name": "ADD_ROWS_TO_DATASET",
      "canonical_tool_description_hash": "9e33b5301ead3e5af8172fc16d65db0cf033a120c86017fae00d19468d6d0b25",
      "canonical_tool_input_schema_hash": "c16efc9248077528420d24743ab595ca5c363cdf101e9a3021072e8c72980773"
    },
    "input_schema": {
      "type": "object",
      "required": ["body"],
      "properties": {
        "body": {
          "type": "object",
          "required": ["id", "rows"],
          "properties": {
            "id": {
              "type": "string",
              "description": "The ID of the dataset to add rows to"
            },
            "rows": {
              "type": "array",
              "items": {
                "type": "object",
                "description": "A row of data with field names and values",
                "additionalProperties": true
              },
              "description": "An array of objects, each representing a row of data. Example: [{\"name\": \"John\", \"age\": 30}]"
            }
          },
          "description": "The request body",
          "additionalProperties": false
        }
      },
      "additionalProperties": false
    }
  },
  {
    "name": "AKKIO__DELETE_DATASET",
    "description": "Deletes a given dataset from a given ID",
    "tags": [],
    "tool_metadata": {
      "canonical_tool_name": "DELETE_DATASET",
      "canonical_tool_description_hash": "29a660057d16e60d74b545e380901f28132ab2645f89860ced03750cf7a1b968",
      "canonical_tool_input_schema_hash": "03929ebe5d524b0d7267bcecfb484cc383d88a0857d3660006441dc27f9dba67"
    },
    "input_schema": {
      "type": "object",
      "required": ["body"],
      "properties": {
        "body": {
          "type": "object",
          "required": ["id"],
          "properties": {
            "id": {
              "type": "string",
              "description": "The ID of the dataset to delete"
            }
          },
          "description": "The request body",
          "additionalProperties": false
        }
      },
      "additionalProperties": false
    }
  },
  {
    "name": "AKKIO__DELETE_MODEL",
    "description": "Deletes a specific model by ID",
    "tags": [],
    "tool_metadata": {
      "canonical_tool_name": "DELETE_MODEL",
      "canonical_tool_description_hash": "a6f9b30162a575490540cf7318a74a57da63ca7f520d9e41f394b496f2281f64",
      "canonical_tool_input_schema_hash": "0c36ae0067650ceecc1757da495d1c1fde403c8f82d588bf08726b3d35945b3e"
    },
    "input_schema": {
      "type": "object",
      "required": ["body"],
      "properties": {
        "body": {
          "type": "object",
          "required": ["id"],
          "properties": {
            "id": {
              "type": "string",
              "description": "The ID of the model to delete"
            }
          },
          "description": "The request body",
          "additionalProperties": false
        }
      },
      "additionalProperties": false
    }
  }
]
