[
  {
    "name": "ACTIVE_CAMPAIGN__CREATE_CONTACT",
    "description": "Creates a new contact in ActiveCampaign. Accepts contact details including email, first name, last name, phone, and custom field values, and returns the created contact object.",
    "tool_metadata": {
      "type": "rest",
      "method": "POST",
      "endpoint": "https://{account_name}.api-us1.com/api/3/contacts"
    },
    "input_schema": {
      "type": "object",
      "properties": {
        "path": {
          "type": "object",
          "description": "Path parameters for the URL",
          "properties": {
            "account_name": {
              "type": "string",
              "description": "Your ActiveCampaign account name"
            }
          },
          "required": [
            "account_name"
          ],
          "visible": [
            "account_name"
          ],
          "additionalProperties": false
        },
        "body": {
          "type": "object",
          "description": "The request body containing contact data.",
          "properties": {
            "contact": {
              "type": "object",
              "description": "Contact object with details.",
              "properties": {
                "email": {
                  "type": "string",
                  "description": "Contact's email address."
                },
                "firstName": {
                  "type": "string",
                  "description": "Contact's first name."
                },
                "lastName": {
                  "type": "string",
                  "description": "Contact's last name."
                },
                "phone": {
                  "type": "string",
                  "description": "Contact's phone number."
                },
                "fieldValues": {
                  "type": "array",
                  "description": "List of custom field values for the contact.",
                  "items": {
                    "type": "object",
                    "properties": {
                      "field": {
                        "type": "number",
                        "description": "ID of the custom field."
                      },
                      "value": {
                        "type": "string",
                        "description": "Value for the custom field."
                      }
                    },
                    "required": [
                      "field",
                      "value"
                    ],
                    "additionalProperties": false
                  }
                }
              },
              "required": [
                "email"
              ],
              "visible": [
                "email",
                "firstName",
                "lastName",
                "phone",
                "fieldValues"
              ],
              "additionalProperties": false
            }
          },
          "required": [
            "contact"
          ],
          "visible": [
            "contact"
          ],
          "additionalProperties": false
        },
        "header": {
          "type": "object",
          "description": "Header parameters.",
          "properties": {
            "Content-Type": {
              "type": "string",
              "description": "Content type header.",
              "default": "application/json"
            }
          },
          "required": [],
          "visible": [],
          "additionalProperties": false
        }
      },
      "required": [
        "body",
        "header",
        "path"
      ],
      "visible": [
        "body",
        "path"
      ],
      "additionalProperties": false
    }
  },
  {
    "name": "ACTIVE_CAMPAIGN__RETRIEVE_CONTACT",
    "description": "Retrieves a contact from ActiveCampaign using the contact ID. Returns the contact's details including email, first name, last name, phone, and custom field values.",
    "tool_metadata": {
      "type": "rest",
      "method": "GET",
      "endpoint": "https://{account_name}.api-us1.com/api/3/contacts/{contact_id}"
    },
    "input_schema": {
      "type": "object",
      "properties": {
        "path": {
          "type": "object",
          "description": "Path parameters for the URL",
          "properties": {
            "account_name": {
              "type": "string",
              "description": "Your ActiveCampaign account name"
            },
            "contact_id": {
              "type": "string",
              "description": "The ID of the contact to retrieve"
            }
          },
          "required": [
            "account_name",
            "contact_id"
          ],
          "visible": [
            "account_name",
            "contact_id"
          ],
          "additionalProperties": false
        },
        "header": {
          "type": "object",
          "description": "Header parameters",
          "properties": {
            "Content-Type": {
              "type": "string",
              "description": "Content type header",
              "default": "application/json"
            }
          },
          "required": [],
          "visible": [],
          "additionalProperties": false
        }
      },
      "required": [
        "path",
        "header"
      ],
      "visible": [
        "path"
      ],
      "additionalProperties": false
    }
  },
  {
    "name": "ACTIVE_CAMPAIGN__UPDATE_CONTACT",
    "description": "Updates an existing contact in ActiveCampaign using the contact ID. Accepts updated contact details including email, first name, last name, phone, and custom field values.",
    "tool_metadata": {
      "type": "rest",
      "method": "PUT",
      "endpoint": "https://{account_name}.api-us1.com/api/3/contacts/{contact_id}"
    },
    "input_schema": {
      "type": "object",
      "properties": {
        "path": {
          "type": "object",
          "description": "Path parameters for the URL",
          "properties": {
            "account_name": {
              "type": "string",
              "description": "Your ActiveCampaign account name"
            },
            "contact_id": {
              "type": "string",
              "description": "The ID of the contact to update"
            }
          },
          "required": [
            "account_name",
            "contact_id"
          ],
          "visible": [
            "account_name",
            "contact_id"
          ],
          "additionalProperties": false
        },
        "body": {
          "type": "object",
          "description": "The request body containing updated contact data.",
          "properties": {
            "contact": {
              "type": "object",
              "description": "Contact object with updated details.",
              "properties": {
                "email": {
                  "type": "string",
                  "description": "Contact's email address."
                },
                "firstName": {
                  "type": "string",
                  "description": "Contact's first name."
                },
                "lastName": {
                  "type": "string",
                  "description": "Contact's last name."
                },
                "phone": {
                  "type": "string",
                  "description": "Contact's phone number."
                },
                "fieldValues": {
                  "type": "array",
                  "description": "List of custom field values for the contact.",
                  "items": {
                    "type": "object",
                    "properties": {
                      "field": {
                        "type": "number",
                        "description": "ID of the custom field."
                      },
                      "value": {
                        "type": "string",
                        "description": "Value for the custom field."
                      }
                    },
                    "required": [
                      "field",
                      "value"
                    ],
                    "additionalProperties": false
                  }
                }
              },
              "required": [],
              "visible": [
                "email",
                "firstName",
                "lastName",
                "phone",
                "fieldValues"
              ],
              "additionalProperties": false
            }
          },
          "required": [
            "contact"
          ],
          "visible": [
            "contact"
          ],
          "additionalProperties": false
        },
        "header": {
          "type": "object",
          "description": "Header parameters.",
          "properties": {
            "Content-Type": {
              "type": "string",
              "description": "Content type header.",
              "default": "application/json"
            }
          },
          "required": [],
          "visible": [],
          "additionalProperties": false
        }
      },
      "required": [
        "path",
        "body",
        "header"
      ],
      "visible": [
        "path",
        "body"
      ],
      "additionalProperties": false
    }
  },
  {
    "name": "ACTIVE_CAMPAIGN__CREATE_LIST",
    "description": "Creates a new list in ActiveCampaign. Accepts list details including name, stringid, sender_url, sender_reminder, and sender address information, and returns the created list object.",
    "tool_metadata": {
      "type": "rest",
      "method": "POST",
      "endpoint": "https://{account_name}.api-us1.com/api/3/lists"
    },
    "input_schema": {
      "type": "object",
      "properties": {
        "path": {
          "type": "object",
          "description": "Path parameters for the URL",
          "properties": {
            "account_name": {
              "type": "string",
              "description": "Your ActiveCampaign account name"
            }
          },
          "required": [
            "account_name"
          ],
          "visible": [
            "account_name"
          ],
          "additionalProperties": false
        },
        "body": {
          "type": "object",
          "description": "The request body containing list data.",
          "properties": {
            "list": {
              "type": "object",
              "description": "List object with details.",
              "properties": {
                "name": {
                  "type": "string",
                  "description": "Name of the list."
                },
                "stringid": {
                  "type": "string",
                  "description": "Unique string identifier for the list."
                },
                "sender_url": {
                  "type": "string",
                  "description": "URL displayed in the footer of the email."
                },
                "sender_reminder": {
                  "type": "string",
                  "description": "Reminder message displayed in the footer of the email."
                },
                "sender_name": {
                  "type": "string",
                  "description": "Name of the sender."
                },
                "sender_addr1": {
                  "type": "string",
                  "description": "Address line 1 of the sender."
                },
                "sender_addr2": {
                  "type": "string",
                  "description": "Address line 2 of the sender."
                },
                "sender_city": {
                  "type": "string",
                  "description": "City of the sender."
                },
                "sender_state": {
                  "type": "string",
                  "description": "State of the sender."
                },
                "sender_zip": {
                  "type": "string",
                  "description": "ZIP code of the sender."
                },
                "sender_country": {
                  "type": "string",
                  "description": "Country of the sender."
                }
              },
              "required": [
                "name",
                "stringid",
                "sender_url",
                "sender_reminder",
                "sender_name",
                "sender_addr1",
                "sender_city",
                "sender_zip",
                "sender_country"
              ],
              "visible": [
                "name",
                "stringid",
                "sender_url",
                "sender_reminder",
                "sender_name",
                "sender_addr1",
                "sender_addr2",
                "sender_city",
                "sender_state",
                "sender_zip",
                "sender_country"
              ],
              "additionalProperties": false
            }
          },
          "required": [
            "list"
          ],
          "visible": [
            "list"
          ],
          "additionalProperties": false
        },
        "header": {
          "type": "object",
          "description": "Header parameters.",
          "properties": {
            "Content-Type": {
              "type": "string",
              "description": "Content type header.",
              "default": "application/json"
            }
          },
          "required": [],
          "visible": [],
          "additionalProperties": false
        }
      },
      "required": [
        "path",
        "body",
        "header"
      ],
      "visible": [
        "path",
        "body"
      ],
      "additionalProperties": false
    }
  },
  {
    "name": "ACTIVE_CAMPAIGN__UPDATE_CONTACT_LIST_STATUS",
    "description": "Subscribes or unsubscribes a contact to/from a list in ActiveCampaign. Accepts contact ID, list ID, and status to update the contact's subscription status.",
    "tool_metadata": {
      "type": "rest",
      "method": "POST",
      "endpoint": "https://{account_name}.api-us1.com/api/3/contactLists"
    },
    "input_schema": {
      "type": "object",
      "properties": {
        "path": {
          "type": "object",
          "description": "Path parameters for the URL",
          "properties": {
            "account_name": {
              "type": "string",
              "description": "Your ActiveCampaign account name"
            }
          },
          "required": [
            "account_name"
          ],
          "visible": [
            "account_name"
          ],
          "additionalProperties": false
        },
        "body": {
          "type": "object",
          "description": "The request body containing contact list status data.",
          "properties": {
            "contactList": {
              "type": "object",
              "description": "Contact list status object.",
              "properties": {
                "list": {
                  "type": "string",
                  "description": "The ID of the list."
                },
                "contact": {
                  "type": "string",
                  "description": "The ID of the contact."
                },
                "status": {
                  "type": "string",
                  "description": "The status of the contact in the list. '1' for active (subscribed), '2' for unsubscribed."
                }
              },
              "required": [
                "list",
                "contact",
                "status"
              ],
              "visible": [
                "list",
                "contact",
                "status"
              ],
              "additionalProperties": false
            }
          },
          "required": [
            "contactList"
          ],
          "visible": [
            "contactList"
          ],
          "additionalProperties": false
        },
        "header": {
          "type": "object",
          "description": "Header parameters.",
          "properties": {
            "Content-Type": {
              "type": "string",
              "description": "Content type header.",
              "default": "application/json"
            }
          },
          "required": [],
          "visible": [],
          "additionalProperties": false
        }
      },
      "required": [
        "path",
        "body",
        "header"
      ],
      "visible": [
        "path",
        "body"
      ],
      "additionalProperties": false
    }
  }
]
