{
  "name": "NEON",
  "url": "https://mcp.neon.tech/mcp",
  "transport_type": "streamable_http",
  "description": "The Neon MCP Server is an open-source tool that lets you interact with your Neon Postgres databases in natural language",
  "logo": "https://raw.githubusercontent.com/aipotheosis-labs/aipolabs-icons/refs/heads/main/apps/neon.svg",
  "categories": ["Dev Tools"],
  "auth_configs": [
    {
      "type": "oauth2",
      "client_id": "{{ CLIENT_ID }}",
      "client_secret": "{{ CLIENT_SECRET }}",
      "scope": "",
      "authorize_url": "https://mcp.neon.tech/authorize",
      "access_token_url": "https://mcp.neon.tech/token",
      "refresh_token_url": "https://mcp.neon.tech/token"
    },
    {
      "type": "api_key",
      "location": "header",
      "name": "Authorization",
      "prefix": "Bearer"
    }
  ],
  "server_metadata": {}
}
