[
  {
    "name": "ELEVEN_LABS__CREATE_SPEECH",
    "description": "Converts text into speech using a specified voice and returns base64-encoded audio in the specified output format (see output_format).",
    "tool_metadata": {
      "type": "connector"
    },
    "input_schema": {
      "type": "object",
      "properties": {
        "voice_id": {
          "type": "string",
          "description": "ID of the voice to be used. Use the List voices endpoint to find available voices."
        },
        "text": {
          "type": "string",
          "description": "The text that will be converted into speech."
        },
        "model_id": {
          "type": "string",
          "description": "Identifier of the model that will be used. Defaults to eleven_multilingual_v2.",
          "default": "eleven_multilingual_v2"
        },
        "output_format": {
          "type": "string",
          "description": "Output format of the generated audio. Formatted as codec_sample_rate_bitrate. So an mp3 with 22.05kHz sample rate at 32kbs is represented as mp3_22050_32. MP3 with 192kbps bitrate requires you to be subscribed to Creator tier or above. PCM with 44.1kHz sample rate requires you to be subscribed to Pro tier or above. Note that the \u03bc-law format (sometimes written mu-law, often approximated as u-law) is commonly used for Twilio audio inputs.",
          "enum": [
            "mp3_22050_32",
            "mp3_44100_32",
            "mp3_44100_64",
            "mp3_44100_96",
            "mp3_44100_128",
            "mp3_44100_192",
            "pcm_8000",
            "pcm_16000",
            "pcm_22050",
            "pcm_24000",
            "pcm_44100",
            "pcm_48000",
            "ulaw_8000",
            "alaw_8000",
            "opus_48000_32",
            "opus_48000_64",
            "opus_48000_96",
            "opus_48000_128",
            "opus_48000_192"
          ],
          "default": "mp3_44100_128"
        },
        "voice_settings": {
          "type": "object",
          "description": "Voice settings overriding stored settings for the given voice. They are applied only on the given request.",
          "properties": {
            "stability": {
              "type": "number",
              "description": "Controls the stability of the voice output.",
              "minimum": 0,
              "maximum": 1
            },
            "similarity_boost": {
              "type": "number",
              "description": "Controls the similarity boost of the voice output.",
              "minimum": 0,
              "maximum": 1
            },
            "style": {
              "type": "number",
              "description": "Controls the style of the voice output.",
              "minimum": 0,
              "maximum": 1
            },
            "use_speaker_boost": {
              "type": "boolean",
              "description": "Whether to use speaker boost."
            },
            "speed": {
              "type": "number",
              "description": "Controls the speed of the voice output.",
              "minimum": 0.7,
              "maximum": 1.2
            }
          },
          "required": [],
          "additionalProperties": false
        }
      },
      "required": ["voice_id", "text"],
      "additionalProperties": false
    }
  },
  {
    "name": "ELEVEN_LABS__LIST_VOICES",
    "description": "Retrieves a list of all available voices for a user with search, filtering, and pagination capabilities.",
    "tool_metadata": {
      "type": "rest",
      "method": "GET",
      "endpoint": "https://api.elevenlabs.io/v2/voices"
    },
    "input_schema": {
      "type": "object",
      "properties": {
        "query": {
          "type": "object",
          "description": "Query parameters",
          "properties": {
            "include_total_count": {
              "type": "boolean",
              "description": "Indicates whether to include the total count of voices in the response.",
              "default": true
            },
            "next_page_token": {
              "type": "string",
              "description": "Token for fetching the next page of results."
            },
            "page_size": {
              "type": "integer",
              "description": "Number of results to return per page."
            },
            "search": {
              "type": "string",
              "description": "Search term to filter voices by name."
            },
            "sort": {
              "type": "string",
              "description": "Field by which to sort the results."
            },
            "sort_direction": {
              "type": "string",
              "description": "Direction of sorting, either 'asc' or 'desc'."
            },
            "voice_type": {
              "type": "string",
              "description": "Type of voice to filter results."
            },
            "category": {
              "type": "string",
              "description": "Category to filter voices."
            },
            "fine_tuning_state": {
              "type": "string",
              "description": "Filter voices by their fine-tuning state."
            }
          },
          "required": [],
          "visible": [
            "include_total_count",
            "next_page_token",
            "page_size",
            "search",
            "sort",
            "sort_direction",
            "voice_type",
            "category",
            "fine_tuning_state"
          ],
          "additionalProperties": false
        }
      },
      "required": [],
      "visible": ["query"],
      "additionalProperties": false
    }
  },
  {
    "name": "ELEVEN_LABS__GET_VOICE_SETTINGS",
    "description": "Retrieves the settings for a specific voice, including stability, similarity boost, style, speaker boost, and speed parameters.",
    "tool_metadata": {
      "type": "rest",
      "method": "GET",
      "endpoint": "https://api.elevenlabs.io/v1/voices/{voice_id}/settings"
    },
    "input_schema": {
      "type": "object",
      "properties": {
        "path": {
          "type": "object",
          "description": "Path parameters",
          "properties": {
            "voice_id": {
              "type": "string",
              "description": "The ID of the voice whose settings are to be retrieved. Use the Get Voices endpoint to list all available voices."
            }
          },
          "required": ["voice_id"],
          "visible": ["voice_id"],
          "additionalProperties": false
        }
      },
      "required": ["path"],
      "visible": ["path"],
      "additionalProperties": false
    }
  },
  {
    "name": "ELEVEN_LABS__EDIT_VOICE_SETTINGS",
    "description": "Edits the settings for a specific voice, including parameters such as stability, similarity boost, style, speaker boost, and speed.",
    "tool_metadata": {
      "type": "rest",
      "method": "POST",
      "endpoint": "https://api.elevenlabs.io/v1/voices/{voice_id}/settings/edit"
    },
    "input_schema": {
      "type": "object",
      "properties": {
        "path": {
          "type": "object",
          "description": "Path parameters",
          "properties": {
            "voice_id": {
              "type": "string",
              "description": "The ID of the voice whose settings are to be edited. Use the Get Voices endpoint to list all available voices."
            }
          },
          "required": ["voice_id"],
          "visible": ["voice_id"],
          "additionalProperties": false
        },
        "header": {
          "type": "object",
          "description": "Header parameters",
          "properties": {
            "Content-Type": {
              "type": "string",
              "description": "The content type of the request, typically application/json.",
              "default": "application/json"
            }
          },
          "required": ["Content-Type"],
          "visible": ["Content-Type"],
          "additionalProperties": false
        },
        "body": {
          "type": "object",
          "description": "Request body parameters",
          "properties": {
            "stability": {
              "type": "number",
              "description": "Determines how stable the voice is and the randomness between each generation. Lower values introduce a broader emotional range for the voice. Higher values can result in a monotonous voice with limited emotion.",
              "minimum": 0,
              "maximum": 1
            },
            "similarity_boost": {
              "type": "number",
              "description": "Determines how closely the AI should adhere to the original voice when attempting to replicate it.",
              "minimum": 0,
              "maximum": 1
            },
            "style": {
              "type": "number",
              "description": "Determines the style exaggeration of the voice. This setting attempts to amplify the style of the original speaker. It does consume additional computational resources and might increase latency if set to anything other than 0.",
              "minimum": 0,
              "maximum": 1
            },
            "use_speaker_boost": {
              "type": "boolean",
              "description": "This setting boosts the similarity to the original speaker. Using this setting requires a slightly higher computational load, which in turn increases latency."
            },
            "speed": {
              "type": "number",
              "description": "Controls the speed of the generated speech. Values range from 0.7 to 1.2, with 1.0 being the default speed. Lower values create slower, more deliberate speech while higher values produce faster-paced speech. Extreme values can impact the quality of the generated speech.",
              "minimum": 0.7,
              "maximum": 1.2,
              "default": 1.0
            }
          },
          "required": [],
          "visible": ["stability", "similarity_boost", "style", "use_speaker_boost", "speed"],
          "additionalProperties": false
        }
      },
      "required": ["path", "header", "body"],
      "visible": ["path", "header", "body"],
      "additionalProperties": false
    }
  },
  {
    "name": "ELEVEN_LABS__STREAM_TEXT_TO_SPEECH",
    "description": "Converts text into speech using a selected voice and returns the result as a streamed audio response.",
    "tool_metadata": {
      "type": "rest",
      "method": "POST",
      "endpoint": "https://api.elevenlabs.io/v1/text-to-speech/{voice_id}/stream"
    },
    "input_schema": {
      "type": "object",
      "properties": {
        "path": {
          "type": "object",
          "description": "Path parameters",
          "properties": {
            "voice_id": {
              "type": "string",
              "description": "ID of the voice to be used"
            }
          },
          "required": ["voice_id"],
          "visible": ["voice_id"],
          "additionalProperties": false
        },
        "query": {
          "type": "object",
          "description": "Query parameters",
          "properties": {
            "enable_logging": {
              "type": "boolean",
              "description": "Enable request logging. When false, zero retention mode is used."
            },
            "optimize_streaming_latency": {
              "type": "integer",
              "description": "Latency optimization level (0\u20134). Deprecated."
            },
            "output_format": {
              "type": "string",
              "description": "Audio format (e.g., mp3_44100_128)"
            }
          },
          "required": [],
          "visible": ["enable_logging", "optimize_streaming_latency", "output_format"],
          "additionalProperties": false
        },
        "header": {
          "type": "object",
          "description": "Header parameters",
          "properties": {
            "Content-Type": {
              "type": "string",
              "default": "application/json"
            }
          },
          "required": [],
          "visible": ["Content-Type"],
          "additionalProperties": false
        },
        "body": {
          "type": "object",
          "description": "Request body parameters",
          "properties": {
            "text": {
              "type": "string",
              "description": "Text to convert to speech"
            },
            "model_id": {
              "type": "string",
              "description": "Model to use for speech synthesis"
            },
            "language_code": {
              "type": "string",
              "description": "ISO 639-1 language code to enforce a language"
            },
            "voice_settings": {
              "type": "object",
              "description": "Custom voice settings",
              "properties": {
                "stability": {
                  "type": "number",
                  "description": "Controls the stability of the voice output.",
                  "minimum": 0,
                  "maximum": 1
                },
                "similarity_boost": {
                  "type": "number",
                  "description": "Controls the similarity boost of the voice output.",
                  "minimum": 0,
                  "maximum": 1
                },
                "style": {
                  "type": "number",
                  "description": "Controls the style of the voice output.",
                  "minimum": 0,
                  "maximum": 1
                },
                "use_speaker_boost": {
                  "type": "boolean",
                  "description": "Whether to use speaker boost."
                },
                "speed": {
                  "type": "number",
                  "description": "Controls the speed of the voice output.",
                  "minimum": 0.5,
                  "maximum": 2.0
                }
              },
              "required": [],
              "visible": ["stability", "similarity_boost", "style", "use_speaker_boost", "speed"],
              "additionalProperties": false
            },
            "pronunciation_dictionary_locators": {
              "type": "array",
              "items": {
                "type": "object",
                "properties": {
                  "id": {
                    "type": "string"
                  },
                  "version_id": {
                    "type": "string"
                  }
                }
              },
              "description": "Pronunciation dictionaries to apply"
            },
            "seed": {
              "type": "integer",
              "description": "Used for deterministic audio generation"
            },
            "previous_text": {
              "type": "string",
              "description": "Previous text for continuity"
            },
            "next_text": {
              "type": "string",
              "description": "Next text for continuity"
            },
            "previous_request_ids": {
              "type": "array",
              "items": {
                "type": "string"
              },
              "description": "IDs of previous audio requests"
            },
            "next_request_ids": {
              "type": "array",
              "items": {
                "type": "string"
              },
              "description": "IDs of subsequent audio requests"
            },
            "apply_text_normalization": {
              "type": "string",
              "enum": ["auto", "on", "off"],
              "description": "Controls text normalization"
            },
            "apply_language_text_normalization": {
              "type": "boolean",
              "description": "Language-specific text normalization"
            },
            "use_pvc_as_ivc": {
              "type": "boolean",
              "description": "Use IVC version instead of PVC (deprecated)"
            }
          },
          "required": ["text"],
          "visible": [
            "text",
            "model_id",
            "language_code",
            "voice_settings",
            "pronunciation_dictionary_locators",
            "seed",
            "previous_text",
            "next_text",
            "previous_request_ids",
            "next_request_ids",
            "apply_text_normalization",
            "apply_language_text_normalization",
            "use_pvc_as_ivc"
          ],
          "additionalProperties": false
        }
      },
      "required": ["path", "header", "body"],
      "visible": ["path", "query", "header", "body"],
      "additionalProperties": false
    }
  },
  {
    "name": "ELEVEN_LABS__SPEECH_TO_SPEECH_CONVERT",
    "description": "Transforms audio from one voice to another while maintaining full control over emotion, timing, and delivery.",
    "tool_metadata": {
      "type": "rest",
      "method": "POST",
      "endpoint": "https://api.elevenlabs.io/v1/speech-to-speech/{voice_id}"
    },
    "input_schema": {
      "type": "object",
      "properties": {
        "path": {
          "type": "object",
          "description": "Path parameters",
          "properties": {
            "voice_id": {
              "type": "string",
              "description": "ID of the voice to be used. Use the Get voices endpoint to list all available voices."
            }
          },
          "required": ["voice_id"],
          "visible": ["voice_id"],
          "additionalProperties": false
        },
        "query": {
          "type": "object",
          "description": "Query parameters",
          "properties": {
            "enable_logging": {
              "type": "boolean",
              "description": "When set to false, zero retention mode will be used for the request, making history features unavailable. Zero retention mode may only be used by enterprise customers.",
              "default": true
            },
            "optimize_streaming_latency": {
              "type": "integer",
              "description": "Latency optimization level. Deprecated. Possible values: 0 (default mode, no latency optimizations), 1 (normal latency optimizations), 2 (strong latency optimizations), 3 (max latency optimizations), 4 (max latency optimizations with text normalizer turned off).",
              "deprecated": true
            },
            "output_format": {
              "type": "string",
              "description": "Output format of the generated audio, formatted as codec_sample_rate_bitrate. For example, 'mp3_22050_32' represents an MP3 with a 22.05kHz sample rate at 32kbps. Some formats require specific subscription tiers.",
              "default": "mp3_44100_128",
              "enum": ["mp3_44100_128", "mp3_22050_32", "mp3_44100_192", "pcm_44100", "mulaw_8000"]
            }
          },
          "required": [],
          "visible": ["enable_logging", "optimize_streaming_latency", "output_format"],
          "additionalProperties": false
        },
        "header": {
          "type": "object",
          "description": "Header parameters",
          "properties": {
            "Content-Type": {
              "type": "string",
              "description": "Content type of the request.",
              "default": "multipart/form-data"
            }
          },
          "required": ["Content-Type"],
          "visible": ["Content-Type"],
          "additionalProperties": false
        },
        "body": {
          "type": "object",
          "description": "Request body parameters",
          "properties": {
            "audio": {
              "type": "string",
              "format": "binary",
              "description": "The audio file which holds the content and emotion that will control the generated speech."
            },
            "model_id": {
              "type": "string",
              "description": "Identifier of the model to be used. You can query available models using GET /v1/models. The model needs to support speech-to-speech, which can be checked using the can_do_voice_conversion property.",
              "default": "eleven_english_sts_v2"
            },
            "voice_settings": {
              "type": "string",
              "description": "Voice settings overriding stored settings for the given voice. Applied only to the current request. Needs to be sent as a JSON-encoded string."
            },
            "seed": {
              "type": "integer",
              "description": "If specified, the system will attempt to sample deterministically, such that repeated requests with the same seed and parameters should return the same result. Determinism is not guaranteed. Must be an integer between 0 and 4294967295."
            },
            "remove_background_noise": {
              "type": "boolean",
              "description": "If set, will remove the background noise from your audio input using the audio isolation model. Only applies to Voice Changer.",
              "default": false
            }
          },
          "required": ["audio"],
          "visible": ["audio", "model_id", "voice_settings", "seed", "remove_background_noise"],
          "additionalProperties": false
        }
      },
      "required": ["path", "header", "body"],
      "visible": ["path", "query", "header", "body"],
      "additionalProperties": false
    }
  }
]
