[
  {
    "name": "CALENDLY__LIST_SCHEDULED_EVENTS",
    "description": "List all scheduled events from Calendly",
    "tags": [],
    "tool_metadata": {
      "canonical_tool_name": "LIST_SCHEDULED_EVENTS",
      "canonical_tool_description_hash": "d96f973a697294d12c4c30504ca4aa375573dd1462736ccc94308991ee9573f9",
      "canonical_tool_input_schema_hash": "2f7d20875c9ac467d8f80f656c322961baa93c55a2b0004eb83cb0c7c3d25382"
    },
    "input_schema": {
      "type": "object",
      "required": ["header", "query"],
      "properties": {
        "query": {
          "type": "object",
          "required": [],
          "properties": {
            "user": {
              "type": "string",
              "format": "uri",
              "description": "The URI of the user to list events for. Format: https://api.calendly.com/users/{uuid}. NOTE: You must provide at least one of: user, organization, or group."
            },
            "count": {
              "type": "integer",
              "default": 10,
              "maximum": 100,
              "minimum": 1,
              "description": "Number of results per page"
            },
            "group": {
              "type": "string",
              "format": "uri",
              "description": "The URI of the group to list events for. Format: https://api.calendly.com/groups/{uuid}. NOTE: You must provide at least one of: user, organization, or group."
            },
            "status": {
              "enum": ["active", "canceled"],
              "type": "string",
              "description": "Filter events by status"
            },
            "page_token": {
              "type": "string",
              "description": "Token to retrieve the next page of results"
            },
            "organization": {
              "type": "string",
              "format": "uri",
              "description": "The URI of the organization to list events for. Format: https://api.calendly.com/organizations/{uuid}. NOTE: You must provide at least one of: user, organization, or group."
            },
            "max_start_time": {
              "type": "string",
              "format": "date-time",
              "description": "The start time of the last event to return"
            },
            "min_start_time": {
              "type": "string",
              "format": "date-time",
              "description": "The start time of the first event to return"
            }
          },
          "description": "URL query parameters",
          "additionalProperties": false
        },
        "header": {
          "type": "object",
          "required": ["accept"],
          "properties": {
            "accept": {
              "enum": ["application/json"],
              "type": "string",
              "default": "application/json",
              "description": "Accept content type"
            }
          },
          "description": "HTTP request headers",
          "additionalProperties": false
        }
      },
      "additionalProperties": false
    }
  },
  {
    "name": "CALENDLY__GET_EVENT_DETAILS",
    "description": "Get details of a specific Calendly event",
    "tags": [],
    "tool_metadata": {
      "canonical_tool_name": "GET_EVENT_DETAILS",
      "canonical_tool_description_hash": "ab34972d81176859213e0f761ba4e8d3ea72a376092d7041bfd1e36a94ee3649",
      "canonical_tool_input_schema_hash": "14e36bd8a20e34ddbd136bed4c14d772b6540f56c808a789a73dc587bf02e4af"
    },
    "input_schema": {
      "type": "object",
      "required": ["header", "path"],
      "properties": {
        "path": {
          "type": "object",
          "required": ["uuid"],
          "properties": {
            "uuid": {
              "type": "string",
              "format": "uuid",
              "description": "The UUID of the event to retrieve"
            }
          },
          "description": "URL path parameters",
          "additionalProperties": false
        },
        "header": {
          "type": "object",
          "required": ["accept"],
          "properties": {
            "accept": {
              "enum": ["application/json"],
              "type": "string",
              "default": "application/json",
              "description": "Accept content type"
            }
          },
          "description": "HTTP request headers",
          "additionalProperties": false
        }
      },
      "additionalProperties": false
    }
  },
  {
    "name": "CALENDLY__LIST_EVENT_TYPES",
    "description": "List all event types from Calendly",
    "tags": [],
    "tool_metadata": {
      "canonical_tool_name": "LIST_EVENT_TYPES",
      "canonical_tool_description_hash": "6ddbcd4bfa52a7340916f4f703c19a6a4d1389521682642c6b50a3fcb4581a41",
      "canonical_tool_input_schema_hash": "5821f8a29170a9ef4a87d51ff8b5fd76feb00def824a52755148da3fec24f98d"
    },
    "input_schema": {
      "type": "object",
      "required": ["header", "query"],
      "properties": {
        "query": {
          "type": "object",
          "required": [],
          "properties": {
            "user": {
              "type": "string",
              "format": "uri",
              "description": "The URI of the user to list event types for. Format: https://api.calendly.com/users/{uuid}. NOTE: You must provide at least one of: user, organization, or group."
            },
            "count": {
              "type": "integer",
              "default": 10,
              "maximum": 100,
              "minimum": 1,
              "description": "Number of results per page"
            },
            "group": {
              "type": "string",
              "format": "uri",
              "description": "The URI of the group to list event types for. Format: https://api.calendly.com/groups/{uuid}. NOTE: You must provide at least one of: user, organization, or group."
            },
            "status": {
              "enum": ["active", "inactive"],
              "type": "string",
              "description": "Filter event types by status"
            },
            "page_token": {
              "type": "string",
              "description": "Token to retrieve the next page of results"
            },
            "organization": {
              "type": "string",
              "format": "uri",
              "description": "The URI of the organization to list event types for. Format: https://api.calendly.com/organizations/{uuid}. NOTE: You must provide at least one of: user, organization, or group."
            }
          },
          "description": "URL query parameters",
          "additionalProperties": false
        },
        "header": {
          "type": "object",
          "required": ["accept"],
          "properties": {
            "accept": {
              "enum": ["application/json"],
              "type": "string",
              "default": "application/json",
              "description": "Accept content type"
            }
          },
          "description": "HTTP request headers",
          "additionalProperties": false
        }
      },
      "additionalProperties": false
    }
  },
  {
    "name": "CALENDLY__LIST_INVITEES",
    "description": "List all invitees for a specific event",
    "tags": [],
    "tool_metadata": {
      "canonical_tool_name": "LIST_INVITEES",
      "canonical_tool_description_hash": "f04e3e57e7221688ddc9e1c21168c92b40b8dc716b24e7fe9678bf239aedeec3",
      "canonical_tool_input_schema_hash": "2eb10771f9a4665336b3ae91b76ef30827c8058d5b7e47feb4d3997fdbfe1a5c"
    },
    "input_schema": {
      "type": "object",
      "required": ["header", "path"],
      "properties": {
        "path": {
          "type": "object",
          "required": ["uuid"],
          "properties": {
            "uuid": {
              "type": "string",
              "format": "uuid",
              "description": "The UUID of the event to retrieve invitees for"
            }
          },
          "description": "URL path parameters",
          "additionalProperties": false
        },
        "query": {
          "type": "object",
          "required": [],
          "properties": {
            "count": {
              "type": "integer",
              "default": 10,
              "maximum": 100,
              "minimum": 1,
              "description": "Number of results per page"
            },
            "status": {
              "enum": ["active", "canceled"],
              "type": "string",
              "description": "Filter invitees by status"
            },
            "page_token": {
              "type": "string",
              "description": "Token to retrieve the next page of results"
            }
          },
          "description": "URL query parameters",
          "additionalProperties": false
        },
        "header": {
          "type": "object",
          "required": ["accept"],
          "properties": {
            "accept": {
              "enum": ["application/json"],
              "type": "string",
              "default": "application/json",
              "description": "Accept content type"
            }
          },
          "description": "HTTP request headers",
          "additionalProperties": false
        }
      },
      "additionalProperties": false
    }
  },
  {
    "name": "CALENDLY__GET_USER_AVAILABILITY",
    "description": "Get availability information for a specific user",
    "tags": [],
    "tool_metadata": {
      "canonical_tool_name": "GET_USER_AVAILABILITY",
      "canonical_tool_description_hash": "6d04bdebb90bf0b589d2755fe0cc29e34639979e05252fc41cd27de7485df412",
      "canonical_tool_input_schema_hash": "12c7649971f39c1d7f937d02e7d0398c2170036f67001cd5b6af7efdf6a30ac4"
    },
    "input_schema": {
      "type": "object",
      "required": ["header", "query"],
      "properties": {
        "query": {
          "type": "object",
          "required": ["user"],
          "properties": {
            "user": {
              "type": "string",
              "format": "uri",
              "description": "The URI of the user to get availability for. Format: https://api.calendly.com/users/{uuid}"
            }
          },
          "description": "URL query parameters",
          "additionalProperties": false
        },
        "header": {
          "type": "object",
          "required": ["accept"],
          "properties": {
            "accept": {
              "enum": ["application/json"],
              "type": "string",
              "default": "application/json",
              "description": "Accept content type"
            }
          },
          "description": "HTTP request headers",
          "additionalProperties": false
        }
      },
      "additionalProperties": false
    }
  },
  {
    "name": "CALENDLY__GET_CURRENT_USER",
    "description": "Get basic information about your user account",
    "tags": [],
    "tool_metadata": {
      "canonical_tool_name": "GET_CURRENT_USER",
      "canonical_tool_description_hash": "d34bff84c10f170978caf196615e2b539131dfd874ff44f677dc5ff6671a90f7",
      "canonical_tool_input_schema_hash": "4ae07560c203958b28397aaa0e75396ef7e66392bc030630dc1c04bd3a26588c"
    },
    "input_schema": {
      "type": "object",
      "required": ["header"],
      "properties": {
        "header": {
          "type": "object",
          "required": ["accept"],
          "properties": {
            "accept": {
              "enum": ["application/json"],
              "type": "string",
              "default": "application/json",
              "description": "Accept content type"
            }
          },
          "description": "HTTP request headers",
          "additionalProperties": false
        }
      },
      "additionalProperties": false
    }
  }
]
