[
  {
    "name": "GOOGLE_TASKS__TASKLIST_LIST",
    "description": "Returns all task lists for the authenticated user. A user can have up to 2000 lists at a time.",
    "tool_metadata": {
      "type": "rest",
      "method": "GET",
      "endpoint": "https://tasks.googleapis.com/tasks/v1/users/@me/lists"
    },
    "input_schema": {
      "type": "object",
      "properties": {
        "query": {
          "type": "object",
          "description": "Query parameters for pagination and filtering.",
          "properties": {
            "maxResults": {
              "type": "integer",
              "description": "Maximum number of task lists returned on one page. Optional. The default is 1000 (max allowed: 1000).",
              "default": 1000,
              "minimum": 1,
              "maximum": 1000
            },
            "pageToken": {
              "type": "string",
              "description": "Token specifying the result page to return. Optional."
            }
          },
          "required": [],
          "visible": [
            "maxResults",
            "pageToken"
          ],
          "additionalProperties": false
        }
      },
      "required": [],
      "visible": [
        "query"
      ],
      "additionalProperties": false
    }
  },
  {
    "name": "GOOGLE_TASKS__TASKLIST_GET",
    "description": "Returns a specific task list by ID.",
    "tool_metadata": {
      "type": "rest",
      "method": "GET",
      "endpoint": "https://tasks.googleapis.com/tasks/v1/users/@me/lists/{tasklist}"
    },
    "input_schema": {
      "type": "object",
      "properties": {
        "path": {
          "type": "object",
          "description": "Path parameters.",
          "properties": {
            "tasklist": {
              "type": "string",
              "description": "ID of the task list to retrieve."
            }
          },
          "required": [
            "tasklist"
          ],
          "visible": [
            "tasklist"
          ],
          "additionalProperties": false
        }
      },
      "required": [
        "path"
      ],
      "visible": [
        "path"
      ],
      "additionalProperties": false
    }
  },
  {
    "name": "GOOGLE_TASKS__TASKS_LIST",
    "description": "Returns all tasks in the specified task list. Doesn't return assigned tasks by default (from Docs, Chat Spaces). A user can have up to 20,000 non-hidden tasks per list and up to 100,000 tasks in total at a time.",
    "tool_metadata": {
      "type": "rest",
      "method": "GET",
      "endpoint": "https://tasks.googleapis.com/tasks/v1/lists/{tasklist}/tasks"
    },
    "input_schema": {
      "type": "object",
      "properties": {
        "path": {
          "type": "object",
          "description": "Path parameters.",
          "properties": {
            "tasklist": {
              "type": "string",
              "description": "Task list identifier."
            }
          },
          "required": [
            "tasklist"
          ],
          "visible": [
            "tasklist"
          ],
          "additionalProperties": false
        },
        "query": {
          "type": "object",
          "description": "Query parameters for filtering tasks.",
          "properties": {
            "completedMax": {
              "type": "string",
              "format": "date-time",
              "description": "Upper bound for a task's completion date (as a RFC 3339 timestamp) to filter by. Optional. The default is not to filter by completion date."
            },
            "completedMin": {
              "type": "string",
              "format": "date-time",
              "description": "Lower bound for a task's completion date (as a RFC 3339 timestamp) to filter by. Optional. The default is not to filter by completion date."
            },
            "dueMax": {
              "type": "string",
              "format": "date-time",
              "description": "Upper bound for a task's due date (as a RFC 3339 timestamp) to filter by. Optional. The default is not to filter by due date."
            },
            "dueMin": {
              "type": "string",
              "format": "date-time",
              "description": "Lower bound for a task's due date (as a RFC 3339 timestamp) to filter by. Optional. The default is not to filter by due date."
            },
            "maxResults": {
              "type": "integer",
              "description": "Maximum number of tasks returned on one page. Optional. The default is 20 (max allowed: 100).",
              "default": 20,
              "minimum": 1,
              "maximum": 100
            },
            "pageToken": {
              "type": "string",
              "description": "Token specifying the result page to return. Optional."
            },
            "showCompleted": {
              "type": "boolean",
              "description": "Flag indicating whether completed tasks are returned in the result. Note that showHidden must also be True to show tasks completed in first party clients, such as the web UI and Google's mobile apps. Optional. The default is True.",
              "default": true
            },
            "showDeleted": {
              "type": "boolean",
              "description": "Flag indicating whether deleted tasks are returned in the result. Optional. The default is False.",
              "default": false
            },
            "showHidden": {
              "type": "boolean",
              "description": "Flag indicating whether hidden tasks are returned in the result. Optional. The default is False.",
              "default": false
            },
            "updatedMin": {
              "type": "string",
              "format": "date-time",
              "description": "Lower bound for a task's last modification time (as a RFC 3339 timestamp) to filter by. Optional. The default is not to filter by last modification time."
            },
            "showAssigned": {
              "type": "boolean",
              "description": "Flag indicating whether tasks assigned to the current user are returned in the result. Optional. The default is False.",
              "default": false
            }
          },
          "required": [],
          "visible": [
            "completedMax",
            "completedMin",
            "dueMax",
            "dueMin",
            "maxResults",
            "pageToken",
            "showCompleted",
            "showDeleted",
            "showHidden",
            "updatedMin",
            "showAssigned"
          ],
          "additionalProperties": false
        }
      },
      "required": [
        "path"
      ],
      "visible": [
        "path",
        "query"
      ],
      "additionalProperties": false
    }
  },
  {
    "name": "GOOGLE_TASKS__TASKS_INSERT",
    "description": "Creates a new task in the specified task list. Tasks assigned through Google Docs or Chat Spaces cannot be inserted through the Tasks public API; they can only be created through Google Docs or Chat Spaces assignments. A user can have up to 20,000 non-hidden tasks per list and up to 100,000 tasks in total at a time.",
    "tool_metadata": {
      "type": "rest",
      "method": "POST",
      "endpoint": "https://tasks.googleapis.com/tasks/v1/lists/{tasklist}/tasks"
    },
    "input_schema": {
      "type": "object",
      "properties": {
        "path": {
          "type": "object",
          "description": "Path parameters.",
          "properties": {
            "tasklist": {
              "type": "string",
              "description": "Task list identifier."
            }
          },
          "required": [
            "tasklist"
          ],
          "visible": [
            "tasklist"
          ],
          "additionalProperties": false
        },
        "query": {
          "type": "object",
          "description": "Query parameters for task insertion.",
          "properties": {
            "parent": {
              "type": "string",
              "description": "Parent task identifier. If the task is created at the top level, omit this parameter. Assigned tasks cannot be parent tasks or have parent tasks. Setting the parent to an assigned task will cause the request to fail. Optional."
            },
            "previous": {
              "type": "string",
              "description": "Previous sibling task identifier. If the task is created at the first position among its siblings, omit this parameter. Optional."
            }
          },
          "required": [],
          "visible": [
            "parent",
            "previous"
          ],
          "additionalProperties": false
        },
        "body": {
          "type": "object",
          "description": "Task properties to create.",
          "properties": {
            "title": {
              "type": "string",
              "description": "Title of the task. Maximum length allowed: 1024 characters."
            },
            "notes": {
              "type": "string",
              "description": "Notes describing the task. Tasks assigned from Google Docs cannot have notes. Optional. Maximum length allowed: 8192 characters."
            },
            "status": {
              "type": "string",
              "enum": [
                "needsAction",
                "completed"
              ],
              "description": "Status of the task. This is either \"needsAction\" or \"completed\"."
            },
            "due": {
              "type": "string",
              "format": "date-time",
              "description": "Due date of the task (as a RFC 3339 timestamp). Optional. The due date only records date information; the time portion of the timestamp is discarded when setting the due date. It isn't possible to read or write the time that a task is due via the API."
            },
            "completed": {
              "type": "string",
              "format": "date-time",
              "description": "Completion date of the task (as a RFC 3339 timestamp). This field is omitted if the task has not been completed."
            },
            "deleted": {
              "type": "boolean",
              "description": "Flag indicating whether the task has been deleted. For assigned tasks this field is read-only. They can only be deleted by calling tasks.delete, in which case both the assigned task and the original task (in Docs or Chat Spaces) are deleted. To delete the assigned task only, navigate to the assignment surface and unassign the task from there. The default is False."
            },
            "hidden": {
              "type": "boolean",
              "description": "Flag indicating whether the task is hidden. This is the case if the task had been marked completed when the task list was last cleared. The default is False. This field is read-only."
            }
          },
          "required": [],
          "visible": [
            "title",
            "notes",
            "status",
            "due",
            "completed",
            "deleted",
            "hidden"
          ],
          "additionalProperties": false
        }
      },
      "required": [
        "path",
        "body"
      ],
      "visible": [
        "path",
        "query",
        "body"
      ],
      "additionalProperties": false
    }
  },
  {
    "name": "GOOGLE_TASKS__TASKS_DELETE",
    "description": "Deletes a task from the specified task list.",
    "tool_metadata": {
      "type": "rest",
      "method": "DELETE",
      "endpoint": "https://tasks.googleapis.com/tasks/v1/lists/{tasklist}/tasks/{task}"
    },
    "input_schema": {
      "type": "object",
      "properties": {
        "path": {
          "type": "object",
          "description": "Path parameters.",
          "properties": {
            "tasklist": {
              "type": "string",
              "description": "ID of the task list containing the task."
            },
            "task": {
              "type": "string",
              "description": "ID of the task to delete."
            }
          },
          "required": [
            "tasklist",
            "task"
          ],
          "visible": [
            "tasklist",
            "task"
          ],
          "additionalProperties": false
        }
      },
      "required": [
        "path"
      ],
      "visible": [
        "path"
      ],
      "additionalProperties": false
    }
  }
]
