{
  "name": "REDDIT",
  "url": "https://mcp.aci.dev/virtual/mcp?server_name=REDDIT",
  "transport_type": "streamable_http",
  "description": "The Reddit API allows you to interact with Reddit programmatically, including post management, comments, user interactions, and subreddit operations.",
  "logo": "https://raw.githubusercontent.com/aipotheosis-labs/aipolabs-icons/refs/heads/main/apps/reddit.svg",
  "categories": ["Communication"],
  "auth_configs": [
    {
      "type": "oauth2",
      "client_id": "{{ CLIENT_ID }}",
      "client_secret": "{{ CLIENT_SECRET }}",
      "scope": "identity read vote submit flair edit history mysubreddits",
      "authorize_url": "https://www.reddit.com/api/v1/authorize",
      "access_token_url": "https://www.reddit.com/api/v1/access_token",
      "refresh_token_url": "https://www.reddit.com/api/v1/access_token",
      "token_endpoint_auth_method": "client_secret_basic"
    }
  ],
  "server_metadata": {
    "is_virtual_mcp_server": true
  }
}
