[
  {
    "name": "ACCREDIBLE__CREATE_CREDENTIAL",
    "description": "Create a new digital credential or badge for a recipient",
    "tool_metadata": {
      "type": "rest",
      "method": "POST",
      "endpoint": "https://api.accredible.com/v1/credentials"
    },
    "input_schema": {
      "type": "object",
      "properties": {
        "header": {
          "type": "object",
          "description": "HTTP request headers",
          "properties": {
            "accept": {
              "type": "string",
              "description": "Accept header for the response",
              "default": "application/json",
              "enum": [
                "application/json"
              ]
            },
            "content-type": {
              "type": "string",
              "description": "Content type of the request",
              "default": "application/json",
              "enum": [
                "application/json"
              ]
            }
          },
          "required": [
            "accept",
            "content-type"
          ],
          "visible": [],
          "additionalProperties": false
        },
        "body": {
          "type": "object",
          "description": "Credential creation details",
          "properties": {
            "credential": {
              "type": "object",
              "properties": {
                "recipient": {
                  "type": "object",
                  "properties": {
                    "name": {
                      "type": "string",
                      "description": "Full name of the recipient"
                    },
                    "email": {
                      "type": "string",
                      "description": "Email address of the recipient",
                      "format": "email"
                    },
                    "id": {
                      "type": "string",
                      "description": "The recipient's user ID as defined by your organization"
                    },
                    "meta_data": {
                      "type": "object",
                      "description": "Additional metadata for the recipient",
                      "properties": {
                        "credential_batch": {
                          "type": "string",
                          "description": "Batch identifier for the credential"
                        }
                      },
                      "visible": [
                        "credential_batch"
                      ],
                      "required": [],
                      "additionalProperties": true
                    }
                  },
                  "required": [
                    "name",
                    "email"
                  ],
                  "visible": [
                    "name",
                    "email",
                    "id",
                    "meta_data"
                  ],
                  "additionalProperties": false
                },
                "name": {
                  "type": "string",
                  "description": "The credential name"
                },
                "group_name": {
                  "type": "string",
                  "description": "The group name this credential belongs to"
                },
                "group_id": {
                  "type": "integer",
                  "description": "The group ID this credential belongs to"
                },
                "description": {
                  "type": "string",
                  "description": "The credential description"
                },
                "issued_on": {
                  "type": "string",
                  "description": "Date of issue, format: YYYY-MM-DD"
                },
                "evidence_items": {
                  "type": "array",
                  "description": "Evidence items for the credential",
                  "items": {
                    "type": "object",
                    "properties": {
                      "description": {
                        "type": "string",
                        "description": "Description of the evidence"
                      },
                      "url": {
                        "type": "string",
                        "description": "URL of the evidence"
                      },
                      "file": {
                        "type": "string",
                        "description": "File URL of the evidence"
                      },
                      "category": {
                        "type": "string",
                        "description": "Category of evidence",
                        "enum": [
                          "url",
                          "file"
                        ]
                      }
                    },
                    "required": [
                      "description",
                      "category"
                    ],
                    "visible": [
                      "description",
                      "url",
                      "file",
                      "category"
                    ],
                    "additionalProperties": false
                  }
                },
                "references": {
                  "type": "array",
                  "description": "References for the credential",
                  "items": {
                    "type": "object",
                    "properties": {
                      "description": {
                        "type": "string",
                        "description": "Reference description"
                      },
                      "referee": {
                        "type": "object",
                        "properties": {
                          "name": {
                            "type": "string",
                            "description": "Name of the referee"
                          },
                          "email": {
                            "type": "string",
                            "description": "Email of the referee",
                            "format": "email"
                          },
                          "avatar": {
                            "type": "string",
                            "description": "Avatar URL of the referee"
                          },
                          "url": {
                            "type": "string",
                            "description": "URL associated with the referee"
                          }
                        },
                        "required": [
                          "name"
                        ],
                        "visible": [
                          "name",
                          "email",
                          "avatar",
                          "url"
                        ],
                        "additionalProperties": false
                      },
                      "relationship": {
                        "type": "string",
                        "description": "Relationship with the recipient"
                      }
                    },
                    "required": [
                      "description",
                      "referee"
                    ],
                    "visible": [
                      "description",
                      "referee",
                      "relationship"
                    ],
                    "additionalProperties": false
                  }
                },
                "custom_attributes": {
                  "type": "object",
                  "description": "Custom attributes for the credential",
                  "properties": {
                    "custom_variables": {
                      "type": "string",
                      "description": "Custom variable value"
                    },
                    "dob": {
                      "type": "string",
                      "description": "Date of birth"
                    }
                  },
                  "visible": [
                    "custom_variables",
                    "dob"
                  ],
                  "required": [],
                  "additionalProperties": true
                },
                "meta_data": {
                  "type": "object",
                  "description": "Additional metadata for the credential",
                  "properties": {
                    "batch_id": {
                      "type": "string",
                      "description": "Batch identifier"
                    }
                  },
                  "visible": [
                    "batch_id"
                  ],
                  "required": [
                    "batch_id"
                  ],
                  "additionalProperties": true
                }
              },
              "required": [
                "recipient"
              ],
              "visible": [
                "recipient",
                "name",
                "group_name",
                "group_id",
                "description",
                "issued_on",
                "evidence_items",
                "references",
                "custom_attributes",
                "meta_data"
              ],
              "additionalProperties": false
            }
          },
          "required": [
            "credential"
          ],
          "visible": [
            "credential"
          ],
          "additionalProperties": false
        }
      },
      "required": [
        "header",
        "body"
      ],
      "visible": [
        "body"
      ],
      "additionalProperties": false
    }
  },
  {
    "name": "ACCREDIBLE__SEARCH_CREDENTIALS",
    "description": "Search for credentials using various criteria. Supports complex queries with multiple conditions.",
    "tool_metadata": {
      "type": "rest",
      "method": "POST",
      "endpoint": "https://api.accredible.com/v1/credentials/search"
    },
    "input_schema": {
      "type": "object",
      "properties": {
        "header": {
          "type": "object",
          "description": "HTTP request headers",
          "properties": {
            "accept": {
              "type": "string",
              "description": "Accept header for the response",
              "default": "application/json",
              "enum": [
                "application/json"
              ]
            },
            "content-type": {
              "type": "string",
              "description": "Content type of the request",
              "default": "application/json",
              "enum": [
                "application/json"
              ]
            }
          },
          "required": [
            "accept",
            "content-type"
          ],
          "visible": [],
          "additionalProperties": false
        },
        "body": {
          "type": "object",
          "description": "Search criteria",
          "properties": {
            "query": {
              "type": "object",
              "description": "Search query parameters",
              "properties": {
                "group.id": {
                  "type": "integer",
                  "description": "Filter by group ID",
                  "minimum": 1
                },
                "recipient.email": {
                  "type": "string",
                  "description": "Filter by recipient email",
                  "format": "email"
                },
                "issued_on": {
                  "type": "string",
                  "format": "date-time",
                  "description": "Filter by issue date"
                },
                "expires_on": {
                  "type": "string",
                  "format": "date-time",
                  "description": "Filter by expiration date"
                },
                "custom_field": {
                  "type": "object",
                  "description": "Filter by custom field",
                  "properties": {
                    "name": {
                      "type": "string",
                      "description": "Name of the custom field"
                    },
                    "value": {
                      "type": "string",
                      "description": "Value of the custom field"
                    }
                  },
                  "required": [
                    "name",
                    "value"
                  ],
                  "visible": [
                    "name",
                    "value"
                  ],
                  "additionalProperties": false
                }
              },
              "required": [],
              "visible": [
                "group.id",
                "recipient.email",
                "issued_on",
                "expires_on",
                "custom_field"
              ],
              "additionalProperties": false
            },
            "page": {
              "type": "integer",
              "description": "Page number for pagination",
              "default": 1,
              "minimum": 1
            },
            "per_page": {
              "type": "integer",
              "description": "Number of results per page",
              "default": 20,
              "minimum": 1,
              "maximum": 100
            }
          },
          "required": [
            "query"
          ],
          "visible": [
            "query",
            "page",
            "per_page"
          ],
          "additionalProperties": false
        }
      },
      "required": [
        "header",
        "body"
      ],
      "visible": [
        "body"
      ],
      "additionalProperties": false
    }
  },
  {
    "name": "ACCREDIBLE__CREATE_GROUP",
    "description": "Create a new group for organizing credentials. Groups are similar to courses or folders.",
    "tool_metadata": {
      "type": "rest",
      "method": "POST",
      "endpoint": "https://api.accredible.com/v1/issuer/groups"
    },
    "input_schema": {
      "type": "object",
      "properties": {
        "header": {
          "type": "object",
          "description": "HTTP request headers",
          "properties": {
            "accept": {
              "type": "string",
              "description": "Accept header for the response",
              "default": "application/json",
              "enum": [
                "application/json"
              ]
            },
            "content-type": {
              "type": "string",
              "description": "Content type of the request",
              "default": "application/json",
              "enum": [
                "application/json"
              ]
            }
          },
          "required": [
            "accept",
            "content-type"
          ],
          "visible": [],
          "additionalProperties": false
        },
        "body": {
          "type": "object",
          "description": "Group creation details",
          "properties": {
            "group": {
              "type": "object",
              "properties": {
                "name": {
                  "type": "string",
                  "description": "Name of the group (for your reference and never shown to the recipient)",
                  "minLength": 1
                },
                "course_name": {
                  "type": "string",
                  "description": "Name of the course or achievement. This is visible to the recipient"
                },
                "course_description": {
                  "type": "string",
                  "description": "Description of the course or achievement. This is visible to the recipient"
                },
                "course_link": {
                  "type": "string",
                  "description": "Link to the web page with information related to this Credential. Typically this is a course information or event information page"
                },
                "language": {
                  "type": "string",
                  "description": "Language for the group. Default language is en",
                  "default": "en",
                  "enum": [
                    "en",
                    "es",
                    "vi",
                    "pt",
                    "ja",
                    "fr",
                    "da",
                    "nl",
                    "fi",
                    "no",
                    "nb",
                    "ro",
                    "sv",
                    "th",
                    "tw",
                    "zh",
                    "tr",
                    "ar",
                    "he",
                    "ms",
                    "de"
                  ]
                },
                "attach_pdf": {
                  "type": "boolean",
                  "description": "PDF of the Credential should be attached to email when recipient is informed",
                  "default": false
                },
                "blockchain": {
                  "type": "boolean",
                  "description": "Enable or disable recording of these Credentials on a Blockchain",
                  "default": false
                },
                "certificate_design_id": {
                  "type": "integer",
                  "description": "Certificate Design which the Group will use to display Credentials",
                  "minimum": 1
                },
                "badge_design_id": {
                  "type": "integer",
                  "description": "Badge Design which the Group will use to display Credentials",
                  "minimum": 1
                },
                "primary_design_id": {
                  "type": "integer",
                  "description": "Primary Design which the Group will use to display Credentials",
                  "minimum": 1
                },
                "department_id": {
                  "type": "integer",
                  "description": "Department that the group belongs to. If not defined the group will be assigned to the organizations default department",
                  "minimum": 1
                },
                "meta_data": {
                  "type": "object",
                  "description": "Additional metadata for the group",
                  "properties": {
                    "batch_id": {
                      "type": "string",
                      "description": "Batch identifier"
                    }
                  },
                  "visible": [
                    "batch_id"
                  ],
                  "required": [
                    "batch_id"
                  ],
                  "additionalProperties": true
                },
                "learning_outcomes": {
                  "type": "array",
                  "description": "List of learning outcomes for the course",
                  "items": {
                    "type": "string"
                  }
                },
                "generate_private_credential": {
                  "type": "boolean",
                  "description": "The default value of Credential.private for the Group",
                  "default": false
                },
                "auto_expiry": {
                  "type": "integer",
                  "description": "Specifies the number of years from the issue date after which the credential will automatically expire. If the specified value is less than or equal to 0, it will be ignored",
                  "minimum": 1
                },
                "signup_url": {
                  "type": "string",
                  "description": "This provides a direct path for credential viewers to enroll in your course"
                },
                "signup_url_show": {
                  "type": "boolean",
                  "description": "Show or hide the sign up url",
                  "default": false
                },
                "course_link_show": {
                  "type": "boolean",
                  "description": "This links the credential data record to your information about the credential on your website",
                  "default": false
                },
                "organization_link_show": {
                  "type": "boolean",
                  "description": "Show or hide the link to your website homepage",
                  "default": false
                },
                "allow_duplicate_credentials": {
                  "type": "boolean",
                  "description": "An email address can receive more than one credential",
                  "default": false
                }
              },
              "required": [
                "name",
                "course_name",
                "course_description"
              ],
              "visible": [
                "name",
                "course_name",
                "course_description",
                "course_link",
                "language",
                "attach_pdf",
                "blockchain",
                "certificate_design_id",
                "badge_design_id",
                "primary_design_id",
                "department_id",
                "meta_data",
                "learning_outcomes",
                "generate_private_credential",
                "auto_expiry",
                "signup_url",
                "signup_url_show",
                "course_link_show",
                "organization_link_show",
                "allow_duplicate_credentials"
              ],
              "additionalProperties": false
            }
          },
          "required": [
            "group"
          ],
          "visible": [
            "group"
          ],
          "additionalProperties": false
        }
      },
      "required": [
        "header",
        "body"
      ],
      "visible": [
        "body"
      ],
      "additionalProperties": false
    }
  },
  {
    "name": "ACCREDIBLE__CREATE_ATTRIBUTE_KEY",
    "description": "Create a new custom attribute key for use in credentials and templates",
    "tool_metadata": {
      "type": "rest",
      "method": "POST",
      "endpoint": "https://api.accredible.com/v1/attribute_keys"
    },
    "input_schema": {
      "type": "object",
      "properties": {
        "header": {
          "type": "object",
          "description": "HTTP request headers",
          "properties": {
            "accept": {
              "type": "string",
              "description": "Accept header for the response",
              "default": "application/json",
              "enum": [
                "application/json"
              ]
            },
            "content-type": {
              "type": "string",
              "description": "Content type of the request",
              "default": "application/json",
              "enum": [
                "application/json"
              ]
            }
          },
          "required": [
            "accept",
            "content-type"
          ],
          "visible": [],
          "additionalProperties": false
        },
        "body": {
          "type": "object",
          "description": "Attribute key creation details",
          "properties": {
            "attribute_key": {
              "type": "object",
              "properties": {
                "name": {
                  "type": "string",
                  "description": "Name of the attribute key"
                },
                "kind": {
                  "type": "string",
                  "description": "Type of the attribute key",
                  "enum": [
                    "text",
                    "date",
                    "number",
                    "boolean"
                  ]
                },
                "description": {
                  "type": "string",
                  "description": "Description of what this attribute key represents"
                }
              },
              "required": [
                "name",
                "kind"
              ],
              "visible": [
                "name",
                "kind",
                "description"
              ],
              "additionalProperties": false
            }
          },
          "required": [
            "attribute_key"
          ],
          "visible": [
            "attribute_key"
          ],
          "additionalProperties": false
        }
      },
      "required": [
        "header",
        "body"
      ],
      "visible": [
        "body"
      ],
      "additionalProperties": false
    }
  },
  {
    "name": "ACCREDIBLE__SEARCH_ATTRIBUTE_KEYS",
    "description": "Search for attribute keys using various criteria",
    "tool_metadata": {
      "type": "rest",
      "method": "POST",
      "endpoint": "https://api.accredible.com/v1/attribute_keys/search"
    },
    "input_schema": {
      "type": "object",
      "properties": {
        "header": {
          "type": "object",
          "description": "HTTP request headers",
          "properties": {
            "accept": {
              "type": "string",
              "description": "Accept header for the response",
              "default": "application/json",
              "enum": [
                "application/json"
              ]
            },
            "content-type": {
              "type": "string",
              "description": "Content type of the request",
              "default": "application/json",
              "enum": [
                "application/json"
              ]
            }
          },
          "required": [
            "accept",
            "content-type"
          ],
          "visible": [],
          "additionalProperties": false
        },
        "body": {
          "type": "object",
          "description": "Search criteria for attribute keys. All parameters are optional.",
          "properties": {
            "name": {
              "type": "string",
              "description": "Optional. Filter by attribute key name"
            },
            "kind": {
              "type": "string",
              "description": "Optional. Filter by attribute key type",
              "enum": [
                "text",
                "date",
                "email",
                "image"
              ]
            },
            "department_id": {
              "type": "integer",
              "description": "Optional. Filter by department ID"
            },
            "page": {
              "type": "integer",
              "description": "Optional. Page number for pagination",
              "default": 1,
              "minimum": 1
            },
            "page_size": {
              "type": "integer",
              "description": "Optional. Number of results per page",
              "default": 50,
              "minimum": 1
            }
          },
          "visible": [
            "name",
            "kind",
            "department_id",
            "page",
            "page_size"
          ],
          "required": [],
          "additionalProperties": false
        }
      },
      "required": [
        "header",
        "body"
      ],
      "visible": [
        "body"
      ],
      "additionalProperties": false
    }
  }
]
