[
  {
    "name": "ONE_SIGNAL__ADD_DEVICE",
    "description": "Registers a new device with OneSignal. If a device with the specified identifier already exists, it updates the existing device record instead of creating a new one. Note: Using this endpoint directly without the OneSignal SDK may limit certain features such as conversion tracking, timezone detection, language detection, and rich push notifications.",
    "tags": [],
    "tool_metadata": {
      "canonical_tool_name": "ADD_DEVICE",
      "canonical_tool_description_hash": "9273868238d5c4220bee21d2df2248bc9404077990eeb0ef9250371b150e9075",
      "canonical_tool_input_schema_hash": "2c632e5bde617f792d2009ee6097539a258003a32df72cd8e8adcb71956391a4"
    },
    "input_schema": {
      "type": "object",
      "required": ["body"],
      "properties": {
        "body": {
          "type": "object",
          "required": ["app_id", "device_type"],
          "properties": {
            "sdk": {
              "type": "string",
              "description": "OneSignal SDK version used in your app."
            },
            "tags": {
              "type": "object",
              "required": [],
              "properties": {
                "level": {
                  "type": "string",
                  "description": "The level of the user."
                },
                "last_name": {
                  "type": "string",
                  "description": "The last name of the user."
                },
                "first_name": {
                  "type": "string",
                  "description": "The first name of the user."
                },
                "account_type": {
                  "type": "string",
                  "description": "The type of account the user has."
                },
                "amount_spent": {
                  "type": "number",
                  "description": "The amount of money spent by the user."
                }
              },
              "description": "Custom tags for the device.",
              "additionalProperties": {
                "type": "string"
              }
            },
            "ad_id": {
              "type": "string",
              "description": "Ad ID for the device."
            },
            "app_id": {
              "type": "string",
              "description": "Your OneSignal App ID."
            },
            "language": {
              "type": "string",
              "description": "Language code (ISO 639-1) of the device's locale."
            },
            "timezone": {
              "type": "integer",
              "description": "Number of seconds away from UTC. Example: -28800 for PST."
            },
            "device_os": {
              "type": "string",
              "description": "Device operating system version."
            },
            "identifier": {
              "type": "string",
              "description": "Push token identifier for the device."
            },
            "device_type": {
              "type": "integer",
              "description": "The device's platform. 0 = iOS, 1 = Android, 2 = Amazon, 3 = WindowsPhone (MPNS), 4 = Chrome Apps / Extensions, 5 = Chrome Web Push, 6 = Windows (WNS), 7 = Safari, 8 = Firefox, 9 = MacOS, 10 = Alexa, 11 = Email, 12 = Huawei, 13 = SMS, 14 = Chrome Web Push (Deprecated)."
            },
            "device_model": {
              "type": "string",
              "description": "Device model."
            },
            "game_version": {
              "type": "string",
              "description": "Version of your app."
            },
            "session_count": {
              "type": "integer",
              "description": "Number of times the user has opened the app."
            },
            "external_user_id": {
              "type": "string",
              "description": "An external user ID to associate with the device."
            }
          },
          "description": "Request body parameters",
          "additionalProperties": false
        }
      },
      "additionalProperties": false
    }
  },
  {
    "name": "ONE_SIGNAL__CREATE_PUSH_NOTIFICATION",
    "description": "Sends a push notification to users via the OneSignal API. Supports targeting by segments, filters, or specific device identifiers. Allows customization of message content, scheduling, and platform-specific options.",
    "tags": [],
    "tool_metadata": {
      "canonical_tool_name": "CREATE_PUSH_NOTIFICATION",
      "canonical_tool_description_hash": "9dbd332191a9eaf90b1b6caadf020d7fddf5be2399d8a2d02a20177e23601d88",
      "canonical_tool_input_schema_hash": "b0a000ce5b83848ea19b1dcad9f03178cfb49f0dc71b9487a4324e242fccbd04"
    },
    "input_schema": {
      "type": "object",
      "required": ["body"],
      "properties": {
        "body": {
          "type": "object",
          "required": ["app_id", "contents", "included_segments"],
          "properties": {
            "url": {
              "type": "string",
              "description": "URL to open when the notification is clicked."
            },
            "data": {
              "type": "object",
              "required": [],
              "properties": {
                "exampleKey1": {
                  "type": "string"
                },
                "exampleKey2": {
                  "type": "integer"
                }
              },
              "description": "Custom key-value pairs to include with the notification.",
              "additionalProperties": true
            },
            "app_id": {
              "type": "string",
              "description": "Your OneSignal App ID."
            },
            "filters": {
              "type": "array",
              "items": {
                "type": "object"
              },
              "description": "Advanced targeting filters."
            },
            "contents": {
              "type": "object",
              "required": ["en"],
              "properties": {
                "en": {
                  "type": "string",
                  "description": "English message content."
                }
              },
              "description": "Notification content per language. At least 'en' (English) is required.",
              "additionalProperties": true
            },
            "headings": {
              "type": "object",
              "required": ["en"],
              "properties": {
                "en": {
                  "type": "string",
                  "description": "English title."
                }
              },
              "description": "Notification title per language.",
              "additionalProperties": true
            },
            "send_after": {
              "type": "string",
              "description": "Schedule the notification for future delivery. Format: 'YYYY-MM-DD HH:MM:SS GMT-0700'."
            },
            "excluded_segments": {
              "type": "array",
              "items": {
                "type": "string"
              },
              "description": "Segments to exclude from receiving the notification."
            },
            "included_segments": {
              "type": "array",
              "items": {
                "type": "string"
              },
              "description": "Segments to send the notification to."
            },
            "include_player_ids": {
              "type": "array",
              "items": {
                "type": "string"
              },
              "description": "Specific device identifiers to send the notification to."
            }
          },
          "description": "Request body parameters",
          "additionalProperties": false
        }
      },
      "additionalProperties": false
    }
  },
  {
    "name": "ONE_SIGNAL__EDIT_DEVICE",
    "description": "Updates an existing device (player) in a OneSignal app. This endpoint allows modification of device attributes such as language, timezone, app version, device model, operating system, and custom tags. Note: This is a legacy endpoint; it's recommended to use 'Update User' or 'Update Subscription' instead.",
    "tags": [],
    "tool_metadata": {
      "canonical_tool_name": "EDIT_DEVICE",
      "canonical_tool_description_hash": "2c0f15c486400cc056c6eff75885f3ec30641bb40ac7eef131037508f607a3e8",
      "canonical_tool_input_schema_hash": "3c2f404ebf8170c946c887ab9bcb934176385a2ee9872ccef6bd5d153f96eb6f"
    },
    "input_schema": {
      "type": "object",
      "required": ["path", "body"],
      "properties": {
        "body": {
          "type": "object",
          "required": ["app_id"],
          "properties": {
            "tags": {
              "type": "object",
              "required": [],
              "properties": {
                "level": {
                  "type": "string",
                  "description": "The level of the user."
                },
                "last_name": {
                  "type": "string",
                  "description": "The last name of the user."
                },
                "first_name": {
                  "type": "string",
                  "description": "The first name of the user."
                }
              },
              "description": "Custom tags for the device.",
              "additionalProperties": {
                "type": "string"
              }
            },
            "app_id": {
              "type": "string",
              "description": "Your OneSignal App ID."
            },
            "language": {
              "type": "string",
              "description": "Language code (ISO 639-1) of the device's locale."
            },
            "timezone": {
              "type": "integer",
              "description": "Number of seconds away from UTC. Example: -28800 for PST."
            },
            "device_os": {
              "type": "string",
              "description": "Device operating system version."
            },
            "device_type": {
              "type": "integer",
              "description": "The device's platform. 0 = iOS, 1 = Android, etc."
            },
            "device_model": {
              "type": "string",
              "description": "Device model."
            },
            "game_version": {
              "type": "string",
              "description": "Version of your app."
            }
          },
          "description": "Request body parameters",
          "additionalProperties": false
        },
        "path": {
          "type": "object",
          "required": ["player_id"],
          "properties": {
            "player_id": {
              "type": "string",
              "description": "The unique identifier of the device (player) to update."
            }
          },
          "description": "Path parameters",
          "additionalProperties": false
        }
      },
      "additionalProperties": false
    }
  },
  {
    "name": "ONE_SIGNAL__VIEW_MESSAGES",
    "description": "Retrieves a list of up to 50 messages (push, email, or SMS) sent via OneSignal. Supports filtering by message type, template ID, and time offset. Pagination is handled via limit and offset parameters. Note: Messages sent through the API and Automated Messages are only accessible for 30 days after creation; messages sent using the OneSignal dashboard are accessible for the app's lifetime.",
    "tags": [],
    "tool_metadata": {
      "canonical_tool_name": "VIEW_MESSAGES",
      "canonical_tool_description_hash": "06950edb9c7ceeacb0158aa2367607f560a2a148734c996e8e3873718e26f967",
      "canonical_tool_input_schema_hash": "a47f37f9aaaea5095a129afa8153e8296b5eda07e10fd35b68e56e06f1ba76c1"
    },
    "input_schema": {
      "type": "object",
      "required": ["query"],
      "properties": {
        "query": {
          "type": "object",
          "required": ["app_id"],
          "properties": {
            "kind": {
              "type": "integer",
              "description": "Filter by message type: 0 = Push, 1 = Email, 2 = SMS."
            },
            "limit": {
              "type": "integer",
              "default": 50,
              "description": "Number of messages to return (max 50)."
            },
            "app_id": {
              "type": "string",
              "description": "Your OneSignal App ID."
            },
            "offset": {
              "type": "integer",
              "description": "Pagination offset."
            },
            "template_id": {
              "type": "string",
              "description": "Filter by template ID."
            },
            "time_offset": {
              "type": "integer",
              "description": "Time offset for optimized pagination (in seconds)."
            }
          },
          "description": "Query parameters",
          "additionalProperties": false
        }
      },
      "additionalProperties": false
    }
  },
  {
    "name": "ONE_SIGNAL__CREATE_SUBSCRIPTION_BY_ALIAS",
    "description": "Adds a new subscription to an existing user identified by alias. Subscriptions represent a user's intent to receive messages through a given channel (e.g., push, email, SMS). Requires the user to be pre-created. If the subscription (type + token) already exists, it will be transferred to the specified user.",
    "tags": [],
    "tool_metadata": {
      "canonical_tool_name": "CREATE_SUBSCRIPTION_BY_ALIAS",
      "canonical_tool_description_hash": "6382eeb42fcd4ac6d55493354a2818ab38fdbd2c114359c8d8d91ebadbe1e8c4",
      "canonical_tool_input_schema_hash": "c165dee85e6d563de0ced915a9f26338d4b23789604483712d409b20053849dd"
    },
    "input_schema": {
      "type": "object",
      "required": ["path", "body"],
      "properties": {
        "body": {
          "type": "object",
          "required": ["subscription"],
          "properties": {
            "subscription": {
              "type": "object",
              "required": ["type", "token"],
              "properties": {
                "sdk": {
                  "type": "string",
                  "description": "SDK version used."
                },
                "type": {
                  "type": "string",
                  "description": "Type of the subscription device. Must be one of: 'Email', 'SMS', 'iOSPush', 'AndroidPush', 'HuaweiPush'."
                },
                "token": {
                  "type": "string",
                  "description": "The push token, email address, or phone number associated with the subscription."
                },
                "rooted": {
                  "type": "boolean",
                  "description": "Indicates if the device is rooted or jailbroken."
                },
                "enabled": {
                  "type": "boolean",
                  "description": "Indicates if the subscription is enabled."
                },
                "web_auth": {
                  "type": "string",
                  "description": "Web authentication key (for web push)."
                },
                "web_p256": {
                  "type": "string",
                  "description": "Web P256 key (for web push)."
                },
                "device_os": {
                  "type": "string",
                  "description": "Device operating system version."
                },
                "test_type": {
                  "type": "integer",
                  "description": "Indicates if the subscription is a test type."
                },
                "app_version": {
                  "type": "string",
                  "description": "Version of your app."
                },
                "device_model": {
                  "type": "string",
                  "description": "Device model."
                },
                "session_time": {
                  "type": "integer",
                  "description": "Total duration of sessions in seconds."
                },
                "session_count": {
                  "type": "integer",
                  "description": "Number of sessions."
                },
                "notification_types": {
                  "type": "integer",
                  "description": "Bitmask of notification types the subscription is opted into."
                }
              },
              "description": "Subscription data",
              "additionalProperties": false
            }
          },
          "description": "Request body parameters",
          "additionalProperties": false
        },
        "path": {
          "type": "object",
          "required": ["app_id", "alias_id"],
          "properties": {
            "app_id": {
              "type": "string",
              "description": "Your OneSignal App ID."
            },
            "alias_id": {
              "type": "string",
              "description": "Value of the alias used to identify the user."
            }
          },
          "description": "Path parameters",
          "additionalProperties": false
        }
      },
      "additionalProperties": false
    }
  }
]
