{
  "name": "SHARE_POINT",
  "url": "https://mcp.aci.dev/virtual/mcp?server_name=SHARE_POINT",
  "transport_type": "streamable_http",
  "description": "The Microsoft Graph SharePoint API enables access to SharePoint sites, lists, libraries, and files. This integration allows reading and managing SharePoint content on behalf of the user.",
  "logo": "https://raw.githubusercontent.com/aipotheosis-labs/aipolabs-icons/refs/heads/main/apps/sharepoint.png",
  "categories": ["Productivity", "Document Management"],
  "auth_configs": [
    {
      "type": "oauth2",
      "client_id": "{{ CLIENT_ID }}",
      "client_secret": "{{ CLIENT_SECRET }}",
      "scope": "Sites.Manage.All Sites.Read.All Sites.ReadWrite.All Sites.Selected Files.ReadWrite.All User.Read offline_access",
      "authorize_url": "https://login.microsoftonline.com/common/oauth2/v2.0/authorize",
      "access_token_url": "https://login.microsoftonline.com/common/oauth2/v2.0/token",
      "refresh_token_url": "https://login.microsoftonline.com/common/oauth2/v2.0/token"
    }
  ],
  "server_metadata": {
    "is_virtual_mcp_server": true
  }
}
