[
  {
    "name": "YOUTUBE__SEARCH",
    "description": "Search for YouTube resources including videos, channels, and playlists using various criteria. Quota impact: 100 units per call.",
    "tags": [],
    "tool_metadata": {
      "canonical_tool_name": "SEARCH",
      "canonical_tool_description_hash": "0b122cccfde450c2ef8feb5f742796700612684ec81463ec1116f70cdace965d",
      "canonical_tool_input_schema_hash": "06ac6411f2ddde63ea9130183b2e72227fc5ff706023c294551bcb3dc59ac731"
    },
    "input_schema": {
      "type": "object",
      "required": ["query"],
      "properties": {
        "query": {
          "type": "object",
          "required": [],
          "properties": {
            "q": {
              "type": "string",
              "description": "The q parameter specifies the query term to search for. Your request can also use the Boolean NOT (-) and OR (|) operators to exclude videos or to find videos that are associated with one of several search terms."
            },
            "type": {
              "enum": [
                "video",
                "channel",
                "playlist",
                "video,channel",
                "video,playlist",
                "channel,playlist",
                "video,channel,playlist"
              ],
              "type": "string",
              "default": "video,channel,playlist",
              "description": "The type parameter restricts a search query to only retrieve a particular type of resource."
            },
            "order": {
              "enum": ["date", "rating", "relevance", "title", "videoCount", "viewCount"],
              "type": "string",
              "default": "relevance",
              "description": "The order parameter specifies the method that will be used to order resources in the API response. date \u2013 Resources are sorted in reverse chronological order based on the date they were created. rating \u2013 Resources are sorted from highest to lowest rating. relevance \u2013 Resources are sorted based on their relevance to the search query. This is the default value for this parameter. title \u2013 Resources are sorted alphabetically by title. videoCount \u2013 Channels are sorted in descending order of their number of uploaded videos. viewCount \u2013 Resources are sorted from highest to lowest number of views."
            },
            "forMine": {
              "type": "boolean",
              "description": "This parameter can only be used in a properly authorized request. The forMine parameter restricts the search to only retrieve videos owned by the authenticated user. If set to true, the request must also set the type parameter value to video and cannot use certain video parameters."
            },
            "location": {
              "type": "string",
              "description": "The location parameter restricts a search to videos that have a geographical location specified in their metadata. The value is a string that specifies geographic coordinates in the format latitude,longitude (e.g., 37.42307,-122.08427). If you specify a value for this parameter, you must also set the locationRadius parameter."
            },
            "channelId": {
              "type": "string",
              "description": "The channelId parameter indicates that the API response should only contain resources created by the channel."
            },
            "eventType": {
              "enum": ["completed", "live", "upcoming"],
              "type": "string",
              "description": "The eventType parameter restricts a search to broadcast events. If you specify a value for this parameter, you must also set the type parameter's value to video."
            },
            "pageToken": {
              "type": "string",
              "description": "The pageToken parameter identifies a specific page in the result set that should be returned."
            },
            "videoType": {
              "enum": ["any", "episode", "movie"],
              "type": "string",
              "default": "any",
              "description": "The videoType parameter lets you restrict a search to a particular type of videos. If you specify a value for this parameter, you must also set the type parameter's value to video."
            },
            "maxResults": {
              "type": "integer",
              "default": 5,
              "maximum": 50,
              "minimum": 0,
              "description": "The maxResults parameter specifies the maximum number of items that should be returned in the result set."
            },
            "regionCode": {
              "type": "string",
              "default": "US",
              "description": "The regionCode parameter instructs the API to return search results for videos that can be viewed in the specified country. The parameter value is an ISO 3166-1 alpha-2 country code."
            },
            "safeSearch": {
              "enum": ["moderate", "none", "strict"],
              "type": "string",
              "default": "moderate",
              "description": "The safeSearch parameter indicates whether the search results should include restricted content as well as standard content."
            },
            "channelType": {
              "enum": ["any", "show"],
              "type": "string",
              "default": "any",
              "description": "The channelType parameter lets you restrict a search to a particular type of channel."
            },
            "forDeveloper": {
              "type": "boolean",
              "description": "This parameter can only be used in a properly authorized request. The forDeveloper parameter restricts the search to only retrieve videos uploaded via the developer's application or website. The API server uses the request's authorization credentials to identify the developer."
            },
            "videoCaption": {
              "enum": ["any", "closedCaption", "none"],
              "type": "string",
              "default": "any",
              "description": "The videoCaption parameter indicates whether the API should filter video search results based on whether they have captions. If you specify a value for this parameter, you must also set the type parameter's value to video."
            },
            "videoLicense": {
              "enum": ["any", "creativeCommon", "youtube"],
              "type": "string",
              "default": "any",
              "description": "The videoLicense parameter filters search results to only include videos with a particular license. If you specify a value for this parameter, you must also set the type parameter's value to video."
            },
            "videoDuration": {
              "enum": ["any", "long", "medium", "short"],
              "type": "string",
              "default": "any",
              "description": "The videoDuration parameter filters video search results based on their duration. If you specify a value for this parameter, you must also set the type parameter's value to video."
            },
            "locationRadius": {
              "type": "string",
              "description": "The locationRadius parameter specifies the geographic area to search within for videos. The value must be a floating point number followed by a measurement unit (e.g., 5km). Valid measurement units are m, km, ft, and mi. The API does not support locationRadius values larger than 1000 kilometers."
            },
            "publishedAfter": {
              "type": "string",
              "description": "The publishedAfter parameter indicates that the API response should only contain resources created at or after the specified time (RFC 3339 format, e.g., 1970-01-01T00:00:00Z)."
            },
            "videoDimension": {
              "enum": ["2d", "3d", "any"],
              "type": "string",
              "default": "any",
              "description": "The videoDimension parameter lets you restrict a search to only retrieve 2D or 3D videos. If you specify a value for this parameter, you must also set the type parameter's value to video."
            },
            "forContentOwner": {
              "type": "boolean",
              "description": "This parameter can only be used in a properly authorized request, and it is intended exclusively for YouTube content partners. The forContentOwner parameter restricts the search to only retrieve videos owned by the content owner identified by the onBehalfOfContentOwner parameter. If set to true, the request must also include the onBehalfOfContentOwner parameter, be associated with a content owner account, set the type parameter value to video, and cannot use certain video parameters."
            },
            "publishedBefore": {
              "type": "string",
              "description": "The publishedBefore parameter indicates that the API response should only contain resources created before or at the specified time (RFC 3339 format, e.g., 2025-12-31T23:59:59Z)."
            },
            "videoCategoryId": {
              "type": "string",
              "description": "The videoCategoryId parameter filters video search results based on their category. Use YOUTUBE__GET_VIDEO_CATEGORIES to get the list of available categories."
            },
            "videoDefinition": {
              "enum": ["any", "high", "standard"],
              "type": "string",
              "default": "any",
              "description": "The videoDefinition parameter lets you restrict a search to only include either high definition (HD) or standard definition (SD) videos. HD videos are available for playback in at least 720p, though higher resolutions, like 1080p, might also be available."
            },
            "videoEmbeddable": {
              "enum": ["any", "true"],
              "type": "string",
              "default": "any",
              "description": "The videoEmbeddable parameter lets you to restrict a search to only videos that can be embedded into a webpage. If you specify a value for this parameter, you must also set the type parameter's value to video."
            },
            "videoSyndicated": {
              "enum": ["any", "true"],
              "type": "string",
              "default": "any",
              "description": "The videoSyndicated parameter lets you to restrict a search to only videos that can be played outside youtube.com. If you specify a value for this parameter, you must also set the type parameter's value to video."
            },
            "relevanceLanguage": {
              "type": "string",
              "description": "The relevanceLanguage parameter instructs the API to return search results that are most relevant to the specified language. The parameter value is typically an ISO 639-1 two-letter language code. However, you should use the values zh-Hans for simplified Chinese and zh-Hant for traditional Chinese."
            }
          },
          "description": "Query parameters for the YouTube search request",
          "additionalProperties": false
        }
      },
      "additionalProperties": false
    }
  },
  {
    "name": "YOUTUBE__GET_VIDEO_DETAILS",
    "description": "Get detailed information about specific YouTube videos by ID. Quota impact: 1 unit per call.",
    "tags": [],
    "tool_metadata": {
      "canonical_tool_name": "GET_VIDEO_DETAILS",
      "canonical_tool_description_hash": "e1c586cbb4ba82fa2710a56d5535dc55b8e86e4afd6b1f331ee8856f26b01555",
      "canonical_tool_input_schema_hash": "fdcb8aff5f6dcde11c3c6cfe231895fd062d14665af6da546b528bf320f62758"
    },
    "input_schema": {
      "type": "object",
      "required": ["query"],
      "properties": {
        "query": {
          "type": "object",
          "required": [],
          "properties": {
            "hl": {
              "type": "string",
              "default": "en_US",
              "description": "The hl parameter instructs the API to retrieve localized resource metadata for a specific application language that the YouTube website supports."
            },
            "id": {
              "type": "string",
              "description": "The id parameter specifies a comma-separated list of YouTube video IDs."
            },
            "chart": {
              "enum": ["mostPopular"],
              "type": "string",
              "default": "mostPopular",
              "description": "The chart parameter identifies the chart that you want to retrieve."
            },
            "maxWidth": {
              "type": "integer",
              "maximum": 8192,
              "minimum": 72,
              "description": "The maxWidth parameter specifies the maximum width of the embedded player returned in the player.embedHtml property."
            },
            "myRating": {
              "enum": ["like", "dislike"],
              "type": "string",
              "description": "This parameter can only be used in a properly authorized request. Set this parameter's value to like or dislike to instruct the API to only return videos liked or disliked by the authenticated user."
            },
            "maxHeight": {
              "type": "integer",
              "maximum": 8192,
              "minimum": 72,
              "description": "The maxHeight parameter specifies the maximum height of the embedded player returned in the player.embedHtml property."
            },
            "pageToken": {
              "type": "string",
              "description": "The pageToken parameter identifies a specific page in the result set that should be returned."
            },
            "maxResults": {
              "type": "integer",
              "default": 5,
              "maximum": 50,
              "minimum": 1,
              "description": "The maxResults parameter specifies the maximum number of items that should be returned in the result set. Only supported with myRating parameter."
            },
            "regionCode": {
              "type": "string",
              "description": "The regionCode parameter instructs the API to select a video chart available in the specified region. This parameter can only be used in conjunction with the chart parameter. ISO 3166-1 alpha-2 country code."
            },
            "videoCategoryId": {
              "type": "string",
              "default": "0",
              "description": "The videoCategoryId parameter identifies the video category for which the chart should be retrieved. This parameter can only be used in conjunction with the chart parameter."
            },
            "onBehalfOfContentOwner": {
              "type": "string",
              "description": "This parameter can only be used in a properly authorized request. Note: This parameter is intended exclusively for YouTube content partners."
            }
          },
          "description": "Query parameters for the YouTube video details request",
          "additionalProperties": false
        }
      },
      "additionalProperties": false
    }
  },
  {
    "name": "YOUTUBE__RATE_VIDEO",
    "description": "Add a like or dislike rating to a video or remove a rating from a video.",
    "tags": [],
    "tool_metadata": {
      "canonical_tool_name": "RATE_VIDEO",
      "canonical_tool_description_hash": "00bfc8b9d4da75d6f6393e3f2e0fc2573d54d17e57e866219662873969b457f3",
      "canonical_tool_input_schema_hash": "24f6a13c4a5785247650df51c839fa4ff92bca73b7c106363eebfadd04cb4047"
    },
    "input_schema": {
      "type": "object",
      "required": ["query"],
      "properties": {
        "query": {
          "type": "object",
          "required": ["id", "rating"],
          "properties": {
            "id": {
              "type": "string",
              "description": "The id parameter specifies the YouTube video ID of the video that is being rated or having its rating removed."
            },
            "rating": {
              "enum": ["like", "dislike", "none"],
              "type": "string",
              "default": "like",
              "description": "Specifies the rating to record."
            }
          },
          "description": "Query parameters for the YouTube video rating request",
          "additionalProperties": false
        }
      },
      "additionalProperties": false
    }
  },
  {
    "name": "YOUTUBE__GET_VIDEO_CATEGORIES",
    "description": "Retrieve a list of video categories that can be associated with YouTube videos. Quota impact: 1 unit per call.",
    "tags": [],
    "tool_metadata": {
      "canonical_tool_name": "GET_VIDEO_CATEGORIES",
      "canonical_tool_description_hash": "928246c029138628dcc351607df419a0a532af20a65c0da937aed3a515cf8c8a",
      "canonical_tool_input_schema_hash": "3ea364842b11c0572ee2e3d63fa1e1524f749b64451e2e8f22cae4b8d7e83399"
    },
    "input_schema": {
      "type": "object",
      "required": ["query"],
      "properties": {
        "query": {
          "type": "object",
          "required": ["part"],
          "properties": {
            "hl": {
              "type": "string",
              "default": "en_US",
              "description": "The hl parameter specifies the language that should be used for text values in the API response."
            },
            "id": {
              "type": "string",
              "description": "The id parameter specifies a comma-separated list of video category IDs for the resources that you are retrieving. This parameter cannot be used with the regionCode parameter."
            },
            "part": {
              "enum": ["snippet"],
              "type": "string",
              "default": "snippet",
              "description": "The part parameter specifies the videoCategory resource properties that the API response will include."
            },
            "regionCode": {
              "type": "string",
              "description": "The regionCode parameter instructs the API to return the list of video categories available in the specified country. The parameter value is an ISO 3166-1 alpha-2 country code. This parameter cannot be used with the id parameter."
            }
          },
          "description": "Query parameters for the YouTube video categories request",
          "additionalProperties": false
        }
      },
      "additionalProperties": false
    }
  }
]
