[
  {
    "name": "GITLAB__GET_PIPELINE_JOBS",
    "description": "Get pipeline jobs",
    "tags": [],
    "tool_metadata": {
      "canonical_tool_name": "get_pipeline_jobs",
      "canonical_tool_description_hash": "09f28f43a8538da6395bc94db1614484ebc80f75bda40bbcddcd40d961e19775",
      "canonical_tool_input_schema_hash": "cd52e177360e46b1268f90273b67cb3628e812409baa53536a4314120d692899"
    },
    "input_schema": {
      "type": "object",
      "properties": {
        "id": {
          "type": "string",
          "description": "The project ID or URL-encoded path"
        },
        "pipeline_id": {
          "type": "integer",
          "description": "The pipeline ID"
        },
        "per_page": {
          "type": "integer",
          "description": "Number of items per page"
        },
        "page": {
          "type": "integer",
          "description": "Current page number"
        }
      },
      "required": ["id", "pipeline_id"],
      "additionalProperties": false
    }
  },
  {
    "name": "GITLAB__GET_ISSUE",
    "description": "Get a single project issue",
    "tags": [],
    "tool_metadata": {
      "canonical_tool_name": "get_issue",
      "canonical_tool_description_hash": "f845efb7c6773b07f7e543e9d358945677cd9357911ee4b27a9d8af478838804",
      "canonical_tool_input_schema_hash": "ee67e9b37337a9698c8088286ec491feb8192a0459d9125d077da4277f2b56bd"
    },
    "input_schema": {
      "type": "object",
      "properties": {
        "id": {
          "type": "string",
          "description": "The ID or URL-encoded path of the project"
        },
        "issue_iid": {
          "type": "integer",
          "description": "The internal ID of a project issue"
        }
      },
      "required": ["id", "issue_iid"],
      "additionalProperties": false
    }
  },
  {
    "name": "GITLAB__CREATE_ISSUE",
    "description": "Create a new project issue",
    "tags": [],
    "tool_metadata": {
      "canonical_tool_name": "create_issue",
      "canonical_tool_description_hash": "98145aa11c5b1ca675f0cc29b80759c6e791a9ae30817d61665beacd3982a3da",
      "canonical_tool_input_schema_hash": "f51a73fbeb92d6efe6f598c43276f8ab15f74b2935bf1af222013540565a700f"
    },
    "input_schema": {
      "type": "object",
      "properties": {
        "id": {
          "type": "string",
          "description": "The ID or URL-encoded path of the project"
        },
        "title": {
          "type": "string",
          "description": "The title of an issue"
        },
        "description": {
          "type": "string",
          "description": "The description of an issue"
        },
        "assignee_ids": {
          "type": "array",
          "description": "The array of user IDs to assign issue"
        },
        "milestone_id": {
          "type": "integer",
          "description": "The ID of a milestone to assign issue"
        },
        "labels": {
          "type": "string",
          "description": "Comma-separated list of label names"
        },
        "confidential": {
          "type": "boolean",
          "description": "Boolean parameter if the issue should be confidential"
        },
        "epic_id": {
          "type": "integer",
          "description": "The ID of an epic to associate the issue with"
        }
      },
      "required": ["id", "title"],
      "additionalProperties": false
    }
  },
  {
    "name": "GITLAB__GET_MERGE_REQUEST",
    "description": "Get single merge request",
    "tags": [],
    "tool_metadata": {
      "canonical_tool_name": "get_merge_request",
      "canonical_tool_description_hash": "77a9c9ac45ec65e4b6924a7ec1360dad5ac7deed7d5f289a8657453d2d8f78c2",
      "canonical_tool_input_schema_hash": "803633764afdb107c49f57e65df9abe48a821a3d2ed7ba7b1c9ccd37e079b56a"
    },
    "input_schema": {
      "type": "object",
      "properties": {
        "id": {
          "type": "string",
          "description": "The ID or URL-encoded path of the project."
        },
        "merge_request_iid": {
          "type": "integer",
          "description": "The internal ID of the merge request."
        }
      },
      "required": ["id", "merge_request_iid"],
      "additionalProperties": false
    }
  },
  {
    "name": "GITLAB__GET_MERGE_REQUEST_COMMITS",
    "description": "Get single merge request commits",
    "tags": [],
    "tool_metadata": {
      "canonical_tool_name": "get_merge_request_commits",
      "canonical_tool_description_hash": "8b28ce3b45d5b7375e297b6934cecb2af7e4df288b1a21fc189a5c8351f22abf",
      "canonical_tool_input_schema_hash": "d96a7bc8379e1f2c307b07e710dca21d146b4ee1c101607ae4d81d1c940c613b"
    },
    "input_schema": {
      "type": "object",
      "properties": {
        "id": {
          "type": "string",
          "description": "The ID or URL-encoded path of the project."
        },
        "merge_request_iid": {
          "type": "integer",
          "description": "The internal ID of the merge request."
        },
        "per_page": {
          "type": "integer",
          "description": "Number of items per page"
        },
        "page": {
          "type": "integer",
          "description": "Current page number"
        }
      },
      "required": ["id", "merge_request_iid"],
      "additionalProperties": false
    }
  },
  {
    "name": "GITLAB__GET_MERGE_REQUEST_DIFFS",
    "description": "Get the merge request diffs",
    "tags": [],
    "tool_metadata": {
      "canonical_tool_name": "get_merge_request_diffs",
      "canonical_tool_description_hash": "fa86f626b7af5f1d00de0b1072fd86cd9acac4bb93c358cb9756a3ef898ab864",
      "canonical_tool_input_schema_hash": "d96a7bc8379e1f2c307b07e710dca21d146b4ee1c101607ae4d81d1c940c613b"
    },
    "input_schema": {
      "type": "object",
      "properties": {
        "id": {
          "type": "string",
          "description": "The ID or URL-encoded path of the project."
        },
        "merge_request_iid": {
          "type": "integer",
          "description": "The internal ID of the merge request."
        },
        "per_page": {
          "type": "integer",
          "description": "Number of items per page"
        },
        "page": {
          "type": "integer",
          "description": "Current page number"
        }
      },
      "required": ["id", "merge_request_iid"],
      "additionalProperties": false
    }
  },
  {
    "name": "GITLAB__GET_MERGE_REQUEST_PIPELINES",
    "description": "Get single merge request pipelines",
    "tags": [],
    "tool_metadata": {
      "canonical_tool_name": "get_merge_request_pipelines",
      "canonical_tool_description_hash": "c9201f1f02799529ea503f11e275e8c9b5aa84ef0d073bf77cf46c8f575d2b9c",
      "canonical_tool_input_schema_hash": "803633764afdb107c49f57e65df9abe48a821a3d2ed7ba7b1c9ccd37e079b56a"
    },
    "input_schema": {
      "type": "object",
      "properties": {
        "id": {
          "type": "string",
          "description": "The ID or URL-encoded path of the project."
        },
        "merge_request_iid": {
          "type": "integer",
          "description": "The internal ID of the merge request."
        }
      },
      "required": ["id", "merge_request_iid"],
      "additionalProperties": false
    }
  },
  {
    "name": "GITLAB__GITLAB_SEARCH",
    "description": "Search on GitLab",
    "tags": [],
    "tool_metadata": {
      "canonical_tool_name": "gitlab_search",
      "canonical_tool_description_hash": "11e28438d3f29005c507f8d15f4cda70455d093fbbdd84e1971525b6f32e0504",
      "canonical_tool_input_schema_hash": "077e4a81a83627e672aaaa6759c7500257666b9aa3fa58daa61e3d2a0dfb57aa"
    },
    "input_schema": {
      "type": "object",
      "properties": {
        "scope": {
          "type": "string",
          "description": "The scope of the search"
        },
        "search": {
          "type": "string",
          "description": "The expression it should be searched for"
        },
        "state": {
          "type": "string",
          "description": "Filter results by state"
        },
        "confidential": {
          "type": "boolean",
          "description": "Filter results by confidentiality"
        },
        "page": {
          "type": "integer",
          "description": "Current page number"
        },
        "per_page": {
          "type": "integer",
          "description": "Number of items per page"
        },
        "fields": {
          "type": "string",
          "description": "Array of fields you wish to search"
        }
      },
      "required": ["scope", "search"],
      "additionalProperties": false
    }
  },
  {
    "name": "GITLAB__GET_MCP_SERVER_VERSION",
    "description": "Get the current version of MCP server.",
    "tags": [],
    "tool_metadata": {
      "canonical_tool_name": "get_mcp_server_version",
      "canonical_tool_description_hash": "37e08a6b629f46eb68f29d9e536eb08d9b8e541a1e2623b5669f71387bd29deb",
      "canonical_tool_input_schema_hash": "c8a1ac469a826ea3547ac220c7bbfdcd6b58080d4ec596ff2a0149c5ccb9b699"
    },
    "input_schema": {
      "type": "object",
      "properties": {},
      "required": []
    }
  }
]
