{
  "name": "SERPAPI",
  "url": "https://mcp.aci.dev/virtual/mcp?server_name=SERPAPI",
  "transport_type": "streamable_http",
  "description": "SerpApi integration for web search, images, news, academic papers, and trends, providing access to Google Search, Images, News, Scholar, and Trends APIs.",
  "logo": "https://raw.githubusercontent.com/aipotheosis-labs/aipolabs-icons/refs/heads/main/apps/serpapi.svg",
  "categories": ["Search & Scraping"],
  "auth_configs": [
    {
      "type": "api_key",
      "location": "query",
      "name": "api_key"
    }
  ],
  "server_metadata": {
    "is_virtual_mcp_server": true
  }
}
