[
  {
    "name": "SERPAPI__GOOGLE_SEARCH",
    "description": "Perform web searches using Google Search API",
    "tags": [],
    "tool_metadata": {
      "canonical_tool_name": "GOOGLE_SEARCH",
      "canonical_tool_description_hash": "5123e60c622f9fb3f707c27612aa908d670415e1aafd073ee262ecd8c2ead4e5",
      "canonical_tool_input_schema_hash": "643aa110a9f5adaad92aba789b39f14646a467831dd80d7e58c9f5aff06e7f3f"
    },
    "input_schema": {
      "type": "object",
      "required": ["query"],
      "properties": {
        "query": {
          "type": "object",
          "required": ["engine", "q"],
          "properties": {
            "q": {
              "type": "string",
              "description": "Search query"
            },
            "gl": {
              "type": "string",
              "default": "us",
              "description": "Country to search from"
            },
            "hl": {
              "type": "string",
              "default": "en",
              "description": "Search language"
            },
            "num": {
              "type": "integer",
              "default": 10,
              "description": "Number of results to return"
            },
            "tbm": {
              "type": "string",
              "description": "Search type (nws, isch, vid, shop, bks, app)"
            },
            "tbs": {
              "type": "string",
              "description": "Time range (qdr:d, qdr:w, qdr:m, qdr:y)"
            },
            "safe": {
              "type": "string",
              "default": "active",
              "description": "Safe search filter"
            },
            "async": {
              "type": "boolean",
              "default": false,
              "description": "Submit search asynchronously"
            },
            "start": {
              "type": "integer",
              "default": 0,
              "description": "Starting position for results"
            },
            "device": {
              "type": "string",
              "default": "desktop",
              "description": "Device to use for results (desktop, tablet, mobile)"
            },
            "engine": {
              "type": "string",
              "default": "google",
              "description": "Search engine"
            },
            "filter": {
              "type": "integer",
              "default": 0,
              "description": "Filter duplicate results (0 or 1)"
            },
            "output": {
              "type": "string",
              "default": "json",
              "description": "Output format (json, html)"
            },
            "location": {
              "type": "string",
              "default": "United States",
              "description": "Search location"
            },
            "no_cache": {
              "type": "boolean",
              "default": false,
              "description": "Force fresh results instead of cached ones"
            },
            "google_domain": {
              "type": "string",
              "default": "google.com",
              "description": "Google domain"
            }
          },
          "description": "Query parameters for the http request",
          "additionalProperties": false
        }
      },
      "additionalProperties": false
    }
  },
  {
    "name": "SERPAPI__GOOGLE_IMAGES",
    "description": "Search for images using Google Images API",
    "tags": [],
    "tool_metadata": {
      "canonical_tool_name": "GOOGLE_IMAGES",
      "canonical_tool_description_hash": "969835f7a08bd8e30834c14e892d5262cd069e3ba785b13c2175826f75843c63",
      "canonical_tool_input_schema_hash": "44c29f0e7d6622f325f2bb3c730401a823d41c5f81d87f29387ee953077d7dfb"
    },
    "input_schema": {
      "type": "object",
      "required": ["query"],
      "properties": {
        "query": {
          "type": "object",
          "required": ["q"],
          "properties": {
            "q": {
              "type": "string",
              "description": "Image search query"
            },
            "gl": {
              "type": "string",
              "default": "us",
              "description": "Country to search from"
            },
            "hl": {
              "type": "string",
              "default": "en",
              "description": "Search language"
            },
            "ijn": {
              "type": "integer",
              "default": 0,
              "description": "Page number for pagination"
            },
            "num": {
              "type": "integer",
              "default": 10,
              "description": "Number of images to return"
            },
            "imgc": {
              "type": "string",
              "default": "color",
              "description": "Image colorization (color, gray, trans)"
            },
            "safe": {
              "type": "string",
              "default": "active",
              "description": "Safe search filter"
            },
            "async": {
              "type": "boolean",
              "default": false,
              "description": "Submit search asynchronously"
            },
            "imgar": {
              "type": "string",
              "default": "s",
              "description": "Image aspect ratio (s, w, h, sq, t, p)"
            },
            "start": {
              "type": "integer",
              "default": 0,
              "description": "Starting position for results"
            },
            "device": {
              "type": "string",
              "default": "desktop",
              "description": "Device to use for results (desktop, tablet, mobile)"
            },
            "output": {
              "type": "string",
              "default": "json",
              "description": "Output format (json, html)"
            },
            "imgdims": {
              "type": "string",
              "description": "Image dimensions (large, medium, icon)"
            },
            "imgtype": {
              "type": "string",
              "default": "photo",
              "description": "Image type (photo, clipart, lineart, face, animated)"
            },
            "imgcolor": {
              "type": "string",
              "description": "Image color (black, blue, brown, gray, green, orange, pink, purple, red, teal, white, yellow)"
            },
            "location": {
              "type": "string",
              "default": "United States",
              "description": "Search location"
            },
            "no_cache": {
              "type": "boolean",
              "default": false,
              "description": "Force fresh results instead of cached ones"
            },
            "google_domain": {
              "type": "string",
              "default": "google.com",
              "description": "Google domain"
            }
          },
          "description": "Query parameters for the http request",
          "additionalProperties": false
        }
      },
      "additionalProperties": false
    }
  },
  {
    "name": "SERPAPI__GOOGLE_NEWS",
    "description": "Search news articles using Google News API",
    "tags": [],
    "tool_metadata": {
      "canonical_tool_name": "GOOGLE_NEWS",
      "canonical_tool_description_hash": "a1e9f13af5a72badc4542972810fb0ff855747e54fe784b296733225ed909d97",
      "canonical_tool_input_schema_hash": "844deec32b600be159f89c49f66d85bf77de8f2c4ccbfbddf892784a5fffc104"
    },
    "input_schema": {
      "type": "object",
      "required": ["query"],
      "properties": {
        "query": {
          "type": "object",
          "required": ["engine", "q"],
          "properties": {
            "q": {
              "type": "string",
              "description": "News search query"
            },
            "gl": {
              "type": "string",
              "default": "us",
              "description": "Country to search from"
            },
            "hl": {
              "type": "string",
              "default": "en",
              "description": "Search language"
            },
            "num": {
              "type": "integer",
              "default": 10,
              "description": "Number of news articles to return"
            },
            "tbm": {
              "type": "string",
              "default": "d",
              "description": "Time range (d, w, m, y)"
            },
            "async": {
              "type": "boolean",
              "default": false,
              "description": "Submit search asynchronously"
            },
            "device": {
              "type": "string",
              "default": "desktop",
              "description": "Device to use for results (desktop, tablet, mobile)"
            },
            "engine": {
              "type": "string",
              "default": "google_news",
              "description": "Search engine"
            },
            "output": {
              "type": "string",
              "default": "json",
              "description": "Output format (json, html)"
            },
            "location": {
              "type": "string",
              "default": "United States",
              "description": "Search location"
            },
            "no_cache": {
              "type": "boolean",
              "default": false,
              "description": "Force fresh results instead of cached ones"
            },
            "story_token": {
              "type": "string",
              "description": "Story token for specific news stories"
            },
            "topic_token": {
              "type": "string",
              "description": "Topic token for specific news topics"
            },
            "google_domain": {
              "type": "string",
              "default": "google.com",
              "description": "Google domain"
            },
            "section_token": {
              "type": "string",
              "description": "Section token for specific news sections"
            },
            "publication_token": {
              "type": "string",
              "description": "Publication token for specific news publications"
            }
          },
          "description": "Query parameters for the http request",
          "additionalProperties": false
        }
      },
      "additionalProperties": false
    }
  },
  {
    "name": "SERPAPI__GOOGLE_SCHOLAR",
    "description": "Search academic papers using Google Scholar API",
    "tags": [],
    "tool_metadata": {
      "canonical_tool_name": "GOOGLE_SCHOLAR",
      "canonical_tool_description_hash": "f0225e43fc2b54928726182ff93d50d848067775e5e50bc755f779302ff74ce9",
      "canonical_tool_input_schema_hash": "d777c590d35cef41695b8e87326d970fccd7530dbc24eb2621825c271aef6f34"
    },
    "input_schema": {
      "type": "object",
      "required": ["query"],
      "properties": {
        "query": {
          "type": "object",
          "required": ["engine", "q"],
          "properties": {
            "q": {
              "type": "string",
              "description": "Scholar search query"
            },
            "hl": {
              "type": "string",
              "default": "en",
              "description": "Search language"
            },
            "num": {
              "type": "integer",
              "default": 10,
              "description": "Number of results to return"
            },
            "cites": {
              "type": "string",
              "description": "Cited by ID for papers citing a specific paper"
            },
            "start": {
              "type": "integer",
              "default": 0,
              "description": "Starting position for results"
            },
            "as_qdr": {
              "type": "string",
              "default": "y",
              "description": "Time range (y=year, m=month, w=week, d=day)"
            },
            "as_sdt": {
              "type": "string",
              "default": "0,5",
              "description": "Include/exclude patents and citations (0=include, 1=exclude)"
            },
            "as_vis": {
              "type": "integer",
              "default": 0,
              "description": "Include/exclude patents (0=include, 1=exclude)"
            },
            "as_yhi": {
              "type": "integer",
              "default": 2024,
              "description": "Year until which to search"
            },
            "as_ylo": {
              "type": "integer",
              "default": 2020,
              "description": "Year from which to start the search"
            },
            "engine": {
              "type": "string",
              "default": "google_scholar",
              "description": "Search engine"
            },
            "scisbd": {
              "type": "integer",
              "default": 0,
              "description": "Sort by date (0=relevance, 1=date)"
            },
            "as_occt": {
              "type": "string",
              "default": "any",
              "description": "Occurrence type (any=anywhere, title=in title, author=in author, pub=in publication)"
            },
            "cluster": {
              "type": "string",
              "description": "Cluster ID for specific paper versions"
            },
            "as_author": {
              "type": "string",
              "description": "Author name"
            },
            "as_publication": {
              "type": "string",
              "description": "Publication name"
            }
          },
          "description": "Query parameters for the http request",
          "additionalProperties": false
        }
      },
      "additionalProperties": false
    }
  },
  {
    "name": "SERPAPI__GOOGLE_TRENDS",
    "description": "Get trending topics and search analytics using Google Trends API",
    "tags": [],
    "tool_metadata": {
      "canonical_tool_name": "GOOGLE_TRENDS",
      "canonical_tool_description_hash": "00ff564e51aa8c9226a70f707965dd6c22dbe61be40e35be04a34c707cd3e2d4",
      "canonical_tool_input_schema_hash": "f064079cc3511aa64214c4dbdafcb434a63978b71294a6502608c252e23dd398"
    },
    "input_schema": {
      "type": "object",
      "required": ["query"],
      "properties": {
        "query": {
          "type": "object",
          "required": ["engine", "q"],
          "properties": {
            "q": {
              "type": "string",
              "description": "Trend search query"
            },
            "hl": {
              "type": "string",
              "default": "en",
              "description": "Language"
            },
            "tz": {
              "type": "string",
              "default": "-420",
              "description": "Timezone offset in minutes (e.g., -420 for US Pacific Time)"
            },
            "geo": {
              "type": "string",
              "default": "US",
              "description": "Geographic location"
            },
            "date": {
              "type": "string",
              "default": "today 12-m",
              "description": "Time range (today 12-m, today 5-y, 2020-01-01 2020-12-31, now 1-H, now 1-d, now 7-d)"
            },
            "engine": {
              "type": "string",
              "default": "google_trends",
              "description": "Search engine"
            },
            "category": {
              "type": "integer",
              "default": 0,
              "description": "Category ID (0=All categories, 5=Arts & Entertainment, 12=Beauty & Fitness, etc.)"
            },
            "property": {
              "type": "string",
              "default": "",
              "description": "Property type (empty=Web searches, NEWS=News searches, YOUTUBE=YouTube searches, IMAGES=Image searches, SHOPPING=Shopping searches)"
            },
            "data_type": {
              "type": "string",
              "default": "TIMESERIES",
              "description": "Data type (TIMESERIES, GEO_MAP, RELATED_TOPICS, RELATED_QUERIES)"
            },
            "include_geo_restrictions": {
              "type": "boolean",
              "default": false,
              "description": "Include geo-restricted regions in results"
            },
            "include_low_search_volume": {
              "type": "boolean",
              "default": false,
              "description": "Include low search volume regions in results"
            }
          },
          "description": "Query parameters for the http request",
          "additionalProperties": false
        }
      },
      "additionalProperties": false
    }
  }
]
