{
  "name": "RENDER",
  "url": "https://mcp.render.com/mcp",
  "transport_type": "streamable_http",
  "description": "Render's Model Context Protocol (MCP) server enables you to manage your Render infrastructure directly from compatible AI apps.",
  "logo": "https://raw.githubusercontent.com/aipotheosis-labs/aipolabs-icons/refs/heads/main/apps/render.svg",
  "categories": ["Developer Tools", "Infrastructure"],
  "auth_configs": [
    {
      "type": "api_key",
      "location": "header",
      "name": "Authorization",
      "prefix": "Bearer"
    }
  ],
  "server_metadata": {}
}
