{
  "$schema": "https://mintlify.com/docs.json",
  "theme": "aspen",
  "name": "OpenLIT",
  "description": "OpenLIT is the leading open-source AI observability platform with zero-code instrumentation for LLMs, vector databases, and AI frameworks. Monitor OpenAI, Anthropic, LangChain, LlamaIndex with OpenTelemetry. Features include cost tracking, performance metrics, prompt management, and enterprise-grade security for production AI applications.",
  "colors": {
    "primary": "#FFA500",
    "light": "#FFA500",
    "dark": "#FFA500"
  },
  "favicon": "favicon.png",
  "feedback": {
    "thumbsRating": true,
    "suggestEdit": true
  },
  "navigation": {
    "global": {
      "anchors": [
        {
          "anchor": "GitHub",
          "href": "https://github.com/openlit/openlit",
          "icon": "github"
        },
        {
          "anchor": "Community",
          "href": "https://join.slack.com/t/openlit/shared_invite/zt-2etnfttwg-TjP_7BZXfYg84oAukY8QRQ",
          "icon": "slack"
        },
        {
          "anchor": "Blog",
          "href": "https://openlit.io/blogs",
          "icon": "newspaper"
        }
      ]
    },
    "tabs": [
      {
        "tab": "OpenLIT",
        "groups": [
          {
            "group": "Getting Started",
            "pages": [
              "latest/overview",
              "latest/openlit/installation",
              {
                "group": "Quickstarts",
                "icon": "bolt",
                "pages": [
                  "latest/openlit/quickstart-ai-observability",
                  "latest/openlit/quickstart-evals",
                  "latest/openlit/quickstart-guard",
                  "latest/openlit/quickstart-gpu",
                  "latest/openlit/quickstart-vectordb-observability",
                  "latest/openlit/quickstart-mcp-observability"
                ]
              },
              "latest/openlit/configuration",
              "latest/openlit/oauth"
            ]
          },
          {
            "group": "Observability",
            "pages": [
              "latest/openlit/observability/tracing",
              "latest/openlit/observability/metrics",
              "latest/openlit/observability/error",
              "latest/openlit/observability/fleet-hub"
            ]
          },
          {
            "group": "Evaluations",
            "pages": [
              "latest/openlit/evaluations/overview",
              {
                "group": "Evaluation Methods",
                "icon": "ruler",
                "pages": [
                  "latest/openlit/evaluations/llm-as-a-judge",
                  "latest/openlit/evaluations/programmatic-evals"
                ]
              }
            ]
          },
          {
            "group": "Dashboards",
            "pages": [
              "latest/openlit/dashboards/overview",
              {
                "group": "Get started",
                "icon": "bolt",
                "pages": [
                  "latest/openlit/dashboards/create-dashboard",
                  "latest/openlit/dashboards/create-folder",
                  "latest/openlit/dashboards/import-dashboard"
                ]
              },
              {
                "group": "Widgets",
                "icon": "grip",
                "pages": [
                  "latest/openlit/dashboards/widgets/overview",
                  "latest/openlit/dashboards/widgets/area-chart-widget",
                  "latest/openlit/dashboards/widgets/bar-chart-widget", 
                  "latest/openlit/dashboards/widgets/line-chart-widget",
                  "latest/openlit/dashboards/widgets/pie-chart-widget",
                  "latest/openlit/dashboards/widgets/stat-widget",
                  "latest/openlit/dashboards/widgets/table-widget",
                  "latest/openlit/dashboards/widgets/markdown-widget"
                ]
              },
              {
                "group": "Manage Dashboards",
                "icon": "square-poll-vertical",
                "pages": [
                  "latest/openlit/dashboards/organize-dashboards",
                  "latest/openlit/dashboards/export-dashboard",
                  "latest/openlit/dashboards/filters-and-dynamic-bindings",
                  "latest/openlit/dashboards/auto-refresh-and-time-interval",
                  "latest/openlit/dashboards/pin-dashboard",
                  "latest/openlit/dashboards/set-main-dashboard"
                ]
              }
            ]
          },
          {
            "group": "Prompts and Experiments",
            "pages": [
              "latest/openlit/prompts-experiments/prompt-hub",
              "latest/openlit/prompts-experiments/openground"
            ]
          },
          {
            "group": "Developer Resources",
            "pages": [
              "latest/openlit/developer-resources/vault",
              "latest/openlit/developer-resources/multiple-db",
              "latest/openlit/developer-resources/anonymous-telemetry",
              {
                "group": "API Reference",
                "icon": "code",
                "pages": [
                  "latest/openlit/developer-resources/api-reference/introduction",
                  {
                    "group": "Prompt Hub",
                    "pages": [
                      "latest/openlit/developer-resources/api-reference/endpoint/prompt-hub/get"
                    ]
                  },
                  {
                    "group": "Vault",
                    "pages": [
                      "latest/openlit/developer-resources/api-reference/endpoint/vault/get"
                    ]
                  }
                ]
              }
            ]
          }
        ]
      },
      {
        "tab": "SDK",
        "groups": [
          {
            "group": "Getting Started",
            "pages": [
              "latest/sdk/overview",
              {
                "group": "Quickstarts",
                "icon": "bolt",
                "pages": [
                  "latest/sdk/quickstart-ai-observability",
                  "latest/sdk/quickstart-programmatic-evals",
                  "latest/sdk/quickstart-guard",
                  "latest/sdk/quickstart-gpu",
                  "latest/sdk/quickstart-mcp-observability",
                  "latest/sdk/quickstart-vectordb-observability"
                ]
              },
              "latest/sdk/configuration",
              "latest/sdk/instrumentation-methods"
            ]
          },
          {
            "group": "Core Features",
            "pages": [
              "latest/sdk/features/tracing",
              "latest/sdk/features/metrics",
              "latest/sdk/features/gpu",
              "latest/sdk/features/pricing",
              "latest/sdk/features/evaluations",
              "latest/sdk/features/guardrails"
            ]
          },
          {
            "group": "Integrations",
            "pages": [
              "latest/sdk/integrations/overview",
              {
                "group": "LLMs",
                "icon": "robot",
                "pages": [
                  "latest/sdk/integrations/openai",
                  "latest/sdk/integrations/ollama",
                  "latest/sdk/integrations/anthropic",
                  "latest/sdk/integrations/deepseek",
                  "latest/sdk/integrations/gpt4all",
                  "latest/sdk/integrations/cohere",
                  "latest/sdk/integrations/mistral",
                  "latest/sdk/integrations/github-models",
                  "latest/sdk/integrations/vllm",
                  "latest/sdk/integrations/azure-openai",
                  "latest/sdk/integrations/azure-ai-inference",
                  "latest/sdk/integrations/huggingface",
                  "latest/sdk/integrations/bedrock",
                  "latest/sdk/integrations/vertexai",
                  "latest/sdk/integrations/google-ai-studio",
                  "latest/sdk/integrations/groq",
                  "latest/sdk/integrations/nvidia-nim",
                  "latest/sdk/integrations/xai",
                  "latest/sdk/integrations/elevenlabs",
                  "latest/sdk/integrations/ai21",
                  "latest/sdk/integrations/together",
                  "latest/sdk/integrations/assemblyai",
                  "latest/sdk/integrations/featherless",
                  "latest/sdk/integrations/reka",
                  "latest/sdk/integrations/krutrim",
                  "latest/sdk/integrations/titan-ml",
                  "latest/sdk/integrations/sarvam",
                  "latest/sdk/integrations/premai"
                ]
              },
              {
                "group": "VectorDBs",
                "icon": "database",
                "pages": [
                  "latest/sdk/integrations/chromadb",
                  "latest/sdk/integrations/pinecone",
                  "latest/sdk/integrations/qdrant",
                  "latest/sdk/integrations/milvus",
                  "latest/sdk/integrations/astradb"
                ]
              },
              {
                "group": "Frameworks",
                "icon": "circle-nodes",
                "pages": [
                  "latest/sdk/integrations/langchain",
                  "latest/sdk/integrations/openai-agents",
                  "latest/sdk/integrations/litellm",
                  "latest/sdk/integrations/crewai",
                  "latest/sdk/integrations/llama-index",
                  "latest/sdk/integrations/browser-use",
                  "latest/sdk/integrations/pydantic",
                  "latest/sdk/integrations/dspy",
                  "latest/sdk/integrations/ag2",
                  "latest/sdk/integrations/haystack",
                  "latest/sdk/integrations/mem0",
                  "latest/sdk/integrations/guardrails",
                  "latest/sdk/integrations/phidata",
                  "latest/sdk/integrations/multion",
                  "latest/sdk/integrations/julep-ai",
                  "latest/sdk/integrations/letta",
                  "latest/sdk/integrations/crawl4ai",
                  "latest/sdk/integrations/firecrawl",
                  "latest/sdk/integrations/dynamiq",
                  "latest/sdk/integrations/controlflow",
                  "latest/sdk/integrations/swarmzero"
                ]
              },
              {
                "group": "GPUs",
                "icon": "server",
                "pages": [
                  "latest/sdk/integrations/nvidia-gpu",
                  "latest/sdk/integrations/amd-gpu"
                ]
              }
            ]
          },
          {
            "group": "Destinations",
            "pages": [
              "latest/sdk/destinations/overview",
              {
                "group": "Supported Destinations",
                "icon": "paper-plane",
                "pages": [
                  "latest/sdk/destinations/openlit",
                  "latest/sdk/destinations/otelcol",
                  "latest/sdk/destinations/grafanacloud",
                  "latest/sdk/destinations/prometheus-tempo",
                  "latest/sdk/destinations/prometheus-jaeger",
                  "latest/sdk/destinations/datadog",
                  "latest/sdk/destinations/dash0",
                  "latest/sdk/destinations/signoz",
                  "latest/sdk/destinations/new-relic",
                  "latest/sdk/destinations/dynatrace",
                  "latest/sdk/destinations/elastic",
                  "latest/sdk/destinations/hyperdx",
                  "latest/sdk/destinations/oneuptime",
                  "latest/sdk/destinations/openobserve",
                  "latest/sdk/destinations/highlight",
                  "latest/sdk/destinations/middleware",
                  "latest/sdk/destinations/siglens",
                  "latest/sdk/destinations/oodle",
                  "latest/sdk/destinations/langfuse",
                  "latest/sdk/destinations/murnitur"
                ]
              }
            ]
          }
        ]
      },
      {
        "tab": "Kubernetes Operator",
        "groups": [
          {
            "group": "Getting Started",
            "pages": [
              "latest/operator/overview",
              "latest/operator/quickstart",
              "latest/operator/installation",
              "latest/operator/architecture"
            ]
          },
          {
            "group": "Configuration",
            "pages": [
              "latest/operator/configuration/operator",
              "latest/operator/configuration/autoinstrumentation"
            ]
          },
          {
            "group": "Instrumentations",
            "pages": [
              "latest/operator/instrumentations/overview",
              {
                "group": "Python",
                "icon": "python",
                "pages": [
                  "latest/operator/instrumentations/python/openlit",
                  "latest/operator/instrumentations/python/openllmetry",
                  "latest/operator/instrumentations/python/openinference",
                  "latest/operator/instrumentations/python/custom"
                ]
              }
            ]
          },
          {
            "group": "Destinations",
            "pages": [
              "latest/operator/destinations/overview",
              {
                "group": "Supported Destinations",
                "icon": "paper-plane",
                "pages": [
                  "latest/operator/destinations/openlit",
                  "latest/operator/destinations/otelcol",
                  "latest/operator/destinations/grafanacloud",
                  "latest/operator/destinations/prometheus-tempo",
                  "latest/operator/destinations/prometheus-jaeger",
                  "latest/operator/destinations/datadog",
                  "latest/operator/destinations/dash0",
                  "latest/operator/destinations/signoz",
                  "latest/operator/destinations/newrelic",
                  "latest/operator/destinations/dynatrace",
                  "latest/operator/destinations/elastic",
                  "latest/operator/destinations/hyperdx",
                  "latest/operator/destinations/oneuptime",
                  "latest/operator/destinations/openobserve",
                  "latest/operator/destinations/highlight",
                  "latest/operator/destinations/middleware",
                  "latest/operator/destinations/siglens",
                  "latest/operator/destinations/oodle",
                  "latest/operator/destinations/langfuse",
                  "latest/operator/destinations/murnitur"
                ]
              }
            ]
          }
        ]
      }
    ]
  },
  "logo": {
    "light": "/images/rectangular-light-bg-logo.jpg",
    "dark": "/images/rectangular-dark-bg-logo.jpg",
    "href": "https://openlit.io"
  },
  "appearance": {
    "default": "dark"
  },
  "styling": {
    "eyebrows": "breadcrumbs"
  },
  "navbar": {
    "primary": {
      "type": "github",
      "href": "https://github.com/openlit/openlit"
    }
  },
  "footer": {
    "socials": {
      "github": "https://github.com/openlit/",
      "slack": "https://join.slack.com/t/openlit/shared_invite/zt-2etnfttwg-TjP_7BZXfYg84oAukY8QRQ",
      "discord": "https://discord.gg/CQnXwNT3",
      "twitter": "https://twitter.com/openlit_io",
      "linkedin": "https://www.linkedin.com/company/openlit/"
    }
  },
  "integrations": {
    "ga4": {
      "measurementId": "G-2BMXWY88E6"
    },
    "telemetry": {
      "enabled": true
    }
  },
  "contextual": {
    "options": ["copy", "chatgpt", "claude"]
  }
}