{
  "name": "GOOGLE_CALENDAR",
  "url": "https://mcp.aci.dev/virtual/mcp?server_name=GOOGLE_CALENDAR",
  "transport_type": "streamable_http",
  "description": "The Google Calendar API is a RESTful API that can be accessed through explicit HTTP calls. The API exposes most of the features available in the Google Calendar Web interface.",
  "logo": "https://raw.githubusercontent.com/aipotheosis-labs/aipolabs-icons/refs/heads/main/apps/google_calendar.svg",
  "categories": ["Productivity"],
  "auth_configs": [
    {
      "type": "oauth2",
      "client_id": "{{ CLIENT_ID }}",
      "client_secret": "{{ CLIENT_SECRET }}",
      "scope": "https://www.googleapis.com/auth/calendar https://www.googleapis.com/auth/calendar.events https://www.googleapis.com/auth/calendar.settings.readonly https://www.googleapis.com/auth/calendar.freebusy",
      "authorize_url": "https://accounts.google.com/o/oauth2/v2/auth",
      "access_token_url": "https://oauth2.googleapis.com/token",
      "refresh_token_url": "https://oauth2.googleapis.com/token"
    }
  ],
  "server_metadata": {
    "is_virtual_mcp_server": true
  }
}
