[
  {
    "name": "GOOGLE_CALENDAR__CALENDARLIST_LIST",
    "description": "Returns the calendars on the user's calendar list",
    "tags": [],
    "tool_metadata": {
      "canonical_tool_name": "CALENDARLIST_LIST",
      "canonical_tool_description_hash": "937c87845113bda1f1ead1fae720dbef755a489b79d1505b465dc517f84ff976",
      "canonical_tool_input_schema_hash": "187e96e815045f3dc7f4340b58725c0fd677e64f46ca436ca754e4078a419a5c"
    },
    "input_schema": {
      "type": "object",
      "required": [],
      "properties": {
        "query": {
          "type": "object",
          "required": [],
          "properties": {
            "pageToken": {
              "type": "string",
              "description": "Token specifying which result page to return."
            },
            "syncToken": {
              "type": "string",
              "description": "Token obtained from the nextSyncToken field returned on the last page of results from the previous list request. It makes the result of this list request contain only entries that have changed since then. If only read-only fields such as calendar properties or ACLs have changed, the entry won't be returned. All entries deleted and hidden since the previous list request will always be in the result set and it is not allowed to set showDeleted neither showHidden to False. To ensure client state consistency minAccessRole query parameter cannot be specified together with nextSyncToken. If the syncToken expires, the server will respond with a 410 GONE response code and the client should clear its storage and perform a full synchronization without any syncToken."
            },
            "maxResults": {
              "type": "integer",
              "default": 100,
              "description": "Maximum number of entries returned on one result page. By default the value is 100 entries. The page size can never exceed 250 entries."
            },
            "showHidden": {
              "type": "boolean",
              "default": false,
              "description": "Whether to show hidden entries"
            },
            "showDeleted": {
              "type": "boolean",
              "default": false,
              "description": "Whether to include deleted calendar list entries in the result."
            },
            "minAccessRole": {
              "enum": ["freeBusyReader", "owner", "reader", "writer"],
              "type": "string",
              "description": "The minimum access role for the user in the returned entries. The default is no restriction. 'freeBusyReader': The user can read free/busy information. 'owner': The user can read and modify events and access control lists. 'reader': The user can read events that are not private. 'writer': The user can read and modify events."
            }
          },
          "description": "query parameters",
          "additionalProperties": false
        }
      },
      "additionalProperties": false
    }
  },
  {
    "name": "GOOGLE_CALENDAR__CALENDARLIST_GET",
    "description": "Returns a calendar from the user's calendar list.",
    "tags": [],
    "tool_metadata": {
      "canonical_tool_name": "CALENDARLIST_GET",
      "canonical_tool_description_hash": "8848ac4fa83bdcbb20ee913078b9ac76e7c00e33f09e662fe7c767a246e6f13d",
      "canonical_tool_input_schema_hash": "704952d8f2a35532da87597df4f172f92904a5ab3a3a9a50ffd70c47ab6855e8"
    },
    "input_schema": {
      "type": "object",
      "required": ["path"],
      "properties": {
        "path": {
          "type": "object",
          "required": ["calendarId"],
          "properties": {
            "calendarId": {
              "type": "string",
              "default": "primary",
              "description": "Calendar identifier. To retrieve calendar IDs call the calendarList.list method. If you want to access the primary calendar of the currently logged in user, use the 'primary' keyword."
            }
          },
          "description": "Path parameters",
          "additionalProperties": false
        }
      },
      "additionalProperties": false
    }
  },
  {
    "name": "GOOGLE_CALENDAR__CALENDARS_GET",
    "description": "Returns metadata for a calendar.",
    "tags": [],
    "tool_metadata": {
      "canonical_tool_name": "CALENDARS_GET",
      "canonical_tool_description_hash": "f8786696967c8e4a47c49ad5ec036746304b93a2b3033697cd13e9ba8a7cb9c0",
      "canonical_tool_input_schema_hash": "e469a5485ac6e246ae2bbcd0f33a292d394fdc1c792098669ee417ea25bc9c3c"
    },
    "input_schema": {
      "type": "object",
      "required": ["path"],
      "properties": {
        "path": {
          "type": "object",
          "required": ["calendarId"],
          "properties": {
            "calendarId": {
              "type": "string",
              "description": "Calendar identifier. To retrieve calendar IDs call the calendarList.list method. If you want to access the primary calendar of the currently logged-in user, use the 'primary' keyword."
            }
          },
          "description": "Path parameters",
          "additionalProperties": false
        }
      },
      "additionalProperties": false
    }
  },
  {
    "name": "GOOGLE_CALENDAR__FREEBUSY_QUERY",
    "description": "Returns free/busy information for a set of calendars.",
    "tags": [],
    "tool_metadata": {
      "canonical_tool_name": "FREEBUSY_QUERY",
      "canonical_tool_description_hash": "9220b7ecc895288397d4d951b790dd1248d918bed1d6dc4639345b8a62031425",
      "canonical_tool_input_schema_hash": "3acbc479faf7e5aa99bb44c4aa12042f6f9243364123e9306025660e66aebba2"
    },
    "input_schema": {
      "type": "object",
      "required": ["body"],
      "properties": {
        "body": {
          "type": "object",
          "required": ["timeMin", "timeMax", "timeZone", "items"],
          "properties": {
            "items": {
              "type": "array",
              "items": {
                "type": "object",
                "required": ["id"],
                "properties": {
                  "id": {
                    "type": "string",
                    "description": "The identifier of a calendar or a group."
                  }
                },
                "additionalProperties": false
              },
              "description": "List of calendars and/or groups to query."
            },
            "timeMax": {
              "type": "string",
              "format": "date-time",
              "description": "The end of the interval for the query formatted as per RFC3339."
            },
            "timeMin": {
              "type": "string",
              "format": "date-time",
              "description": "The start of the interval for the query formatted as per RFC3339."
            },
            "timeZone": {
              "type": "string",
              "default": "UTC",
              "description": "Time zone used in the response. Optional. The default is UTC."
            }
          },
          "description": "Request body parameters",
          "additionalProperties": false
        }
      },
      "additionalProperties": false
    }
  },
  {
    "name": "GOOGLE_CALENDAR__EVENTS_LIST",
    "description": "Returns events on the specified calendar",
    "tags": [],
    "tool_metadata": {
      "canonical_tool_name": "EVENTS_LIST",
      "canonical_tool_description_hash": "a7541a3e6ef134ce3eab1e40da56c1233fe14d2e22cb4a4d96c269e9dc75cb7a",
      "canonical_tool_input_schema_hash": "092f5dd705be5c2b1de1676ba8a88dfd4cafce36782de0c3e89c4bf87750591e"
    },
    "input_schema": {
      "type": "object",
      "required": ["path", "query"],
      "properties": {
        "path": {
          "type": "object",
          "required": ["calendarId"],
          "properties": {
            "calendarId": {
              "type": "string",
              "default": "primary",
              "description": "Calendar identifier. Use 'primary' for the primary calendar."
            }
          },
          "description": "Path parameters",
          "additionalProperties": false
        },
        "query": {
          "type": "object",
          "required": [],
          "properties": {
            "q": {
              "type": "string",
              "description": "Free text search to find matching events."
            },
            "orderBy": {
              "enum": ["startTime", "updated"],
              "type": "string",
              "description": "Order of returned events."
            },
            "timeMax": {
              "type": "string",
              "format": "date-time",
              "description": "Upper bound for event start time (RFC3339)."
            },
            "timeMin": {
              "type": "string",
              "format": "date-time",
              "description": "Lower bound for event end time (RFC3339)."
            },
            "timeZone": {
              "type": "string",
              "description": "Time zone used in the response."
            },
            "pageToken": {
              "type": "string",
              "description": "Token for pagination."
            },
            "syncToken": {
              "type": "string",
              "description": "Token for incremental synchronization."
            },
            "maxResults": {
              "type": "integer",
              "default": 250,
              "description": "Maximum number of events returned per page. Default is 250, max is 2500."
            },
            "updatedMin": {
              "type": "string",
              "format": "date-time",
              "description": "Lower bound for last event modification time (RFC3339)."
            },
            "showDeleted": {
              "type": "boolean",
              "default": false,
              "description": "Include deleted events in results."
            },
            "singleEvents": {
              "type": "boolean",
              "default": false,
              "description": "Expand recurring events into instances."
            },
            "showHiddenInvitations": {
              "type": "boolean",
              "default": false,
              "description": "Include hidden invitations in results."
            }
          },
          "description": "Query parameters",
          "additionalProperties": false
        }
      },
      "additionalProperties": false
    }
  },
  {
    "name": "GOOGLE_CALENDAR__EVENTS_GET",
    "description": "Returns an event based on its Google Calendar ID",
    "tags": [],
    "tool_metadata": {
      "canonical_tool_name": "EVENTS_GET",
      "canonical_tool_description_hash": "5b9c351da0029cab0990b826c70c667fcf02d8bf1c63978f8e1ce2ae97f22001",
      "canonical_tool_input_schema_hash": "304ac0116c1b13239bca5cfb874f8e917e8ad87eaba10bbe3282a98b4eddeeba"
    },
    "input_schema": {
      "type": "object",
      "required": ["path"],
      "properties": {
        "path": {
          "type": "object",
          "required": ["calendarId", "eventId"],
          "properties": {
            "eventId": {
              "type": "string",
              "description": "Event identifier."
            },
            "calendarId": {
              "type": "string",
              "description": "Calendar identifier. Use 'primary' for the primary calendar."
            }
          },
          "description": "Path parameters",
          "additionalProperties": false
        },
        "query": {
          "type": "object",
          "required": [],
          "properties": {
            "timeZone": {
              "type": "string",
              "description": "Time zone used in the response. Defaults to the calendar's time zone."
            },
            "maxAttendees": {
              "type": "integer",
              "description": "Maximum number of attendees to include in the response."
            }
          },
          "description": "Query parameters",
          "additionalProperties": false
        }
      },
      "additionalProperties": false
    }
  },
  {
    "name": "GOOGLE_CALENDAR__EVENTS_INSERT",
    "description": "Creates an event in the specified calendar",
    "tags": [],
    "tool_metadata": {
      "canonical_tool_name": "EVENTS_INSERT",
      "canonical_tool_description_hash": "4164d214c1ad2a078a4a2e6516b5f4c5fd815f238568c916ccfdb8a34fdba76c",
      "canonical_tool_input_schema_hash": "33dde67d3703da7a4c8d2d096fed8b5f0115fe82e07ab96028d06f726a0edc97"
    },
    "input_schema": {
      "type": "object",
      "required": ["path", "body"],
      "properties": {
        "body": {
          "type": "object",
          "required": ["start", "end"],
          "properties": {
            "end": {
              "type": "object",
              "required": ["dateTime", "timeZone"],
              "properties": {
                "dateTime": {
                  "type": "string",
                  "format": "date-time",
                  "description": "End time in RFC3339 format."
                },
                "timeZone": {
                  "type": "string",
                  "description": "Time zone for the end time."
                }
              },
              "description": "End date/time of the event.",
              "additionalProperties": false
            },
            "start": {
              "type": "object",
              "required": ["dateTime", "timeZone"],
              "properties": {
                "dateTime": {
                  "type": "string",
                  "format": "date-time",
                  "description": "Start time in RFC3339 format."
                },
                "timeZone": {
                  "type": "string",
                  "description": "Time zone for the start time."
                }
              },
              "description": "Start date/time of the event.",
              "additionalProperties": false
            },
            "summary": {
              "type": "string",
              "description": "Title of the event."
            },
            "location": {
              "type": "string",
              "description": "Geographic location of the event."
            },
            "attendees": {
              "type": "array",
              "items": {
                "type": "object",
                "properties": {
                  "email": {
                    "type": "string",
                    "format": "email",
                    "description": "Email of the attendee."
                  },
                  "optional": {
                    "type": "boolean",
                    "default": false,
                    "description": "Whether the attendee is optional."
                  },
                  "displayName": {
                    "type": "string",
                    "description": "Attendee's name."
                  },
                  "responseStatus": {
                    "enum": ["needsAction", "declined", "tentative", "accepted"],
                    "type": "string",
                    "description": "Attendee's response status."
                  }
                }
              },
              "description": "List of attendees for the event."
            },
            "eventType": {
              "enum": [
                "birthday",
                "default",
                "focusTime",
                "fromGmail",
                "outOfOffice",
                "workingLocation"
              ],
              "type": "string",
              "default": "default",
              "description": "Specific type of event."
            },
            "visibility": {
              "enum": ["default", "public", "private", "confidential"],
              "type": "string",
              "default": "default",
              "description": "Visibility of the event."
            },
            "description": {
              "type": "string",
              "description": "Detailed description of the event."
            },
            "guestsCanModify": {
              "type": "boolean",
              "default": false,
              "description": "Whether attendees can modify the event."
            },
            "guestsCanInviteOthers": {
              "type": "boolean",
              "default": true,
              "description": "Whether attendees can invite others."
            },
            "guestsCanSeeOtherGuests": {
              "type": "boolean",
              "default": true,
              "description": "Whether attendees can see other guests."
            }
          },
          "description": "Event data to be created",
          "additionalProperties": false
        },
        "path": {
          "type": "object",
          "required": ["calendarId"],
          "properties": {
            "calendarId": {
              "type": "string",
              "description": "Calendar identifier. Use 'primary' for the primary calendar."
            }
          },
          "description": "Path parameters",
          "additionalProperties": false
        },
        "query": {
          "type": "object",
          "required": [],
          "properties": {
            "sendUpdates": {
              "enum": ["all", "externalOnly", "none"],
              "type": "string",
              "default": "none",
              "description": "Controls notifications for event creation."
            },
            "maxAttendees": {
              "type": "integer",
              "description": "Maximum number of attendees to include in the response."
            },
            "supportsAttachments": {
              "type": "boolean",
              "default": false,
              "description": "Whether the API client supports event attachments."
            },
            "conferenceDataVersion": {
              "type": "integer",
              "default": 0,
              "maximum": 1,
              "minimum": 0,
              "description": "Version number of conference data supported by the API client."
            }
          },
          "description": "Query parameters",
          "additionalProperties": false
        }
      },
      "additionalProperties": false
    }
  },
  {
    "name": "GOOGLE_CALENDAR__EVENTS_UPDATE",
    "description": "Updates an existing event in the specified calendar",
    "tags": [],
    "tool_metadata": {
      "canonical_tool_name": "EVENTS_UPDATE",
      "canonical_tool_description_hash": "6a5828a25e723b201784070f77ec216b0bcd0fabddae23896e6abf1165d28cfb",
      "canonical_tool_input_schema_hash": "cb4de39c330e712a677cf30763b298aa7dc48d7976f66277d62dfc37f9af424d"
    },
    "input_schema": {
      "type": "object",
      "required": ["path", "body"],
      "properties": {
        "body": {
          "type": "object",
          "required": ["start", "end"],
          "properties": {
            "end": {
              "type": "object",
              "required": ["dateTime", "timeZone"],
              "properties": {
                "dateTime": {
                  "type": "string",
                  "format": "date-time",
                  "description": "End time in RFC3339 format."
                },
                "timeZone": {
                  "type": "string",
                  "description": "Time zone for the end time."
                }
              },
              "description": "End date/time of the event.",
              "additionalProperties": false
            },
            "start": {
              "type": "object",
              "required": ["dateTime", "timeZone"],
              "properties": {
                "dateTime": {
                  "type": "string",
                  "format": "date-time",
                  "description": "Start time in RFC3339 format."
                },
                "timeZone": {
                  "type": "string",
                  "description": "Time zone for the start time."
                }
              },
              "description": "Start date/time of the event.",
              "additionalProperties": false
            },
            "summary": {
              "type": "string",
              "description": "Title of the event."
            },
            "location": {
              "type": "string",
              "description": "Geographic location of the event."
            },
            "attendees": {
              "type": "array",
              "items": {
                "type": "object",
                "properties": {
                  "email": {
                    "type": "string",
                    "format": "email",
                    "description": "Email of the attendee."
                  },
                  "optional": {
                    "type": "boolean",
                    "default": false,
                    "description": "Whether the attendee is optional."
                  },
                  "displayName": {
                    "type": "string",
                    "description": "Attendee's name."
                  },
                  "responseStatus": {
                    "enum": ["needsAction", "declined", "tentative", "accepted"],
                    "type": "string",
                    "description": "Attendee's response status."
                  }
                }
              },
              "description": "List of attendees for the event."
            },
            "eventType": {
              "enum": [
                "birthday",
                "default",
                "focusTime",
                "fromGmail",
                "outOfOffice",
                "workingLocation"
              ],
              "type": "string",
              "default": "default",
              "description": "Specific type of event."
            },
            "visibility": {
              "enum": ["default", "public", "private", "confidential"],
              "type": "string",
              "default": "default",
              "description": "Visibility of the event."
            },
            "description": {
              "type": "string",
              "description": "Detailed description of the event."
            },
            "guestsCanModify": {
              "type": "boolean",
              "default": false,
              "description": "Whether attendees can modify the event."
            },
            "guestsCanInviteOthers": {
              "type": "boolean",
              "default": true,
              "description": "Whether attendees can invite others."
            },
            "guestsCanSeeOtherGuests": {
              "type": "boolean",
              "default": true,
              "description": "Whether attendees can see other guests."
            }
          },
          "description": "Event data to be updated",
          "additionalProperties": false
        },
        "path": {
          "type": "object",
          "required": ["calendarId", "eventId"],
          "properties": {
            "eventId": {
              "type": "string",
              "description": "Event identifier."
            },
            "calendarId": {
              "type": "string",
              "description": "Calendar identifier. Use 'primary' for the primary calendar."
            }
          },
          "description": "Path parameters",
          "additionalProperties": false
        },
        "query": {
          "type": "object",
          "required": [],
          "properties": {
            "sendUpdates": {
              "enum": ["all", "externalOnly", "none"],
              "type": "string",
              "default": "none",
              "description": "Controls notifications for event updates."
            },
            "maxAttendees": {
              "type": "integer",
              "description": "Maximum number of attendees to include in the response."
            },
            "supportsAttachments": {
              "type": "boolean",
              "default": false,
              "description": "Whether the API client supports event attachments."
            },
            "conferenceDataVersion": {
              "type": "integer",
              "default": 0,
              "maximum": 1,
              "minimum": 0,
              "description": "Version number of conference data supported by the API client."
            }
          },
          "description": "Query parameters",
          "additionalProperties": false
        }
      },
      "additionalProperties": false
    }
  },
  {
    "name": "GOOGLE_CALENDAR__EVENTS_DELETE",
    "description": "Deletes an event from the specified calendar",
    "tags": [],
    "tool_metadata": {
      "canonical_tool_name": "EVENTS_DELETE",
      "canonical_tool_description_hash": "6cbf695aa30be5da1ee64cd421bf87e2214c356ca874466cc2bb82ea893f93a6",
      "canonical_tool_input_schema_hash": "21c15af1bc4787165cb5018cf711d09e871a14f9e10ab35c439847a6ebe27626"
    },
    "input_schema": {
      "type": "object",
      "required": ["path"],
      "properties": {
        "path": {
          "type": "object",
          "required": ["calendarId", "eventId"],
          "properties": {
            "eventId": {
              "type": "string",
              "description": "Event identifier."
            },
            "calendarId": {
              "type": "string",
              "description": "Calendar identifier. Use 'primary' for the primary calendar."
            }
          },
          "description": "Path parameters",
          "additionalProperties": false
        },
        "query": {
          "type": "object",
          "required": [],
          "properties": {
            "sendUpdates": {
              "enum": ["all", "externalOnly", "none"],
              "type": "string",
              "default": "none",
              "description": "Controls notifications for event deletion."
            }
          },
          "description": "Query parameters",
          "additionalProperties": false
        }
      },
      "additionalProperties": false
    }
  }
]
