{
  "name": "BAIDU_MAP",
  "url": "https://mcp.aci.dev/virtual/mcp?server_name=BAIDU_MAP",
  "transport_type": "streamable_http",
  "description": "Baidu Map API is a set of map-based application interfaces for developers, providing services such as location search, geocoding, route planning, and real-time traffic conditions.",
  "logo": "https://raw.githubusercontent.com/aipotheosis-labs/aipolabs-icons/refs/heads/main/apps/baidu_map.svg",
  "categories": ["Location"],
  "auth_configs": [
    {
      "type": "api_key",
      "location": "query",
      "name": "ak"
    }
  ],
  "server_metadata": {
    "is_virtual_mcp_server": true
  }
}
