[
  {
    "name": "BAIDU_MAP__DRIVING_DIRECTIONS",
    "description": "Driving route planning service",
    "tags": [],
    "tool_metadata": {
      "canonical_tool_name": "DRIVING_DIRECTIONS",
      "canonical_tool_description_hash": "bca971dd301c0660721011a99899db5631e25511bea3d385970b708f9786be57",
      "canonical_tool_input_schema_hash": "f3dc7adb714a5047a42bad47bb7e06f16ecddac83f4a8758d2d62716b9974902"
    },
    "input_schema": {
      "type": "object",
      "required": ["query"],
      "properties": {
        "query": {
          "type": "object",
          "required": ["origin", "destination"],
          "properties": {
            "speed": {
              "type": "string",
              "description": "Travel speed at starting point (meters/second)"
            },
            "origin": {
              "type": "string",
              "description": "Starting coordinates in format: latitude,longitude"
            },
            "output": {
              "enum": ["json", "xml"],
              "type": "string",
              "default": "json",
              "description": "Output format"
            },
            "radius": {
              "type": "string",
              "description": "Positioning accuracy at starting point (0-2000)"
            },
            "cartype": {
              "type": "string",
              "default": "0",
              "description": "Vehicle type: 0-regular car, 1-electric car, etc."
            },
            "tactics": {
              "enum": ["0", "2", "3", "4", "5", "6", "7", "8", "9", "10", "11", "12", "13"],
              "type": "string",
              "default": "0",
              "description": "Driving strategy: 0-default, 2-shortest distance, 3-avoid highways, 4-highway preferred, 5-avoid congestion, etc."
            },
            "walkinfo": {
              "enum": ["0", "1"],
              "type": "string",
              "default": "0",
              "description": "Whether to include walking directions at starting/ending points: 0-no, 1-yes"
            },
            "timestamp": {
              "type": "integer",
              "description": "Timestamp, used with SN for authentication"
            },
            "waypoints": {
              "type": "string",
              "description": "Waypoints, up to 16 points, multiple points separated by '|' in format: latitude,longitude|latitude,longitude"
            },
            "coord_type": {
              "enum": ["bd09ll", "bd09mc", "gcj02", "wgs84"],
              "type": "string",
              "default": "bd09ll",
              "description": "Coordinate type"
            },
            "origin_uid": {
              "type": "string",
              "description": "POI UID of starting point for higher accuracy"
            },
            "steps_info": {
              "enum": ["0", "1"],
              "type": "string",
              "default": "0",
              "description": "Whether to include detailed step information: 0-no, 1-yes"
            },
            "destination": {
              "type": "string",
              "description": "Destination coordinates in format: latitude,longitude"
            },
            "alternatives": {
              "enum": ["0", "1"],
              "type": "string",
              "default": "0",
              "description": "Whether to return alternative routes: 0-return one recommended route, 1-return up to 3 alternative routes"
            },
            "plate_number": {
              "type": "string",
              "description": "License plate number for traffic restriction check"
            },
            "gps_direction": {
              "type": "string",
              "description": "Direction of travel at starting point (0-359 degrees)"
            },
            "ret_coordtype": {
              "enum": ["bd09ll", "gcj02"],
              "type": "string",
              "default": "bd09ll",
              "description": "Return result coordinate type"
            },
            "destination_uid": {
              "type": "string",
              "description": "POI UID of destination point for higher accuracy"
            }
          },
          "description": "Query parameters",
          "additionalProperties": false
        }
      },
      "additionalProperties": false
    }
  },
  {
    "name": "BAIDU_MAP__RIDING_DIRECTIONS",
    "description": "Cycling route planning service",
    "tags": [],
    "tool_metadata": {
      "canonical_tool_name": "RIDING_DIRECTIONS",
      "canonical_tool_description_hash": "93b617f85c94d970f9a569e883f10e6bb828f23dffd4223fed5562ef33b320f2",
      "canonical_tool_input_schema_hash": "54f7d47bda61dac904770dd31b331b804be475eb9e0cf2de0a93e4a3e0c109ea"
    },
    "input_schema": {
      "type": "object",
      "required": ["query"],
      "properties": {
        "query": {
          "type": "object",
          "required": ["origin", "destination"],
          "properties": {
            "origin": {
              "type": "string",
              "comment": "Starting coordinates in format: latitude,longitude; decimal places should not exceed 6, e.g. 40.056878,116.30815",
              "description": "Starting coordinates in format: latitude,longitude"
            },
            "output": {
              "enum": ["json", "xml"],
              "type": "string",
              "default": "json",
              "description": "Output format"
            },
            "timestamp": {
              "type": "integer",
              "comment": "Required when SN is present",
              "description": "Timestamp, used with SN for authentication"
            },
            "coord_type": {
              "enum": ["bd09ll", "bd09mc", "gcj02", "wgs84"],
              "type": "string",
              "default": "bd09ll",
              "description": "Coordinate type"
            },
            "origin_uid": {
              "type": "string",
              "description": "POI UID of starting point for higher accuracy"
            },
            "destination": {
              "type": "string",
              "comment": "Destination coordinates in format: latitude,longitude; decimal places should not exceed 6, e.g. 40.056878,116.30815",
              "description": "Destination coordinates in format: latitude,longitude"
            },
            "riding_type": {
              "enum": ["0", "1"],
              "type": "string",
              "default": "0",
              "description": "Cycling type: 0-regular bike, 1-electric bike"
            },
            "road_prefer": {
              "enum": ["0", "3"],
              "type": "string",
              "default": "0",
              "description": "Route preference: 0-default route, 3-route without highways and toll roads"
            },
            "ret_coordtype": {
              "enum": ["bd09ll", "gcj02"],
              "type": "string",
              "default": "bd09ll",
              "description": "Return result coordinate type"
            },
            "destination_uid": {
              "type": "string",
              "description": "POI UID of destination point for higher accuracy"
            }
          },
          "description": "Query parameters",
          "additionalProperties": false
        }
      },
      "additionalProperties": false
    }
  },
  {
    "name": "BAIDU_MAP__WALKING_DIRECTIONS",
    "description": "Walking route planning service",
    "tags": [],
    "tool_metadata": {
      "canonical_tool_name": "WALKING_DIRECTIONS",
      "canonical_tool_description_hash": "d695dbaa8dd754f19efc945390fee3a737c3725f608d1c6f202c727f3733694a",
      "canonical_tool_input_schema_hash": "7e5ad6e95947f869519033d6eedaa5bae1398358ed8f66fa78a519f2ce934a62"
    },
    "input_schema": {
      "type": "object",
      "required": ["query"],
      "properties": {
        "query": {
          "type": "object",
          "required": ["origin", "destination"],
          "properties": {
            "origin": {
              "type": "string",
              "description": "Starting coordinates in format: latitude,longitude"
            },
            "output": {
              "enum": ["json", "xml"],
              "type": "string",
              "default": "json",
              "description": "Output format"
            },
            "timestamp": {
              "type": "integer",
              "description": "Timestamp, used with SN for authentication"
            },
            "coord_type": {
              "enum": ["bd09ll", "bd09mc", "gcj02", "wgs84"],
              "type": "string",
              "default": "bd09ll",
              "description": "Coordinate type"
            },
            "origin_uid": {
              "type": "string",
              "description": "POI UID of starting point for higher accuracy"
            },
            "steps_info": {
              "enum": ["0", "1"],
              "type": "string",
              "default": "0",
              "description": "Whether to include detailed step information: 0-no, 1-yes"
            },
            "destination": {
              "type": "string",
              "description": "Destination coordinates in format: latitude,longitude"
            },
            "ret_coordtype": {
              "enum": ["bd09ll", "gcj02"],
              "type": "string",
              "default": "bd09ll",
              "description": "Return result coordinate type"
            },
            "destination_uid": {
              "type": "string",
              "description": "POI UID of destination point for higher accuracy"
            }
          },
          "description": "Query parameters",
          "additionalProperties": false
        }
      },
      "additionalProperties": false
    }
  },
  {
    "name": "BAIDU_MAP__TRANSIT_DIRECTIONS",
    "description": "Public transit route planning service",
    "tags": [],
    "tool_metadata": {
      "canonical_tool_name": "TRANSIT_DIRECTIONS",
      "canonical_tool_description_hash": "4fac0b8fe4fad0d8f2ec04fc14700502bd72c7a48b12bd0d6e4c85918dbdcb6f",
      "canonical_tool_input_schema_hash": "9df9fff9e9967265fed6ca0fb9c95efe940a3413209eff5f7f8a4ae697065b93"
    },
    "input_schema": {
      "type": "object",
      "required": ["query"],
      "properties": {
        "query": {
          "type": "object",
          "required": ["origin", "destination"],
          "properties": {
            "origin": {
              "type": "string",
              "description": "Starting coordinates in format: latitude,longitude"
            },
            "output": {
              "enum": ["json", "xml"],
              "type": "string",
              "default": "json",
              "description": "Output format"
            },
            "callback": {
              "type": "string",
              "description": "Callback function name, only valid when output=json"
            },
            "page_size": {
              "type": "string",
              "default": "10",
              "description": "Number of routes per page"
            },
            "timestamp": {
              "type": "integer",
              "description": "Timestamp, used with SN for authentication"
            },
            "coord_type": {
              "enum": ["bd09ll", "bd09mc", "gcj02", "wgs84"],
              "type": "string",
              "default": "bd09ll",
              "description": "Coordinate type"
            },
            "origin_uid": {
              "type": "string",
              "description": "POI UID of starting point for higher accuracy"
            },
            "page_index": {
              "type": "string",
              "default": "1",
              "description": "Page number"
            },
            "steps_info": {
              "enum": ["0", "1"],
              "type": "string",
              "default": "0",
              "description": "Whether to include detailed step information: 0-no, 1-yes"
            },
            "destination": {
              "type": "string",
              "description": "Destination coordinates in format: latitude,longitude"
            },
            "ret_coordtype": {
              "enum": ["bd09ll", "gcj02"],
              "type": "string",
              "default": "bd09ll",
              "description": "Return result coordinate type"
            },
            "departure_date": {
              "type": "string",
              "description": "Departure date"
            },
            "departure_time": {
              "type": "string",
              "description": "Departure time range, format: 'hh:mm-hh:mm' or 'hh:mm'"
            },
            "tactics_incity": {
              "enum": ["0", "1", "2", "3", "4", "5"],
              "type": "string",
              "default": "0",
              "description": "Strategy for intra-city public transit"
            },
            "destination_uid": {
              "type": "string",
              "description": "POI UID of destination point for higher accuracy"
            },
            "tactics_intercity": {
              "enum": ["0", "1", "2"],
              "type": "string",
              "default": "0",
              "description": "Strategy for inter-city public transit"
            },
            "trans_type_intercity": {
              "enum": ["0", "1", "2"],
              "type": "string",
              "default": "0",
              "description": "Inter-city transport mode strategy"
            }
          },
          "description": "Query parameters",
          "additionalProperties": false
        }
      },
      "additionalProperties": false
    }
  },
  {
    "name": "BAIDU_MAP__ROUTE_MATRIX",
    "description": "Route matrix service for calculating distance and duration between multiple origins and destinations",
    "tags": [],
    "tool_metadata": {
      "canonical_tool_name": "ROUTE_MATRIX",
      "canonical_tool_description_hash": "d5d0018b83d4dcd4902394be314dc75b13ee46e77560b22c8c264a336bb2f0d7",
      "canonical_tool_input_schema_hash": "d4a52ea5b49168e06cf5ec548d553f7993477a021c5e7d09c9b24557f53acc53"
    },
    "input_schema": {
      "type": "object",
      "required": ["query"],
      "properties": {
        "query": {
          "type": "object",
          "required": ["origins", "destinations"],
          "properties": {
            "output": {
              "enum": ["json", "xml"],
              "type": "string",
              "default": "json",
              "description": "Output format"
            },
            "origins": {
              "type": "string",
              "description": "Starting coordinates, multiple points separated by '|' in format: latitude,longitude|latitude,longitude"
            },
            "tactics": {
              "enum": ["10", "11", "12", "13"],
              "type": "string",
              "default": "13",
              "description": "Route planning preferences: 10-least time(default), a11-shortest distance, 12-avoid traffic jams, 13-shortest distance without traffic info"
            },
            "timestamp": {
              "type": "integer",
              "description": "Timestamp, used with SN for authentication, not required here"
            },
            "coord_type": {
              "enum": ["bd09ll", "bd09mc", "gcj02", "wgs84"],
              "type": "string",
              "default": "bd09ll",
              "description": "Coordinate type"
            },
            "riding_type": {
              "enum": ["0", "1"],
              "type": "string",
              "default": "0",
              "description": "Cycling type: 0-regular bike, 1-electric bike"
            },
            "destinations": {
              "type": "string",
              "description": "Destination\u00b7 coordinates, multiple points separated by '|' in format: latitude,longitude|latitude,longitude"
            },
            "ret_straight_dist": {
              "enum": ["0", "1"],
              "type": "string",
              "default": "0",
              "description": "Whether to return straight line distance: 0-return route distance, 1-return straight line distance"
            }
          },
          "description": "Query parameters",
          "additionalProperties": false
        }
      },
      "additionalProperties": false
    }
  }
]
