[
  {
    "name": "FEISHU__SEND_MESSAGE",
    "description": "Send a message to a Feishu user or chat using their open_id.",
    "tool_metadata": {
      "type": "rest",
      "method": "POST",
      "endpoint": "https://open.feishu.cn/open-apis/im/v1/messages"
    },
    "input_schema": {
      "type": "object",
      "properties": {
        "header": {
          "type": "object",
          "description": "Headers for the http request",
          "properties": {
            "Content-Type": {
              "type": "string",
              "description": "Content-Type header",
              "default": "application/json"
            }
          },
          "additionalProperties": false,
          "required": [
            "Content-Type"
          ],
          "visible": []
        },
        "query": {
          "type": "object",
          "description": "Query parameters for the request",
          "properties": {
            "receive_id_type": {
              "type": "string",
              "description": "Type of the receive_id, e.g., 'open_id', 'user_id', 'union_id', 'email', or 'chat_id'",
              "enum": [
                "open_id",
                "user_id",
                "union_id",
                "email",
                "chat_id"
              ],
              "default": "open_id"
            }
          },
          "required": [
            "receive_id_type"
          ],
          "additionalProperties": false,
          "visible": [
            "receive_id_type"
          ]
        },
        "body": {
          "type": "object",
          "description": "Body parameters for the message request",
          "properties": {
            "receive_id": {
              "type": "string",
              "description": "ID of the message receiver"
            },
            "msg_type": {
              "type": "string",
              "description": "Type of the message",
              "enum": [
                "text",
                "post",
                "image",
                "file",
                "audio",
                "media",
                "sticker",
                "interactive"
              ],
              "default": "text"
            },
            "content": {
              "type": "string",
              "description": "JSON string of the message content. For text messages, use format: {\"text\":\"your message\"}"
            },
            "uuid": {
              "type": "string",
              "description": "Optional unique identifier for the message"
            }
          },
          "required": [
            "receive_id",
            "msg_type",
            "content"
          ],
          "visible": [
            "receive_id",
            "msg_type",
            "content",
            "uuid"
          ],
          "additionalProperties": false
        }
      },
      "additionalProperties": false,
      "required": [
        "header",
        "body"
      ],
      "visible": [
        "query",
        "body"
      ]
    }
  },
  {
    "name": "FEISHU__REPLY_MESSAGE",
    "description": "Reply to a specific message in Feishu",
    "tool_metadata": {
      "type": "rest",
      "method": "POST",
      "endpoint": "https://open.feishu.cn/open-apis/im/v1/messages/{message_id}/reply"
    },
    "input_schema": {
      "type": "object",
      "properties": {
        "header": {
          "type": "object",
          "description": "Headers for the HTTP request",
          "properties": {
            "Content-Type": {
              "type": "string",
              "description": "Content-Type header",
              "default": "application/json; charset=utf-8"
            }
          },
          "additionalProperties": false,
          "required": [
            "Content-Type"
          ],
          "visible": []
        },
        "path": {
          "type": "object",
          "description": "Path parameters",
          "properties": {
            "message_id": {
              "type": "string",
              "description": "ID of the message to reply to",
              "example": "om_dc13264520392913993dd051dba21dcf"
            }
          },
          "required": [
            "message_id"
          ],
          "visible": [
            "message_id"
          ],
          "additionalProperties": false
        },
        "body": {
          "type": "object",
          "description": "Message reply parameters",
          "properties": {
            "content": {
              "type": "string",
              "description": "Message content in JSON format. The value should correspond to msg_type. For example, if msg_type is 'text', this should be a text content in JSON format.",
              "example": "{\"text\":\"test content\"}"
            },
            "msg_type": {
              "type": "string",
              "description": "Type of the message. Options: text, post, image, file, audio, media, sticker, interactive, share_chat, share_user",
              "example": "text"
            },
            "reply_in_thread": {
              "type": "boolean",
              "description": "Whether to reply in thread format",
              "default": false
            },
            "uuid": {
              "type": "string",
              "description": "Custom unique string for deduplication. Requests with the same uuid will only successfully reply one message within 1 hour.",
              "example": "a0d69e20-1dd1-458b-k525-dfeca4015204"
            }
          },
          "required": [
            "content",
            "msg_type"
          ],
          "visible": [
            "content",
            "msg_type",
            "reply_in_thread",
            "uuid"
          ],
          "additionalProperties": false
        }
      },
      "required": [
        "header",
        "body",
        "path"
      ],
      "visible": [
        "body",
        "path"
      ],
      "additionalProperties": false
    }
  },
  {
    "name": "FEISHU__EDIT_MESSAGE",
    "description": "Edit an existing message in Feishu",
    "tool_metadata": {
      "type": "rest",
      "method": "PUT",
      "endpoint": "https://open.feishu.cn/open-apis/im/v1/messages/{message_id}"
    },
    "input_schema": {
      "type": "object",
      "properties": {
        "header": {
          "type": "object",
          "description": "Headers for the http request",
          "properties": {
            "Content-Type": {
              "type": "string",
              "description": "Content type header",
              "default": "application/json; charset=utf-8"
            }
          },
          "required": [
            "Content-Type"
          ],
          "visible": [],
          "additionalProperties": false
        },
        "path": {
          "type": "object",
          "description": "Path parameters for the request",
          "properties": {
            "message_id": {
              "type": "string",
              "description": "ID of the message to edit"
            }
          },
          "required": [
            "message_id"
          ],
          "visible": [
            "message_id"
          ],
          "additionalProperties": false
        },
        "body": {
          "type": "object",
          "description": "Body parameters for the edit request",
          "properties": {
            "msg_type": {
              "type": "string",
              "description": "Type of the message",
              "enum": [
                "text",
                "post"
              ],
              "default": "text"
            },
            "content": {
              "type": "string",
              "description": "JSON string of the message content. For text messages, use format: {\"text\":\"your message\"}"
            }
          },
          "required": [
            "msg_type",
            "content"
          ],
          "visible": [
            "msg_type",
            "content"
          ],
          "additionalProperties": false
        }
      },
      "additionalProperties": false,
      "required": [
        "header",
        "path",
        "body"
      ],
      "visible": [
        "path",
        "body"
      ]
    }
  },
  {
    "name": "FEISHU__FORWARD_MESSAGE",
    "description": "Forward a message to another user or chat in Feishu",
    "tool_metadata": {
      "type": "rest",
      "method": "POST",
      "endpoint": "https://open.feishu.cn/open-apis/im/v1/messages/{message_id}/forward"
    },
    "input_schema": {
      "type": "object",
      "properties": {
        "header": {
          "type": "object",
          "description": "Headers for the http request",
          "properties": {
            "Content-Type": {
              "type": "string",
              "description": "Content type header",
              "default": "application/json; charset=utf-8"
            }
          },
          "additionalProperties": false,
          "required": [
            "Content-Type"
          ],
          "visible": []
        },
        "path": {
          "type": "object",
          "description": "Path parameters for the request",
          "properties": {
            "message_id": {
              "type": "string",
              "description": "ID of the message to forward. Can be obtained from: 1) Response of send message API, 2) Message event, 3) Get chat history API",
              "example": "om_dc13264520392913993dd051dba21dcf"
            }
          },
          "required": [
            "message_id"
          ],
          "visible": [
            "message_id"
          ],
          "additionalProperties": false
        },
        "query": {
          "type": "object",
          "description": "Query parameters for the request",
          "properties": {
            "receive_id_type": {
              "type": "string",
              "description": "Type of the receive_id. Options: open_id, user_id, union_id, email, chat_id, thread_id",
              "enum": [
                "open_id",
                "user_id",
                "union_id",
                "email",
                "chat_id",
                "thread_id"
              ],
              "default": "open_id",
              "example": "open_id"
            },
            "uuid": {
              "type": "string",
              "description": "Custom unique string for deduplication. Requests with the same uuid will only successfully forward one message within 1 hour",
              "maxLength": 50,
              "example": "b13g2t38-1jd2-458b-8djf-dtbca5104204"
            }
          },
          "required": [
            "receive_id_type"
          ],
          "visible": [
            "receive_id_type",
            "uuid"
          ],
          "additionalProperties": false
        },
        "body": {
          "type": "object",
          "description": "Body parameters for the forward request",
          "properties": {
            "receive_id": {
              "type": "string",
              "description": "ID of the message receiver, must match the type specified in receive_id_type",
              "example": "ou_a0553eda9014c201e6969b478895c230"
            }
          },
          "required": [
            "receive_id"
          ],
          "visible": [
            "receive_id"
          ],
          "additionalProperties": false
        }
      },
      "additionalProperties": false,
      "required": [
        "header",
        "path",
        "query",
        "body"
      ],
      "visible": [
        "path",
        "query",
        "body"
      ]
    }
  },
  {
    "name": "FEISHU__MERGE_FORWARD_MESSAGE",
    "description": "Merge and forward multiple messages to another user or chat in Feishu",
    "tool_metadata": {
      "type": "rest",
      "method": "POST",
      "endpoint": "https://open.feishu.cn/open-apis/im/v1/messages/merge_forward"
    },
    "input_schema": {
      "type": "object",
      "properties": {
        "header": {
          "type": "object",
          "description": "Headers for the http request",
          "properties": {
            "Content-Type": {
              "type": "string",
              "description": "Content type header",
              "default": "application/json; charset=utf-8"
            }
          },
          "additionalProperties": false,
          "required": [
            "Content-Type"
          ],
          "visible": []
        },
        "query": {
          "type": "object",
          "description": "Query parameters for the request",
          "properties": {
            "receive_id_type": {
              "type": "string",
              "description": "Type of the receive_id. Options: open_id, user_id, union_id, email, chat_id, thread_id",
              "enum": [
                "open_id",
                "user_id",
                "union_id",
                "email",
                "chat_id",
                "thread_id"
              ],
              "default": "open_id",
              "example": "open_id"
            },
            "uuid": {
              "type": "string",
              "description": "Custom unique string for deduplication. Requests with the same uuid will only successfully merge forward one message within 1 hour",
              "maxLength": 50,
              "example": "b13g2t38-1jd2-458b-8djf-dtbca5104204"
            }
          },
          "required": [
            "receive_id_type"
          ],
          "visible": [
            "receive_id_type",
            "uuid"
          ],
          "additionalProperties": false
        },
        "body": {
          "type": "object",
          "description": "Body parameters for the merge forward request",
          "properties": {
            "receive_id": {
              "type": "string",
              "description": "ID of the message receiver, must match the type specified in receive_id_type",
              "example": "oc_a0553eda9014c201e6969b478895c230"
            },
            "message_id_list": {
              "type": "array",
              "description": "List of message IDs to forward. All messages must be from the same chat. IDs can be obtained from: 1) Response of send message API, 2) Message event, 3) Get chat history API",
              "items": {
                "type": "string"
              },
              "minItems": 1,
              "maxItems": 100,
              "example": [
                "om_dc13264520392913993dd051dba21dcf"
              ]
            }
          },
          "required": [
            "receive_id",
            "message_id_list"
          ],
          "visible": [
            "receive_id",
            "message_id_list"
          ],
          "additionalProperties": false
        }
      },
      "additionalProperties": false,
      "required": [
        "header",
        "query",
        "body"
      ],
      "visible": [
        "query",
        "body"
      ]
    }
  }
]
