[
  {
    "name": "ULTRA_MSG__SEND_CHAT_MESSAGE",
    "description": "Sends a text message to a phone number or group via UltraMsg WhatsApp API. The message body supports UTF-8 or UTF-16 encoding with emojis. Maximum length is 4096 characters.",
    "tool_metadata": {
      "type": "rest",
      "method": "POST",
      "endpoint": "https://api.ultramsg.com/{instance_id}/messages/chat"
    },
    "input_schema": {
      "type": "object",
      "properties": {
        "path": {
          "type": "object",
          "description": "Path parameters",
          "properties": {
            "instance_id": {
              "type": "string",
              "description": "The ID of the UltraMsg instance."
            }
          },
          "required": [
            "instance_id"
          ],
          "visible": [
            "instance_id"
          ],
          "additionalProperties": false
        },
        "body": {
          "type": "object",
          "description": "Request body parameters",
          "properties": {
            "to": {
              "type": "string",
              "description": "Recipient's phone number in international format (e.g., +14155552671) or chat ID for contact or group (e.g., [email\u00a0protected] or [email\u00a0protected])."
            },
            "body": {
              "type": "string",
              "description": "The text message content. Supports UTF-8 or UTF-16 encoding with emojis. Maximum length is 4096 characters."
            }
          },
          "required": [
            "to",
            "body"
          ],
          "visible": [
            "to",
            "body"
          ],
          "additionalProperties": false
        }
      },
      "required": [
        "path",
        "body"
      ],
      "visible": [
        "path",
        "body"
      ],
      "additionalProperties": false
    }
  },
  {
    "name": "ULTRA_MSG__GET_MESSAGES_BY_STATUS",
    "description": "Retrieves a list of messages for a given UltraMsg instance, filtered by message status such as 'sent', 'unsent', 'queue', 'invalid', or 'all'.",
    "tool_metadata": {
      "type": "rest",
      "method": "GET",
      "endpoint": "https://api.ultramsg.com/{instance_id}/messages"
    },
    "input_schema": {
      "type": "object",
      "properties": {
        "path": {
          "type": "object",
          "description": "Path parameters",
          "properties": {
            "instance_id": {
              "type": "string",
              "description": "The ID of the UltraMsg instance."
            }
          },
          "required": [
            "instance_id"
          ],
          "visible": [
            "instance_id"
          ],
          "additionalProperties": false
        },
        "query": {
          "type": "object",
          "description": "Query parameters for filtering and pagination",
          "properties": {
            "status": {
              "type": "string",
              "description": "Filter messages by status. Valid values: 'sent', 'queue', 'unsent', 'invalid', or 'all'."
            },
            "page": {
              "type": "integer",
              "description": "Page number for pagination."
            },
            "limit": {
              "type": "integer",
              "description": "Number of results per page (max 100)."
            },
            "sort": {
              "type": "string",
              "description": "Sort order of the results. 'asc' for ascending, 'desc' for descending."
            }
          },
          "required": [],
          "visible": [
            "status",
            "page",
            "limit",
            "sort"
          ],
          "additionalProperties": false
        }
      },
      "required": [
        "path"
      ],
      "visible": [
        "path",
        "query"
      ],
      "additionalProperties": false
    }
  },
  {
    "name": "ULTRA_MSG__GET_CONTACTS",
    "description": "Retrieves the list of contacts associated with the specified UltraMsg instance.",
    "tool_metadata": {
      "type": "rest",
      "method": "GET",
      "endpoint": "https://api.ultramsg.com/{instance_id}/contacts"
    },
    "input_schema": {
      "type": "object",
      "properties": {
        "path": {
          "type": "object",
          "description": "Path parameters",
          "properties": {
            "instance_id": {
              "type": "string",
              "description": "The ID of the UltraMsg instance."
            }
          },
          "required": [
            "instance_id"
          ],
          "visible": [
            "instance_id"
          ],
          "additionalProperties": false
        }
      },
      "required": [
        "path"
      ],
      "visible": [
        "path"
      ],
      "additionalProperties": false
    }
  },
  {
    "name": "ULTRA_MSG__GET_ALL_GROUPS",
    "description": "Retrieves all WhatsApp groups associated with the UltraMsg instance, including group ID, name, description, and participants.",
    "tool_metadata": {
      "type": "rest",
      "method": "GET",
      "endpoint": "https://api.ultramsg.com/{instance_id}/groups"
    },
    "input_schema": {
      "type": "object",
      "properties": {
        "path": {
          "type": "object",
          "description": "Path parameters",
          "properties": {
            "instance_id": {
              "type": "string",
              "description": "The ID of the UltraMsg instance."
            }
          },
          "required": [
            "instance_id"
          ],
          "visible": [
            "instance_id"
          ],
          "additionalProperties": false
        }
      },
      "required": [
        "path"
      ],
      "visible": [
        "path"
      ],
      "additionalProperties": false
    }
  },
  {
    "name": "ULTRA_MSG__GET_GROUP_IDS",
    "description": "Retrieves a list of all WhatsApp group IDs associated with the specified UltraMsg instance.",
    "tool_metadata": {
      "type": "rest",
      "method": "GET",
      "endpoint": "https://api.ultramsg.com/{instance_id}/groups/ids"
    },
    "input_schema": {
      "type": "object",
      "properties": {
        "path": {
          "type": "object",
          "description": "Path parameters",
          "properties": {
            "instance_id": {
              "type": "string",
              "description": "The ID of the UltraMsg instance."
            }
          },
          "required": [
            "instance_id"
          ],
          "visible": [
            "instance_id"
          ],
          "additionalProperties": false
        }
      },
      "required": [
        "path"
      ],
      "visible": [
        "path"
      ],
      "additionalProperties": false
    }
  }
]
