[
  {
    "name": "GOOGLE_ANALYTICS_ADMIN__ACCOUNTS_LIST",
    "description": "Lists all accounts available to the current user",
    "tags": [],
    "tool_metadata": {
      "canonical_tool_name": "ACCOUNTS_LIST",
      "canonical_tool_description_hash": "e605bb7a6dda60e2fa01929655c60c6f0dd6d07c85cbbda24aa2a7f55f7b5b39",
      "canonical_tool_input_schema_hash": "aa5fc970cef53e6b1d6cf9c9e82830dc6e1ec3d8e9eb69b00b99034651b58fa6"
    },
    "input_schema": {
      "type": "object",
      "required": [],
      "properties": {
        "query": {
          "type": "object",
          "required": [],
          "properties": {
            "pageSize": {
              "type": "integer",
              "default": 50,
              "description": "Maximum number of accounts to return"
            },
            "pageToken": {
              "type": "string",
              "description": "Token for next page of results"
            },
            "showDeleted": {
              "type": "boolean",
              "default": false,
              "description": "Whether to include deleted accounts"
            }
          },
          "additionalProperties": false
        }
      },
      "additionalProperties": false
    }
  },
  {
    "name": "GOOGLE_ANALYTICS_ADMIN__PROPERTIES_LIST",
    "description": "Lists properties under the specified account",
    "tags": [],
    "tool_metadata": {
      "canonical_tool_name": "PROPERTIES_LIST",
      "canonical_tool_description_hash": "b07835233c3dfe19efcc5a0f60b204fa99bdaaee1fdcc7633ddd31da217682ce",
      "canonical_tool_input_schema_hash": "5fffbacd0476da72d31590a96b67f319b1107454f3f657cc0ee7d8278eab6542"
    },
    "input_schema": {
      "type": "object",
      "required": [],
      "properties": {
        "query": {
          "type": "object",
          "required": ["filter"],
          "properties": {
            "filter": {
              "type": "string",
              "description": "Filter expression to filter properties"
            },
            "pageSize": {
              "type": "integer",
              "default": 50,
              "description": "Maximum number of properties to return"
            },
            "pageToken": {
              "type": "string",
              "description": "Token for next page of results"
            },
            "showDeleted": {
              "type": "boolean",
              "default": false,
              "description": "Whether to include deleted properties"
            }
          },
          "additionalProperties": false
        }
      },
      "additionalProperties": false
    }
  },
  {
    "name": "GOOGLE_ANALYTICS_ADMIN__DATA_STREAMS_LIST",
    "description": "Lists data streams under the specified property",
    "tags": [],
    "tool_metadata": {
      "canonical_tool_name": "DATA_STREAMS_LIST",
      "canonical_tool_description_hash": "15fb88ed0f7f6d1e5596f230bce479fe7f2d001a5ed98a6b376da96d0c28f0b5",
      "canonical_tool_input_schema_hash": "a058f542dd4e5ab416eb102f1f3425cebdb181e533307f746972dbb17fa60827"
    },
    "input_schema": {
      "type": "object",
      "required": ["path"],
      "properties": {
        "path": {
          "type": "object",
          "required": ["parent"],
          "properties": {
            "parent": {
              "type": "string",
              "description": "Parent resource name (format: properties/1234)"
            }
          },
          "additionalProperties": false
        },
        "query": {
          "type": "object",
          "required": [],
          "properties": {
            "pageSize": {
              "type": "integer",
              "default": 50,
              "description": "Maximum number of data streams to return"
            },
            "pageToken": {
              "type": "string",
              "description": "Token for next page of results"
            }
          },
          "additionalProperties": false
        }
      },
      "additionalProperties": false
    }
  },
  {
    "name": "GOOGLE_ANALYTICS_ADMIN__CUSTOM_DIMENSIONS_CREATE",
    "description": "Creates a custom dimension for the specified property",
    "tags": [],
    "tool_metadata": {
      "canonical_tool_name": "CUSTOM_DIMENSIONS_CREATE",
      "canonical_tool_description_hash": "5e36dfcf0e928fe9c7f21eded0238db108e6c91541fe50d58bb18d2f7311266c",
      "canonical_tool_input_schema_hash": "4547901d6fe6e2aa5c6ac6bc01f766bd6978f550290f8066605439da97623dd0"
    },
    "input_schema": {
      "type": "object",
      "required": ["path", "body"],
      "properties": {
        "body": {
          "type": "object",
          "required": ["parameterName", "displayName", "scope"],
          "properties": {
            "scope": {
              "enum": ["DIMENSION_SCOPE_UNSPECIFIED", "EVENT", "USER", "ITEM"],
              "type": "string",
              "description": "Required. Immutable. The scope of this dimension."
            },
            "description": {
              "type": "string",
              "description": "Optional. Description for this custom dimension. Maximum length of 150 characters."
            },
            "displayName": {
              "type": "string",
              "description": "Required. Display name for this custom dimension as shown in the Google Analytics UI. Maximum length of 82 characters, including alphanumeric, spaces, and underscores (must start with a letter). System-generated old display names may contain square brackets, but updates to this field will not allow square brackets."
            },
            "parameterName": {
              "type": "string",
              "description": "Required. Immutable. The parameter name for this custom dimension. For user-level scope, this is the user property name. For event-level scope, this is the event parameter name. For item-level scope, this is the parameter name found in the 'ecommerce items' array. Can only contain alphanumeric characters and underscores (must start with a letter). Maximum length of 24 characters for user-level scope, 40 characters for event-level scope."
            },
            "disallowAdsPersonalization": {
              "type": "boolean",
              "description": "Optional. If set to true, sets this dimension as NPA and avoids it being used for ads personalization. Currently only supported for user-level scope custom dimensions."
            }
          },
          "additionalProperties": false
        },
        "path": {
          "type": "object",
          "required": ["parent"],
          "properties": {
            "parent": {
              "type": "string",
              "description": "Parent resource name (format: properties/1234)"
            }
          },
          "additionalProperties": false
        }
      },
      "additionalProperties": false
    }
  },
  {
    "name": "GOOGLE_ANALYTICS_ADMIN__GOOGLE_ADS_LINKS_LIST",
    "description": "Lists Google Ads links under the specified property",
    "tags": [],
    "tool_metadata": {
      "canonical_tool_name": "GOOGLE_ADS_LINKS_LIST",
      "canonical_tool_description_hash": "025db0ff48e4566b886de8276ed5d1c54950188479b778dfd449c7f341ce28b2",
      "canonical_tool_input_schema_hash": "f6fea7efb11a5661a7c7244813a3c7a08c6ff92e0fa4edc3fdb8aedf95e12d16"
    },
    "input_schema": {
      "type": "object",
      "required": ["path"],
      "properties": {
        "path": {
          "type": "object",
          "required": ["parent"],
          "properties": {
            "parent": {
              "type": "string",
              "example": "property/485415204",
              "description": "Required. Parent property name (format: properties/1234)"
            }
          },
          "additionalProperties": false
        },
        "query": {
          "type": "object",
          "required": [],
          "properties": {
            "pageSize": {
              "type": "integer",
              "default": 50,
              "description": "Maximum number of resources to return (max 200, values above will be coerced to max)"
            },
            "pageToken": {
              "type": "string",
              "description": "Pagination token from previous response"
            }
          },
          "additionalProperties": false
        }
      },
      "additionalProperties": false
    }
  }
]
