{
  "name": "FACTORIAL_HR",
  "url": "https://mcp.aci.dev/virtual/mcp?server_name=FACTORIAL_HR",
  "transport_type": "streamable_http",
  "description": "Factorial HR API provides comprehensive HR management capabilities including employee management, task tracking, webhooks, job catalog, and finance management.",
  "logo": "https://raw.githubusercontent.com/aipotheosis-labs/aipolabs-icons/refs/heads/main/apps/factorialhr.svg",
  "categories": ["HR & Workforce"],
  "auth_configs": [
    {
      "type": "api_key",
      "location": "header",
      "name": "x-api-key"
    }
  ],
  "server_metadata": {
    "is_virtual_mcp_server": true
  }
}
