{
  "name": "CLOUDFLARE",
  "url": "https://mcp.aci.dev/virtual/mcp?server_name=CLOUDFLARE",
  "transport_type": "streamable_http",
  "description": "The Cloudflare API allows programmatic control over your Cloudflare account, including DNS, DDoS protection, and more.",
  "logo": "https://raw.githubusercontent.com/aipotheosis-labs/aipolabs-icons/refs/heads/main/apps/cloudflare.png",
  "categories": ["Deployment"],
  "auth_configs": [
    {
      "type": "api_key",
      "location": "header",
      "name": "Authorization",
      "prefix": "Bearer"
    }
  ],
  "server_metadata": {
    "is_virtual_mcp_server": true
  }
}
