{
  "name": "DISCORD",
  "url": "https://mcp.aci.dev/virtual/mcp?server_name=DISCORD",
  "transport_type": "streamable_http",
  "description": "Discord is a voice, video, and text communication service. This API allows you to interact with Discord in two ways: as a bot for automated tasks and workflows, or as a user to perform actions on behalf of a real Discord user. Whether you're building chatbots, automating workflows, or integrating Discord with other tools, this API provides the flexibility to suit your needs.",
  "logo": "https://raw.githubusercontent.com/aipotheosis-labs/aipolabs-icons/refs/heads/main/apps/discord.svg",
  "categories": ["Communication"],
  "auth_configs": [
    {
      "type": "oauth2",
      "client_id": "{{ CLIENT_ID }}",
      "client_secret": "{{ CLIENT_SECRET }}",
      "scope": "identify email openid connections guilds guilds.join guilds.members.read applications.commands messages.read",
      "authorize_url": "https://discord.com/api/oauth2/authorize",
      "access_token_url": "https://discord.com/api/oauth2/token",
      "refresh_token_url": "https://discord.com/api/oauth2/token",
      "token_endpoint_auth_method": "client_secret_post"
    }
  ],
  "server_metadata": {
    "is_virtual_mcp_server": true
  }
}
