{
  "name": "ARXIV",
  "url": "https://mcp.aci.dev/virtual/mcp?server_name=ARXIV",
  "transport_type": "streamable_http",
  "description": "arXiv is an open-access repository of electronic preprints and postprints approved for posting after moderation, but not peer review. It consists of scientific papers in the fields of mathematics, physics, astronomy, electrical engineering, computer science, quantitative biology, statistics, mathematical finance and economics.",
  "logo": "https://raw.githubusercontent.com/aipotheosis-labs/aipolabs-icons/refs/heads/main/apps/arxiv.svg",
  "categories": ["Research"],
  "auth_configs": [
    {
      "type": "no_auth"
    }
  ],
  "server_metadata": {
    "is_virtual_mcp_server": true
  }
}
