[
  {
    "name": "ARXIV__SEARCH_PAPERS",
    "description": "Search for papers on arXiv by query, category, and other criteria. Returns results in Atom XML format that needs to be parsed into JSON.",
    "tags": [],
    "tool_metadata": {
      "canonical_tool_name": "SEARCH_PAPERS",
      "canonical_tool_description_hash": "f6e4442fab28403c3a23c78f1b4e6ba97498d32bf1d4ea9d3edf03813eb079b7",
      "canonical_tool_input_schema_hash": "8390dd7c53ddd5628fbf2bb3bcdf441fbd757ac5a4f41871ee0af1fc8dc7ac16"
    },
    "input_schema": {
      "type": "object",
      "required": ["query"],
      "properties": {
        "query": {
          "type": "object",
          "required": ["search_query"],
          "properties": {
            "start": {
              "type": "integer",
              "default": 0,
              "minimum": 0,
              "description": "Starting index for results (for pagination)"
            },
            "sortBy": {
              "enum": ["relevance", "lastUpdatedDate", "submittedDate"],
              "type": "string",
              "default": "relevance",
              "description": "Sorting criterion for results"
            },
            "id_list": {
              "type": "string",
              "description": "Comma-separated list of arXiv IDs to return"
            },
            "sortOrder": {
              "enum": ["ascending", "descending"],
              "type": "string",
              "default": "descending",
              "description": "Order of sorting"
            },
            "max_results": {
              "type": "integer",
              "default": 10,
              "maximum": 1000,
              "minimum": 1,
              "description": "Maximum number of results to return (1-1000)"
            },
            "search_query": {
              "type": "string",
              "description": "Search query string. Supports Boolean operators (AND, OR, NOT), grouping with parentheses, and field-specific searches."
            }
          },
          "description": "Query parameters for searching papers",
          "additionalProperties": false
        }
      },
      "additionalProperties": false
    }
  },
  {
    "name": "ARXIV__GET_PAPER_METADATA",
    "description": "Retrieve detailed metadata for a specific paper on arXiv by its ID.",
    "tags": [],
    "tool_metadata": {
      "canonical_tool_name": "GET_PAPER_METADATA",
      "canonical_tool_description_hash": "d70798a6d2a554b97fd7eb6a702970e5a4b631195a8b43f2e9e8ddc3fb9bfa03",
      "canonical_tool_input_schema_hash": "3755f6a354d341cf71695ba9e16cd0ee268e926ef3f8346a103c59fc2d5c56e8"
    },
    "input_schema": {
      "type": "object",
      "required": ["query"],
      "properties": {
        "query": {
          "type": "object",
          "required": ["id_list"],
          "properties": {
            "id_list": {
              "type": "string",
              "description": "arXiv ID of the paper (e.g., '2108.07258' or 'cs/0703041')"
            }
          },
          "description": "Query parameters for retrieving paper metadata",
          "additionalProperties": false
        }
      },
      "additionalProperties": false
    }
  },
  {
    "name": "ARXIV__DOWNLOAD_PAPER",
    "description": "Download a paper from arXiv in PDF format.",
    "tags": [],
    "tool_metadata": {
      "canonical_tool_name": "DOWNLOAD_PAPER",
      "canonical_tool_description_hash": "ebf3d93144198d884ec47877d28c2dbfe233b0faff4316ee6fc27501f42681d7",
      "canonical_tool_input_schema_hash": "70e162d56aed512d6365fcac6b46ee850b66cab9f7ecfabcc75a0f846048bddb"
    },
    "input_schema": {
      "type": "object",
      "required": ["path"],
      "properties": {
        "path": {
          "type": "object",
          "required": ["paper_id"],
          "properties": {
            "paper_id": {
              "type": "string",
              "description": "arXiv ID of the paper (e.g., '2108.07258' or 'cs/0703041')"
            }
          },
          "description": "Path parameters for downloading paper",
          "additionalProperties": false
        }
      },
      "additionalProperties": false
    }
  },
  {
    "name": "ARXIV__GET_CATEGORIES",
    "description": "Retrieve a list of all available categories on arXiv.",
    "tags": [],
    "tool_metadata": {
      "canonical_tool_name": "GET_CATEGORIES",
      "canonical_tool_description_hash": "bd5c574a3a71d4087163433dd45d95050819cef7c8dc2fc2e957df8472010a6a",
      "canonical_tool_input_schema_hash": "d746974fa9afd5e951f76f9af38954b0ad7f436f2120dc974da65e5ee39f856f"
    },
    "input_schema": {
      "type": "object",
      "required": [],
      "properties": {},
      "additionalProperties": false
    }
  },
  {
    "name": "ARXIV__GET_DAILY_UPDATES",
    "description": "Retrieve the latest papers from specific categories, published within the last day.",
    "tags": [],
    "tool_metadata": {
      "canonical_tool_name": "GET_DAILY_UPDATES",
      "canonical_tool_description_hash": "b2ed30738d166bfaa2a7f001fd0bef4f79bec8daa8bcda9fbdc81ede3cfa5c60",
      "canonical_tool_input_schema_hash": "99e45e112e47c1fb1fdd93842ffbed845dd9d1817fac02867d9c58c145aab9aa"
    },
    "input_schema": {
      "type": "object",
      "required": ["query"],
      "properties": {
        "query": {
          "type": "object",
          "required": ["search_query"],
          "properties": {
            "sortBy": {
              "enum": ["lastUpdatedDate", "submittedDate"],
              "type": "string",
              "default": "submittedDate",
              "description": "Sorting criterion for results"
            },
            "sortOrder": {
              "enum": ["ascending", "descending"],
              "type": "string",
              "default": "descending",
              "description": "Order of sorting"
            },
            "max_results": {
              "type": "integer",
              "default": 10,
              "maximum": 100,
              "minimum": 1,
              "description": "Maximum number of results to return (1-100)"
            },
            "search_query": {
              "type": "string",
              "description": "Comma-separated list of arXiv categories to fetch updates from (e.g., 'cat:cs.AI,cat:physics.gen-ph')"
            }
          },
          "description": "Query parameters for getting daily updates",
          "additionalProperties": false
        }
      },
      "additionalProperties": false
    }
  }
]
