[
  {
    "name": "GOOGLE_MAPS__TEXT_SEARCH",
    "description": "Returns a list of places based on a text string (e.g. 'pizza in Sydney' or 'shops near Main St').",
    "tool_metadata": {
      "type": "rest",
      "method": "GET",
      "endpoint": "https://maps.googleapis.com/maps/api/place/textsearch/json"
    },
    "input_schema": {
      "type": "object",
      "properties": {
        "query": {
          "type": "object",
          "description": "Query parameters",
          "properties": {
            "query": {
              "type": "string",
              "description": "The text string to search for (e.g. 'restaurants in Sydney' or 'shops at 123 Main St'). Google recommends using Place Autocomplete instead of text search when possible."
            },
            "language": {
              "type": "string",
              "description": "The language in which to return results.",
              "default": "en"
            },
            "location": {
              "type": "string",
              "description": "The latitude/longitude around which to retrieve place information (e.g. '-33.8670522,151.1957362')."
            },
            "maxprice": {
              "type": "integer",
              "description": "Restricts results to the specified price level (0=most affordable to 4=most expensive)."
            },
            "minprice": {
              "type": "integer",
              "description": "Restricts results to the specified price level (0=most affordable to 4=most expensive)."
            },
            "opennow": {
              "type": "boolean",
              "description": "Returns only those places that are open for business at the time the query is sent."
            },
            "pagetoken": {
              "type": "string",
              "description": "Token to retrieve the next page of results."
            },
            "radius": {
              "type": "integer",
              "description": "Defines the distance (in meters) within which to return place results, relative to the specified location. Maximum allowed radius is 50,000 meters."
            },
            "region": {
              "type": "string",
              "description": "The region code, specified as a ccTLD (country code top-level domain) two-character value."
            },
            "type": {
              "type": "string",
              "description": "Restricts results to places matching the specified type.",
              "enum": [
                "accounting",
                "airport",
                "amusement_park",
                "aquarium",
                "art_gallery",
                "atm",
                "bakery",
                "bank",
                "bar",
                "beauty_salon",
                "bicycle_store",
                "book_store",
                "bowling_alley",
                "bus_station",
                "cafe",
                "campground",
                "car_dealer",
                "car_rental",
                "car_repair",
                "car_wash",
                "casino",
                "cemetery",
                "church",
                "city_hall",
                "clothing_store",
                "convenience_store",
                "courthouse",
                "dentist",
                "department_store",
                "doctor",
                "drugstore",
                "electrician",
                "electronics_store",
                "embassy",
                "fire_station",
                "florist",
                "funeral_home",
                "furniture_store",
                "gas_station",
                "gym",
                "hair_care",
                "hardware_store",
                "hindu_temple",
                "home_goods_store",
                "hospital",
                "insurance_agency",
                "jewelry_store",
                "laundry",
                "lawyer",
                "library",
                "light_rail_station",
                "liquor_store",
                "local_government_office",
                "locksmith",
                "lodging",
                "meal_delivery",
                "meal_takeaway",
                "mosque",
                "movie_rental",
                "movie_theater",
                "moving_company",
                "museum",
                "night_club",
                "painter",
                "park",
                "parking",
                "pet_store",
                "pharmacy",
                "physiotherapist",
                "plumber",
                "police",
                "post_office",
                "primary_school",
                "real_estate_agency",
                "restaurant",
                "roofing_contractor",
                "rv_park",
                "school",
                "secondary_school",
                "shoe_store",
                "shopping_mall",
                "spa",
                "stadium",
                "storage",
                "store",
                "subway_station",
                "supermarket",
                "synagogue",
                "taxi_stand",
                "tourist_attraction",
                "train_station",
                "transit_station",
                "travel_agency",
                "university",
                "veterinary_care",
                "zoo"
              ]
            }
          },
          "required": [
            "query"
          ],
          "visible": [
            "query",
            "language",
            "location",
            "radius",
            "type",
            "opennow"
          ],
          "additionalProperties": false
        }
      },
      "required": [
        "query"
      ],
      "visible": [
        "query"
      ],
      "additionalProperties": false
    }
  },
  {
    "name": "GOOGLE_MAPS__GET_DIRECTIONS",
    "description": "Get walking directions between two locations using Google Maps API",
    "tool_metadata": {
      "type": "rest",
      "method": "GET",
      "endpoint": "https://maps.googleapis.com/maps/api/directions/json"
    },
    "input_schema": {
      "type": "object",
      "properties": {
        "query": {
          "type": "object",
          "properties": {
            "origin": {
              "type": "string",
              "description": "Starting point address or coordinates",
              "example": "Tokyo Station"
            },
            "destination": {
              "type": "string",
              "description": "End point address or coordinates",
              "example": "Sensoji Temple"
            },
            "mode": {
              "type": "string",
              "enum": [
                "walking",
                "driving",
                "bicycling",
                "transit"
              ],
              "default": "walking",
              "description": "Travel mode"
            }
          },
          "required": [
            "origin",
            "destination"
          ],
          "visible": [
            "origin",
            "destination",
            "mode"
          ],
          "additionalProperties": false
        }
      },
      "required": [
        "query"
      ],
      "visible": [
        "query"
      ],
      "additionalProperties": false
    }
  },
  {
    "name": "GOOGLE_MAPS__REVERSE_GEOCODE",
    "description": "Get address information from latitude/longitude coordinates using Google Maps Geocoding API",
    "tool_metadata": {
      "type": "rest",
      "method": "GET",
      "endpoint": "https://maps.googleapis.com/maps/api/geocode/json"
    },
    "input_schema": {
      "type": "object",
      "properties": {
        "query": {
          "type": "object",
          "properties": {
            "latlng": {
              "type": "string",
              "description": "Latitude and longitude coordinates (comma-separated)",
              "example": "48.8584,2.2945",
              "pattern": "^[-+]?([1-8]?\\d(\\.\\d+)?|90(\\.0+)?),[-+]?(180(\\.0+)?|((1[0-7]\\d)|([1-9]?\\d))(\\.\\d+)?)$"
            },
            "language": {
              "type": "string",
              "description": "Language for results (e.g., 'en', 'fr')",
              "default": "en"
            },
            "result_type": {
              "type": "string",
              "description": "Filter by address type (e.g., 'street_address', 'postal_code')"
            }
          },
          "required": [
            "latlng"
          ],
          "visible": [
            "latlng",
            "language"
          ],
          "additionalProperties": false
        }
      },
      "required": [
        "query"
      ],
      "visible": [
        "query"
      ],
      "additionalProperties": false
    }
  },
  {
    "name": "GOOGLE_MAPS__GET_STATIC_MAP",
    "description": "Generate a static map image using Google Maps Static API",
    "tool_metadata": {
      "type": "rest",
      "method": "GET",
      "endpoint": "https://maps.googleapis.com/maps/api/staticmap"
    },
    "input_schema": {
      "type": "object",
      "properties": {
        "query": {
          "type": "object",
          "properties": {
            "center": {
              "type": "string",
              "description": "Center point coordinates (lat,lng)",
              "example": "40.7128,-74.0060",
              "pattern": "^[-+]?([1-8]?\\d(\\.\\d+)?|90(\\.0+)?),[-+]?(180(\\.0+)?|((1[0-7]\\d)|([1-9]?\\d))(\\.\\d+)?)$"
            },
            "zoom": {
              "type": "integer",
              "description": "Zoom level (0-21)",
              "minimum": 0,
              "maximum": 21,
              "default": 13
            },
            "size": {
              "type": "string",
              "description": "Image dimensions in pixels (widthxheight)",
              "example": "600x300",
              "pattern": "^\\d+x\\d+$"
            },
            "markers": {
              "type": "string",
              "description": "Marker style and locations",
              "example": "color:red|40.7128,-74.0060"
            },
            "maptype": {
              "type": "string",
              "enum": [
                "roadmap",
                "satellite",
                "hybrid",
                "terrain"
              ],
              "default": "roadmap",
              "description": "Map style type"
            },
            "scale": {
              "type": "integer",
              "enum": [
                1,
                2,
                4
              ],
              "default": 1,
              "description": "Scale factor for high-DPI devices"
            }
          },
          "required": [
            "center",
            "size"
          ],
          "visible": [
            "center",
            "zoom",
            "size",
            "markers"
          ],
          "additionalProperties": false
        }
      },
      "required": [
        "query"
      ],
      "visible": [
        "query"
      ],
      "additionalProperties": false
    }
  },
  {
    "name": "GOOGLE_MAPS__GET_ELEVATION",
    "description": "Retrieve elevation data for specific locations using Google Maps Elevation API",
    "tool_metadata": {
      "type": "rest",
      "method": "GET",
      "endpoint": "https://maps.googleapis.com/maps/api/elevation/json"
    },
    "input_schema": {
      "type": "object",
      "properties": {
        "query": {
          "type": "object",
          "properties": {
            "locations": {
              "type": "string",
              "description": "Pipe-separated latitude/longitude coordinate pairs",
              "example": "35.68,139.76|40.71,-74.01",
              "pattern": "^([-+]?([1-8]?\\d(\\.\\d+)?|90(\\.0+)?),[-+]?(180(\\.0+)?|((1[0-7]\\d)|([1-9]?\\d))(\\.\\d+)?)(\\|[-+]?([1-8]?\\d(\\.\\d+)?|90(\\.0+)?),[-+]?(180(\\.0+)?|((1[0-7]\\d)|([1-9]?\\d))(\\.\\d+)?))*)$"
            }
          },
          "required": [
            "locations"
          ],
          "visible": [
            "locations"
          ],
          "additionalProperties": false
        }
      },
      "required": [
        "query"
      ],
      "visible": [
        "query"
      ],
      "additionalProperties": false
    }
  }
]
