[
  {
    "name": "MICROSOFT_ONEDRIVE__LIST_DRIVES",
    "description": "List all drives available to the current user (personal, shared, or group drives).",
    "tool_metadata": {
      "type": "rest",
      "method": "GET",
      "endpoint": "https://graph.microsoft.com/v1.0/me/drives"
    },
    "input_schema": {
      "type": "object",
      "properties": {
        "query": {
          "type": "object",
          "description": "OData query parameters to customize the response.",
          "properties": {
            "$expand": {
              "type": "string",
              "description": "Expand related entities."
            },
            "$select": {
              "type": "string",
              "description": "Comma-separated list of properties to include in the response."
            },
            "$skipToken": {
              "type": "string",
              "description": "Skip token for pagination."
            },
            "$top": {
              "type": "integer",
              "description": "Maximum number of drives to return."
            },
            "$orderby": {
              "type": "string",
              "description": "Property to sort drives by."
            }
          },
          "required": [],
          "visible": ["$expand", "$select", "$skipToken", "$top", "$orderby"],
          "additionalProperties": false
        }
      },
      "required": [],
      "visible": ["query"],
      "additionalProperties": false
    }
  },
  {
    "name": "MICROSOFT_ONEDRIVE__GET_DRIVE",
    "description": "Retrieve the properties and relationships of a specific Drive resource by its ID. A Drive is the top-level container for a file system, such as OneDrive or SharePoint document libraries.",
    "tool_metadata": {
      "type": "rest",
      "method": "GET",
      "endpoint": "https://graph.microsoft.com/v1.0/drives/{driveId}"
    },
    "input_schema": {
      "type": "object",
      "properties": {
        "path": {
          "type": "object",
          "description": "Path parameters for the drive request.",
          "properties": {
            "driveId": {
              "type": "string",
              "description": "The identifier for the drive requested."
            }
          },
          "required": ["driveId"],
          "visible": ["driveId"],
          "additionalProperties": false
        },
        "query": {
          "type": "object",
          "description": "OData query parameters to customize the response.",
          "properties": {
            "$select": {
              "type": "string",
              "description": "Comma-separated list of properties to include in the response."
            }
          },
          "required": [],
          "visible": ["$select"],
          "additionalProperties": false
        }
      },
      "required": ["path"],
      "visible": ["path", "query"],
      "additionalProperties": false
    }
  },
  {
    "name": "MICROSOFT_ONEDRIVE__GET_MY_DRIVE",
    "description": "Get the current user's OneDrive. The signed-in user's drive is accessed automatically and will be provisioned if it doesn't exist but the user has a license to use OneDrive.",
    "tool_metadata": {
      "type": "rest",
      "method": "GET",
      "endpoint": "https://graph.microsoft.com/v1.0/me/drive"
    },
    "input_schema": {
      "type": "object",
      "properties": {
        "query": {
          "type": "object",
          "description": "OData query parameters to customize the response.",
          "properties": {
            "$select": {
              "type": "string",
              "description": "Comma-separated list of properties to include in the response."
            }
          },
          "required": [],
          "visible": ["$select"],
          "additionalProperties": false
        }
      },
      "required": [],
      "visible": ["query"],
      "additionalProperties": false
    }
  },
  {
    "name": "MICROSOFT_ONEDRIVE__GET_DRIVE_ITEM_BY_ID",
    "description": "Retrieve the metadata for a driveItem in a drive by its unique ID. Returns file/folder details including name, size, created/modified dates, parent references, and other properties.",
    "tool_metadata": {
      "type": "rest",
      "method": "GET",
      "endpoint": "https://graph.microsoft.com/v1.0/me/drive/items/{itemId}"
    },
    "input_schema": {
      "type": "object",
      "properties": {
        "path": {
          "type": "object",
          "description": "Path parameters for the drive item request.",
          "properties": {
            "itemId": {
              "type": "string",
              "description": "The identifier for the drive item (file or folder). Note: Use %21 to escape the ! character in item IDs (e.g., '7006ADAF2D3C1355%211014')."
            }
          },
          "required": ["itemId"],
          "visible": ["itemId"],
          "additionalProperties": false
        },
        "query": {
          "type": "object",
          "description": "OData query parameters to customize the response.",
          "properties": {
            "$select": {
              "type": "string",
              "description": "Comma-separated list of properties to include in the response."
            },
            "$expand": {
              "type": "string",
              "description": "Expand related entities (e.g., 'children' to include child items)."
            },
            "includeDeletedItems": {
              "type": "boolean",
              "description": "Include deleted items in the response (OneDrive Personal only)."
            }
          },
          "required": [],
          "visible": ["$select", "$expand", "includeDeletedItems"],
          "additionalProperties": false
        }
      },
      "required": ["path"],
      "visible": ["path", "query"],
      "additionalProperties": false
    }
  },
  {
    "name": "MICROSOFT_ONEDRIVE__LIST_DRIVE_ITEM_CHILDREN",
    "description": "Return a collection of DriveItems in the children relationship of a DriveItem. DriveItems with a non-null folder or package facet can have one or more child DriveItems.",
    "tool_metadata": {
      "type": "rest",
      "method": "GET",
      "endpoint": "https://graph.microsoft.com/v1.0/me/drive/items/{itemId}/children"
    },
    "input_schema": {
      "type": "object",
      "properties": {
        "path": {
          "type": "object",
          "description": "Path parameters for the drive item children request.",
          "properties": {
            "itemId": {
              "type": "string",
              "description": "The identifier for the drive item (folder) whose children to list. Note: Use %21 to escape the ! character in item IDs (e.g., '7006ADAF2D3C1355%211014')."
            }
          },
          "required": ["itemId"],
          "visible": ["itemId"],
          "additionalProperties": false
        },
        "query": {
          "type": "object",
          "description": "OData query parameters to customize the response.",
          "properties": {
            "$select": {
              "type": "string",
              "description": "Comma-separated list of properties to include in the response."
            },
            "$expand": {
              "type": "string",
              "description": "Expand related entities."
            },
            "$skipToken": {
              "type": "string",
              "description": "Skip token for pagination."
            },
            "$top": {
              "type": "integer",
              "description": "Maximum number of items to return."
            },
            "$orderby": {
              "type": "string",
              "description": "Property to sort items by."
            }
          },
          "required": [],
          "visible": ["$select", "$expand", "$skipToken", "$top", "$orderby"],
          "additionalProperties": false
        }
      },
      "required": ["path"],
      "visible": ["path", "query"],
      "additionalProperties": false
    }
  },
  {
    "name": "MICROSOFT_ONEDRIVE__DELTA_DRIVE_ITEMS",
    "description": "Track changes in a driveItem and its children over time. Use for incremental synchronization to detect added, modified, or deleted items. Returns @odata.nextLink for pagination or @odata.deltaLink for future change tracking.",
    "tool_metadata": {
      "type": "rest",
      "method": "GET",
      "endpoint": "https://graph.microsoft.com/v1.0/me/drive/root/delta"
    },
    "input_schema": {
      "type": "object",
      "properties": {
        "query": {
          "type": "object",
          "description": "Query parameters for delta synchronization.",
          "properties": {
            "token": {
              "type": "string",
              "description": "Delta token. Use 'latest' to get current deltaLink, or provide previous deltaLink token to get changes since last sync. If unspecified, starts full enumeration."
            },
            "$select": {
              "type": "string",
              "description": "Comma-separated list of properties to include in the response."
            },
            "$expand": {
              "type": "string",
              "description": "Expand related entities."
            },
            "$top": {
              "type": "integer",
              "description": "Maximum number of items to return per page."
            }
          },
          "required": [],
          "visible": ["token", "$select", "$expand", "$top"],
          "additionalProperties": false
        }
      },
      "required": [],
      "visible": ["query"],
      "additionalProperties": false
    }
  },
  {
    "name": "MICROSOFT_ONEDRIVE__SEARCH_DRIVE_ITEMS",
    "description": "Search the hierarchy of items within a drive for items matching a query. Searches across filename, metadata, and file content within the user's drive only.",
    "tool_metadata": {
      "type": "rest",
      "method": "GET",
      "endpoint": "https://graph.microsoft.com/v1.0/me/drive/root/search(q='{q}')"
    },
    "input_schema": {
      "type": "object",
      "properties": {
        "path": {
          "type": "object",
          "description": "Path parameters for the search request.",
          "properties": {
            "q": {
              "type": "string",
              "description": "The query text used to search for items. Values may be matched across several fields including filename, metadata, and file content."
            }
          },
          "required": ["q"],
          "visible": ["q"],
          "additionalProperties": false
        },
        "query": {
          "type": "object",
          "description": "OData query parameters to customize the response.",
          "properties": {
            "$select": {
              "type": "string",
              "description": "Comma-separated list of properties to include in the response."
            },
            "$expand": {
              "type": "string",
              "description": "Expand related entities."
            },
            "$skipToken": {
              "type": "string",
              "description": "Skip token for pagination."
            },
            "$top": {
              "type": "integer",
              "description": "Maximum number of items to return."
            },
            "$orderby": {
              "type": "string",
              "description": "Property to sort items by."
            }
          },
          "required": [],
          "visible": ["$select", "$expand", "$skipToken", "$top", "$orderby"],
          "additionalProperties": false
        }
      },
      "required": ["path"],
      "visible": ["path", "query"],
      "additionalProperties": false
    }
  },
  {
    "name": "MICROSOFT_ONEDRIVE__SEARCH_ALL_ACCESSIBLE_ITEMS",
    "description": "Search more broadly to include items shared with the current user, in addition to items within the user's drive. Returns items from the user's drive and items shared with them from other drives.",
    "tool_metadata": {
      "type": "rest",
      "method": "GET",
      "endpoint": "https://graph.microsoft.com/v1.0/me/drive/search(q='{q}')"
    },
    "input_schema": {
      "type": "object",
      "properties": {
        "path": {
          "type": "object",
          "description": "Path parameters for the broader search request.",
          "properties": {
            "q": {
              "type": "string",
              "description": "The query text used to search for items. Values may be matched across several fields including filename, metadata, and file content."
            }
          },
          "required": ["q"],
          "visible": ["q"],
          "additionalProperties": false
        },
        "query": {
          "type": "object",
          "description": "OData query parameters to customize the response.",
          "properties": {
            "$select": {
              "type": "string",
              "description": "Comma-separated list of properties to include in the response."
            },
            "$expand": {
              "type": "string",
              "description": "Expand related entities."
            },
            "$skipToken": {
              "type": "string",
              "description": "Skip token for pagination."
            },
            "$top": {
              "type": "integer",
              "description": "Maximum number items to return."
            },
            "$orderby": {
              "type": "string",
              "description": "Property to sort items by."
            }
          },
          "required": [],
          "visible": ["$select", "$expand", "$skipToken", "$top", "$orderby"],
          "additionalProperties": false
        }
      },
      "required": ["path"],
      "visible": ["path", "query"],
      "additionalProperties": false
    }
  },
  {
    "name": "MICROSOFT_ONEDRIVE__GET_DRIVE_ITEM_BY_PATH",
    "description": "Retrieve the metadata for a driveItem in a drive by its file system path relative to the root. Returns file/folder details including name, size, created/modified dates, and other properties. Use this when you know the path but not the item ID.",
    "tool_metadata": {
      "type": "rest",
      "method": "GET",
      "endpoint": "https://graph.microsoft.com/v1.0/me/drive/root:/{itemPath}"
    },
    "input_schema": {
      "type": "object",
      "properties": {
        "path": {
          "type": "object",
          "description": "Path parameters for the drive item request.",
          "properties": {
            "itemPath": {
              "type": "string",
              "description": "The file system path to the drive item (file or folder) relative to the root. Example: 'Documents/MyFile.txt' or 'Pictures' for a folder."
            }
          },
          "required": ["itemPath"],
          "visible": ["itemPath"],
          "additionalProperties": false
        },
        "query": {
          "type": "object",
          "description": "OData query parameters to customize the response.",
          "properties": {
            "$select": {
              "type": "string",
              "description": "Comma-separated list of properties to include in the response."
            },
            "$expand": {
              "type": "string",
              "description": "Expand related entities (e.g., 'children' to include child items)."
            },
            "includeDeletedItems": {
              "type": "boolean",
              "description": "Include deleted items in the response (OneDrive Personal only)."
            }
          },
          "required": [],
          "visible": ["$select", "$expand", "includeDeletedItems"],
          "additionalProperties": false
        }
      },
      "required": ["path"],
      "visible": ["path", "query"],
      "additionalProperties": false
    }
  },
  {
    "name": "MICROSOFT_ONEDRIVE__GET_ROOT_FOLDER",
    "description": "Get the root folder of the user's OneDrive. This is a shortcut to access the top-level folder without needing to know its ID. Supports expanding children and other OData query parameters.",
    "tool_metadata": {
      "type": "rest",
      "method": "GET",
      "endpoint": "https://graph.microsoft.com/v1.0/me/drive/root"
    },
    "input_schema": {
      "type": "object",
      "properties": {
        "query": {
          "type": "object",
          "description": "OData query parameters to customize the response.",
          "properties": {
            "$select": {
              "type": "string",
              "description": "Comma-separated list of properties to include in the response."
            },
            "$expand": {
              "type": "string",
              "description": "Expand related entities (e.g., 'children' to include child items)."
            },
            "includeDeletedItems": {
              "type": "boolean",
              "description": "Include deleted items in the response (OneDrive Personal only)."
            }
          },
          "required": [],
          "visible": ["$select", "$expand", "includeDeletedItems"],
          "additionalProperties": false
        }
      },
      "required": [],
      "visible": ["query"],
      "additionalProperties": false
    }
  },
  {
    "name": "MICROSOFT_ONEDRIVE__LIST_DRIVE_ITEM_VERSIONS",
    "description": "Retrieve the version history of a driveItem. OneDrive and SharePoint retain file history depending on configuration. Returns DriveItemVersion objects with version ID, lastModifiedBy, lastModifiedDateTime, and size. Versions are returned in descending order (newest to oldest).",
    "tool_metadata": {
      "type": "rest",
      "method": "GET",
      "endpoint": "https://graph.microsoft.com/v1.0/me/drive/items/{itemId}/versions"
    },
    "input_schema": {
      "type": "object",
      "properties": {
        "path": {
          "type": "object",
          "description": "Path parameters for the drive item versions request.",
          "properties": {
            "itemId": {
              "type": "string",
              "description": "The identifier for the drive item (file) whose version history to retrieve. Note: Use %21 to escape the ! character in item IDs (e.g., '7006ADAF2D3C1355%211014')."
            }
          },
          "required": ["itemId"],
          "visible": ["itemId"],
          "additionalProperties": false
        },
        "query": {
          "type": "object",
          "description": "Query parameters to customize the response. Note: $orderby is not supported as versions are always returned newest to oldest.",
          "properties": {
            "$select": {
              "type": "string",
              "description": "Comma-separated list of properties to include in the response."
            },
            "$top": {
              "type": "integer",
              "description": "Maximum number of versions to return."
            },
            "$skipToken": {
              "type": "string",
              "description": "Skip token for pagination."
            }
          },
          "required": [],
          "visible": ["$select", "$top", "$skipToken"],
          "additionalProperties": false
        }
      },
      "required": ["path"],
      "visible": ["path", "query"],
      "additionalProperties": false
    }
  },
  {
    "name": "MICROSOFT_ONEDRIVE__CREATE_FOLDER",
    "description": "Create a new folder in a drive at the specified parent location. Returns the newly created folder with its metadata including ID, name, creation time, and parent reference. Supports conflict resolution when a folder with the same name already exists.",
    "tool_metadata": {
      "type": "rest",
      "method": "POST",
      "endpoint": "https://graph.microsoft.com/v1.0/me/drive/items/{parentItemId}/children"
    },
    "input_schema": {
      "type": "object",
      "properties": {
        "path": {
          "type": "object",
          "description": "Path parameters for the folder creation request.",
          "properties": {
            "parentItemId": {
              "type": "string",
              "description": "The identifier of the parent folder where the new folder will be created. Use 'root' for the root directory or a specific item ID. Note: Use %21 to escape the ! character in item IDs (e.g., '7006ADAF2D3C1355%211014')."
            }
          },
          "required": ["parentItemId"],
          "visible": ["parentItemId"],
          "additionalProperties": false
        },
        "body": {
          "type": "object",
          "description": "Request body containing the folder details to create.",
          "properties": {
            "name": {
              "type": "string",
              "description": "The name of the new folder to create."
            },
            "folder": {
              "type": "object",
              "description": "An empty object indicating this is a folder. This property is required to create a folder.",
              "properties": {},
              "required": [],
              "visible": [],
              "additionalProperties": false
            },
            "@microsoft.graph.conflictBehavior": {
              "type": "string",
              "description": "Behavior when a folder with the same name already exists. Options: 'rename' (automatically choose a new name), 'replace' (overwrite existing), 'fail' (return error). Default is 'fail'.",
              "enum": ["rename", "replace", "fail"]
            }
          },
          "required": ["name", "folder"],
          "visible": ["name", "@microsoft.graph.conflictBehavior"],
          "additionalProperties": false
        }
      },
      "required": ["path", "body"],
      "visible": ["path", "body"],
      "additionalProperties": false
    }
  },
  {
    "name": "MICROSOFT_ONEDRIVE__UPDATE_DRIVE_ITEM",
    "description": "Update the metadata for a driveItem by ID. Allows updating properties such as name (to rename files/folders), parentReference (to move items), and other metadata. Returns the updated DriveItem resource with modified properties.",
    "tool_metadata": {
      "type": "rest",
      "method": "PATCH",
      "endpoint": "https://graph.microsoft.com/v1.0/me/drive/items/{itemId}"
    },
    "input_schema": {
      "type": "object",
      "properties": {
        "path": {
          "type": "object",
          "description": "Path parameters for the drive item update request.",
          "properties": {
            "itemId": {
              "type": "string",
              "description": "The identifier for the drive item (file or folder) to update. Note: Use %21 to escape the ! character in item IDs (e.g., '7006ADAF2D3C1355%211014')."
            }
          },
          "required": ["itemId"],
          "visible": ["itemId"],
          "additionalProperties": false
        },
        "body": {
          "type": "object",
          "description": "Request body containing the properties to update. Only include properties that should be changed.",
          "properties": {
            "name": {
              "type": "string",
              "description": "New name for the drive item (file or folder). Use this to rename items."
            },
            "parentReference": {
              "type": "object",
              "description": "Parent reference to move the item to a different folder. Specify the new parent's driveId and id.",
              "properties": {
                "driveId": {
                  "type": "string",
                  "description": "The ID of the drive containing the new parent folder."
                },
                "id": {
                  "type": "string",
                  "description": "The ID of the new parent folder. Note: Use %21 to escape the ! character in item IDs."
                }
              },
              "required": [],
              "visible": ["driveId", "id"],
              "additionalProperties": false
            },
            "description": {
              "type": "string",
              "description": "Description or comment for the drive item."
            }
          },
          "required": [],
          "visible": ["name", "parentReference", "description"],
          "additionalProperties": false
        }
      },
      "required": ["path", "body"],
      "visible": ["path", "body"],
      "additionalProperties": false
    }
  },
  {
    "name": "MICROSOFT_ONEDRIVE__COPY_DRIVE_ITEM",
    "description": "Create a copy of a driveItem asynchronously including child items. You can specify a new parent folder, provide a new name, copy only children, or include version history. The operation is queued and processed asynchronously - use the monitor URL to track progress until completion.",
    "tool_metadata": {
      "type": "rest",
      "method": "POST",
      "endpoint": "https://graph.microsoft.com/v1.0/me/drive/items/{itemId}/copy"
    },
    "input_schema": {
      "type": "object",
      "properties": {
        "path": {
          "type": "object",
          "description": "Path parameters for the copy operation.",
          "properties": {
            "itemId": {
              "type": "string",
              "description": "The identifier for the drive item (file or folder) to copy. Use 'root' for the root folder (only with childrenOnly=true). Note: Use %21 to escape the ! character in item IDs (e.g., '7006ADAF2D3C1355%211014')."
            }
          },
          "required": ["itemId"],
          "visible": ["itemId"],
          "additionalProperties": false
        },
        "query": {
          "type": "object",
          "description": "Query parameters for conflict resolution.",
          "properties": {
            "@microsoft.graph.conflictBehavior": {
              "type": "string",
              "description": "Behavior when a conflict occurs. 'fail' (default): entire operation fails; 'replace': overwrite existing (files only); 'rename': append integer for uniqueness. Note: Not supported for OneDrive Consumer.",
              "enum": ["fail", "replace", "rename"]
            }
          },
          "required": [],
          "visible": ["@microsoft.graph.conflictBehavior"],
          "additionalProperties": false
        },
        "body": {
          "type": "object",
          "description": "Request body containing copy operation parameters.",
          "properties": {
            "parentReference": {
              "type": "object",
              "description": "Reference to the parent item where the copy will be created. Required for copying to a different location.",
              "properties": {
                "driveId": {
                  "type": "string",
                  "description": "The ID of the drive containing the destination folder."
                },
                "id": {
                  "type": "string",
                  "description": "The ID of the destination parent folder. Note: Use %21 to escape the ! character in item IDs."
                }
              },
              "required": [],
              "visible": ["driveId", "id"],
              "additionalProperties": false
            },
            "name": {
              "type": "string",
              "description": "Optional. The new name for the copy. If not provided, the same name as the original is used. Cannot be used with childrenOnly=true."
            },
            "childrenOnly": {
              "type": "boolean",
              "description": "Optional. If true, copy the children of the driveItem but not the driveItem itself. Default is false. Valid only for folder items. Cannot be used with 'name' parameter."
            },
            "includeAllVersionHistory": {
              "type": "boolean",
              "description": "Optional. If true, copy all version history (major and minor versions) to the destination within version limit. If false, only the latest major version is copied. Default is false."
            }
          },
          "required": [],
          "visible": ["parentReference", "name", "childrenOnly", "includeAllVersionHistory"],
          "additionalProperties": false
        }
      },
      "required": ["path"],
      "visible": ["path", "query", "body"],
      "additionalProperties": false
    }
  },
  {
    "name": "MICROSOFT_ONEDRIVE__MOVE_DRIVE_ITEM",
    "description": "Move a driveItem to a new parent folder by updating its parentReference. You can also rename the item during the move operation. This is a special case of the update method that moves items within the same drive. Items cannot be moved between different drives.",
    "tool_metadata": {
      "type": "rest",
      "method": "PATCH",
      "endpoint": "https://graph.microsoft.com/v1.0/me/drive/items/{itemId}"
    },
    "input_schema": {
      "type": "object",
      "properties": {
        "path": {
          "type": "object",
          "description": "Path parameters for the move operation.",
          "properties": {
            "itemId": {
              "type": "string",
              "description": "The identifier for the drive item (file or folder) to move. Note: Use %21 to escape the ! character in item IDs (e.g., '7006ADAF2D3C1355%211014')."
            }
          },
          "required": ["itemId"],
          "visible": ["itemId"],
          "additionalProperties": false
        },
        "body": {
          "type": "object",
          "description": "Request body containing the new parent reference and optional properties to update.",
          "properties": {
            "parentReference": {
              "type": "object",
              "description": "Reference to the new parent folder where the item will be moved. Required to move the item.",
              "properties": {
                "id": {
                  "type": "string",
                  "description": "The ID of the new parent folder. For root folder, provide the actual root folder ID (not 'root'). Note: Use %21 to escape the ! character in item IDs."
                },
                "driveId": {
                  "type": "string",
                  "description": "Optional. The ID of the drive containing the new parent folder. If not specified, uses the same drive as the source item."
                }
              },
              "required": ["id"],
              "visible": ["id", "driveId"],
              "additionalProperties": false
            },
            "name": {
              "type": "string",
              "description": "Optional. New name for the item. Use this to rename the item during the move operation."
            },
            "description": {
              "type": "string",
              "description": "Optional. New description for the item."
            }
          },
          "required": ["parentReference"],
          "visible": ["parentReference", "name", "description"],
          "additionalProperties": false
        }
      },
      "required": ["path", "body"],
      "visible": ["path", "body"],
      "additionalProperties": false
    }
  },
  {
    "name": "MICROSOFT_ONEDRIVE__READ_TEXT_FILE_CONTENT",
    "description": "Read the content of a text-based file from OneDrive by its item ID. This function downloads the actual file content for text-based files such as .txt, .csv, .md, .log, .json, and other text formats.",
    "tool_metadata": {
      "type": "connector"
    },
    "input_schema": {
      "type": "object",
      "properties": {
        "item_id": {
          "type": "string",
          "description": "The identifier of the driveItem file to read. Only files (not folders) can be read. Use the full item ID as returned by other OneDrive functions (e.g., '7006ADAF2D3C1355!s5625f3cefe4c4fe28f99a4b6f05cb944')."
        }
      },
      "required": ["item_id"],
      "additionalProperties": false
    }
  },
  {
    "name": "MICROSOFT_ONEDRIVE__GET_DOWNLOAD_LINK",
    "description": "Get the download URL for a driveItem file. Returns the @microsoft.graph.downloadUrl property which provides a preauthenticated download URL that's valid for a short period. This URL can be used directly for downloading without additional authentication.",
    "tool_metadata": {
      "type": "rest",
      "method": "GET",
      "endpoint": "https://graph.microsoft.com/v1.0/me/drive/items/{itemId}"
    },
    "input_schema": {
      "type": "object",
      "properties": {
        "path": {
          "type": "object",
          "description": "The path parameters",
          "properties": {
            "itemId": {
              "type": "string",
              "description": "The ID of the driveItem to download. Only driveItem objects with the file property can be downloaded."
            }
          },
          "required": ["itemId"],
          "visible": ["itemId"],
          "additionalProperties": false
        },
        "query": {
          "type": "object",
          "description": "Optional query parameters",
          "properties": {
            "$select": {
              "type": "string",
              "description": "Select specific properties. Defaults to 'id,@microsoft.graph.downloadUrl' to get the download URL.",
              "default": "id,@microsoft.graph.downloadUrl"
            }
          },
          "required": ["$select"],
          "visible": [],
          "additionalProperties": false
        }
      },
      "required": ["path", "query"],
      "visible": ["path"],
      "additionalProperties": false
    }
  },
  {
    "name": "MICROSOFT_ONEDRIVE__DELETE_DRIVE_ITEM",
    "description": "Delete a DriveItem by using its ID. Deleting items using this method moves the items to the recycle bin instead of permanently deleting the item. Returns 204 No Content on successful deletion.",
    "tool_metadata": {
      "type": "rest",
      "method": "DELETE",
      "endpoint": "https://graph.microsoft.com/v1.0/me/drive/items/{itemId}"
    },
    "input_schema": {
      "type": "object",
      "properties": {
        "path": {
          "type": "object",
          "description": "The path parameters",
          "properties": {
            "itemId": {
              "type": "string",
              "description": "The ID of the driveItem to delete. The item will be moved to the recycle bin."
            }
          },
          "required": ["itemId"],
          "visible": ["itemId"],
          "additionalProperties": false
        }
      },
      "required": ["path"],
      "visible": ["path"],
      "additionalProperties": false
    }
  },
  {
    "name": "MICROSOFT_ONEDRIVE__PERMANENT_DELETE_DRIVE_ITEM",
    "description": "Permanently delete a driveItem by using its ID. WARNING: Items deleted with this method are permanently removed and are NOT sent to the recycle bin. They cannot be restored afterward. Use with extreme caution. Returns 204 No Content on successful deletion.",
    "tool_metadata": {
      "type": "rest",
      "method": "POST",
      "endpoint": "https://graph.microsoft.com/v1.0/me/drive/items/{itemId}/permanentDelete"
    },
    "input_schema": {
      "type": "object",
      "properties": {
        "path": {
          "type": "object",
          "description": "The path parameters",
          "properties": {
            "itemId": {
              "type": "string",
              "description": "The ID of the driveItem to permanently delete. WARNING: This action is irreversible and the item cannot be recovered."
            }
          },
          "required": ["itemId"],
          "visible": ["itemId"],
          "additionalProperties": false
        }
      },
      "required": ["path"],
      "visible": ["path"],
      "additionalProperties": false
    }
  },
  {
    "name": "MICROSOFT_ONEDRIVE__CREATE_TEXT_FILE",
    "description": "Upload or create a new text-based file to OneDrive. This method only supports text-based files like .txt, .md, .csv, .json, .log, .xml, .html, .css, .js, .py, .yaml, etc. Files up to 250 MB in size are supported. The file will be created at the specified parent location with the given filename.",
    "tool_metadata": {
      "type": "rest",
      "method": "PUT",
      "endpoint": "https://graph.microsoft.com/v1.0/me/drive/items/{parentId}:/{filename}:/content"
    },
    "input_schema": {
      "type": "object",
      "properties": {
        "path": {
          "type": "object",
          "description": "Path parameters for file creation",
          "properties": {
            "parentId": {
              "type": "string",
              "description": "The identifier of the parent folder where the new file will be created. Use 'root' for the root directory or a specific item ID. Note: Use %21 to escape the ! character in item IDs (e.g., '7006ADAF2D3C1355%211014')."
            },
            "filename": {
              "type": "string",
              "description": "The name of the new file to create, including the file extension (e.g., 'document.txt', 'image.jpg')."
            }
          },
          "required": ["parentId", "filename"],
          "visible": ["parentId", "filename"],
          "additionalProperties": false
        },
        "header": {
          "type": "object",
          "description": "Request headers for file upload",
          "properties": {
            "Content-Type": {
              "type": "string",
              "description": "The MIME type of the text file content (e.g., text/plain, text/csv, application/json)",
              "default": "text/plain"
            }
          },
          "required": ["Content-Type"],
          "visible": [],
          "additionalProperties": false
        },
        "body": {
          "type": "string",
          "description": "The text content of the file to upload. Provide the text content directly as a string."
        }
      },
      "required": ["path", "header", "body"],
      "visible": ["path", "body"],
      "additionalProperties": false
    }
  },
  {
    "name": "MICROSOFT_ONEDRIVE__UPDATE_TEXT_FILE_CONTENT",
    "description": "Update or replace the contents of an existing text-based file in OneDrive. This method only supports text-based files like .txt, .md, .csv, .json, .log, .xml, .html, .css, .js, .py, .yaml, etc. Files up to 250 MB in size are supported. The file content will be completely replaced with the new content provided.",
    "tool_metadata": {
      "type": "rest",
      "method": "PUT",
      "endpoint": "https://graph.microsoft.com/v1.0/me/drive/items/{itemId}/content"
    },
    "input_schema": {
      "type": "object",
      "properties": {
        "path": {
          "type": "object",
          "description": "Path parameters for file update",
          "properties": {
            "itemId": {
              "type": "string",
              "description": "The identifier of the existing file to update. Note: Use %21 to escape the ! character in item IDs (e.g., '7006ADAF2D3C1355%211014')."
            }
          },
          "required": ["itemId"],
          "visible": ["itemId"],
          "additionalProperties": false
        },
        "header": {
          "type": "object",
          "description": "Request headers for file update",
          "properties": {
            "Content-Type": {
              "type": "string",
              "description": "The MIME type of the text file content (e.g., text/plain, text/csv, application/json)",
              "default": "text/plain"
            }
          },
          "required": ["Content-Type"],
          "visible": [],
          "additionalProperties": false
        },
        "body": {
          "type": "string",
          "description": "The text content to replace the existing file content with. Provide the text content directly as a string."
        }
      },
      "required": ["path", "header", "body"],
      "visible": ["path", "body"],
      "additionalProperties": false
    }
  },
  {
    "name": "MICROSOFT_ONEDRIVE__CREATE_EXCEL_FROM_CSV",
    "description": "Convert CSV data to a formatted text file and save it to OneDrive. Takes CSV data as a string and creates a properly formatted CSV file in the specified parent folder on OneDrive. While named 'excel', this creates a CSV file that can be opened in Excel.",
    "tool_metadata": {
      "type": "connector"
    },
    "input_schema": {
      "type": "object",
      "properties": {
        "csv_data": {
          "type": "string",
          "description": "The CSV data as a string to save as a file. Should be properly formatted CSV with headers and data rows."
        },
        "parent_folder_id": {
          "type": "string",
          "description": "The identifier of the parent folder where the new CSV file will be created. Use 'root' for the root directory or a specific folder item ID."
        },
        "filename": {
          "type": "string",
          "description": "The name for the CSV file (without .csv extension). If not provided, defaults to 'converted_data'."
        }
      },
      "required": ["csv_data", "parent_folder_id"],
      "additionalProperties": false
    }
  }
]
