[
  {
    "name": "NETLIFY__DELETE_SITE",
    "description": "Permanently delete a site.",
    "tags": [],
    "tool_metadata": {
      "canonical_tool_name": "DELETE_SITE",
      "canonical_tool_description_hash": "c997432d33c36b77bd70f3816aef754a5984be4cf5a180b2a48dd2e2e4622ed8",
      "canonical_tool_input_schema_hash": "c08121d39200a957cd5cba3e9e2f2cec7e7b5bdd851575cce100e139a8dcb51f"
    },
    "input_schema": {
      "type": "object",
      "required": ["path"],
      "properties": {
        "path": {
          "type": "object",
          "required": ["site_id"],
          "properties": {
            "site_id": {
              "type": "string",
              "description": "The unique identifier of the site to delete."
            }
          },
          "description": "path parameters",
          "additionalProperties": false
        }
      },
      "additionalProperties": false
    }
  },
  {
    "name": "NETLIFY__GET_ACCOUNTS",
    "description": "List all accounts/teams that the authenticated user has access to. In Netlify's API, accounts are equivalent to teams.",
    "tags": [],
    "tool_metadata": {
      "canonical_tool_name": "GET_ACCOUNTS",
      "canonical_tool_description_hash": "867676391cb5dbc5a3055a12e1febe2814ad445f73a5d4f70aa20ef4e902d13c",
      "canonical_tool_input_schema_hash": "d746974fa9afd5e951f76f9af38954b0ad7f436f2120dc974da65e5ee39f856f"
    },
    "input_schema": {
      "type": "object",
      "required": [],
      "properties": {},
      "additionalProperties": false
    }
  },
  {
    "name": "NETLIFY__GET_ACCOUNT_BY_ID",
    "description": "Get information about a specific account/team by its ID or slug.",
    "tags": [],
    "tool_metadata": {
      "canonical_tool_name": "GET_ACCOUNT_BY_ID",
      "canonical_tool_description_hash": "d6449e0593b3f8da9a80aacedb53dfa1b3ffa394777f39c9daef749bdb35f761",
      "canonical_tool_input_schema_hash": "06823982df5334f2098ae4a249c51378544cbe297023a2cc56ede6e97b3646aa"
    },
    "input_schema": {
      "type": "object",
      "required": ["path"],
      "properties": {
        "path": {
          "type": "object",
          "required": ["account_id"],
          "properties": {
            "account_id": {
              "type": "string",
              "description": "The unique identifier or slug of the account/team."
            }
          },
          "description": "path parameters",
          "additionalProperties": false
        }
      },
      "additionalProperties": false
    }
  },
  {
    "name": "NETLIFY__CREATE_SITE",
    "description": "Create a new site/project on Netlify with full support for both public and private repositories. For private repositories, use NETLIFY__CREATE_DEPLOY_KEY first to generate a deploy key, then GITHUB__CREATE_DEPLOY_KEY to add it to your repository, then use this function with the deploy_key_id parameter. IMPORTANT: Verify the correct branch name (main vs master) in your repository before deployment to avoid branch not found errors.",
    "tags": [],
    "tool_metadata": {
      "canonical_tool_name": "CREATE_SITE",
      "canonical_tool_description_hash": "f50a3796ca23ad120f820d09a41d6f012bc5519c3e87cb55f3960f79969ad84c",
      "canonical_tool_input_schema_hash": "70408daefd918100224d5ec5256f8ca3f9b5d69025f2298e17082e980fc062c5"
    },
    "input_schema": {
      "type": "object",
      "required": ["body"],
      "properties": {
        "body": {
          "type": "object",
          "required": ["name"],
          "properties": {
            "name": {
              "type": "string",
              "description": "The name of the site/project."
            },
            "repo": {
              "type": "object",
              "required": [],
              "properties": {
                "id": {
                  "type": "integer",
                  "description": "The repository ID from GitHub/GitLab. For GitHub, get this from GITHUB__GET_REPOSITORY. Required for private repositories."
                },
                "cmd": {
                  "type": "string",
                  "description": "Build command."
                },
                "dir": {
                  "type": "string",
                  "description": "Directory to deploy from within the repository."
                },
                "repo": {
                  "type": "string",
                  "description": "Repository in format 'owner/repo'."
                },
                "branch": {
                  "type": "string",
                  "default": "main",
                  "description": "Branch to deploy from. Most repositories use 'main' as the default branch, but some older repositories may use 'master'. Verify the correct branch name in your repository to avoid deployment failures."
                },
                "private": {
                  "type": "boolean",
                  "description": "Set to true for private repositories. This enables private repository deployment workflow."
                },
                "provider": {
                  "enum": ["github", "gitlab", "bitbucket"],
                  "type": "string",
                  "description": "Git provider."
                },
                "deploy_key_id": {
                  "type": "string",
                  "description": "Deploy key ID for private repository access. Get this from NETLIFY__CREATE_DEPLOY_KEY, then add the public key to GitHub using GITHUB__CREATE_DEPLOY_KEY. Required for private repositories."
                }
              },
              "description": "Repository configuration for continuous deployment",
              "additionalProperties": false
            },
            "custom_domain": {
              "type": "string",
              "description": "Custom domain for the site."
            }
          },
          "description": "Site configuration",
          "additionalProperties": false
        }
      },
      "additionalProperties": false
    }
  },
  {
    "name": "NETLIFY__GET_SITES",
    "description": "Get all sites that the authenticated user has access to.",
    "tags": [],
    "tool_metadata": {
      "canonical_tool_name": "GET_SITES",
      "canonical_tool_description_hash": "29b79378db7ead09670f9a0ab8545f077f7a7df8d7b812eadf70faae22413155",
      "canonical_tool_input_schema_hash": "d746974fa9afd5e951f76f9af38954b0ad7f436f2120dc974da65e5ee39f856f"
    },
    "input_schema": {
      "type": "object",
      "required": [],
      "properties": {},
      "additionalProperties": false
    }
  },
  {
    "name": "NETLIFY__GET_SITE",
    "description": "Get information about a specific site by its ID or domain.",
    "tags": [],
    "tool_metadata": {
      "canonical_tool_name": "GET_SITE",
      "canonical_tool_description_hash": "09912b9522ded6d65226ef8df90486c48eda3fdde613941f4c9e55b0e7082157",
      "canonical_tool_input_schema_hash": "ece8a9181873bbfd8a4ae9aa167a9a004cdb801dee649626beea752703990063"
    },
    "input_schema": {
      "type": "object",
      "required": ["path"],
      "properties": {
        "path": {
          "type": "object",
          "required": ["site_id"],
          "properties": {
            "site_id": {
              "type": "string",
              "description": "The unique identifier or domain of the site."
            }
          },
          "description": "path parameters",
          "additionalProperties": false
        }
      },
      "additionalProperties": false
    }
  },
  {
    "name": "NETLIFY__UPDATE_SITE",
    "description": "Update an existing site's configuration.",
    "tags": [],
    "tool_metadata": {
      "canonical_tool_name": "UPDATE_SITE",
      "canonical_tool_description_hash": "f7dcd54f6c32ecd98be478ea427f37f9bb08981773017bc2d3fab636a3123dc9",
      "canonical_tool_input_schema_hash": "b196c28be5590117e5532a046ee7012875b8ca1150a68ad9dc889f06209fac09"
    },
    "input_schema": {
      "type": "object",
      "required": ["path", "body"],
      "properties": {
        "body": {
          "type": "object",
          "required": [],
          "properties": {
            "name": {
              "type": "string",
              "description": "The new name for the site."
            },
            "password": {
              "type": "string",
              "description": "Password for site access protection."
            },
            "custom_domain": {
              "type": "string",
              "description": "Custom domain for the site."
            },
            "processing_settings": {
              "type": "object",
              "required": [],
              "properties": {
                "html": {
                  "type": "object",
                  "required": [],
                  "properties": {
                    "pretty_urls": {
                      "type": "boolean",
                      "description": "Enable pretty URLs."
                    }
                  },
                  "description": "HTML processing settings",
                  "additionalProperties": false
                }
              },
              "description": "Site processing settings",
              "additionalProperties": false
            }
          },
          "description": "Site update configuration",
          "additionalProperties": false
        },
        "path": {
          "type": "object",
          "required": ["site_id"],
          "properties": {
            "site_id": {
              "type": "string",
              "description": "The unique identifier of the site."
            }
          },
          "description": "path parameters",
          "additionalProperties": false
        }
      },
      "additionalProperties": false
    }
  },
  {
    "name": "NETLIFY__GET_ENV_VARIABLES",
    "description": "Get environment variables for an account/team.",
    "tags": [],
    "tool_metadata": {
      "canonical_tool_name": "GET_ENV_VARIABLES",
      "canonical_tool_description_hash": "01248d1e5993165b05e73f66fd5cc523627cca628219a001eef5c6f4c997123e",
      "canonical_tool_input_schema_hash": "dea864eddb110d0c810bce506b093409538a2cc83b7d2c9d5da4bcf0965ba224"
    },
    "input_schema": {
      "type": "object",
      "required": ["path"],
      "properties": {
        "path": {
          "type": "object",
          "required": ["account_id"],
          "properties": {
            "account_id": {
              "type": "string",
              "description": "The unique identifier of the account."
            }
          },
          "description": "path parameters",
          "additionalProperties": false
        },
        "query": {
          "type": "object",
          "required": [],
          "properties": {
            "site_id": {
              "type": "string",
              "description": "Filter environment variables by site ID."
            }
          },
          "description": "query parameters",
          "additionalProperties": false
        }
      },
      "additionalProperties": false
    }
  },
  {
    "name": "NETLIFY__GET_DEPLOY",
    "description": "Get information about a specific deployment.",
    "tags": [],
    "tool_metadata": {
      "canonical_tool_name": "GET_DEPLOY",
      "canonical_tool_description_hash": "5fb9ed23a96bdab67c99a113f3e85c7d0f2b69d12bc3165ca785f5262a6d208a",
      "canonical_tool_input_schema_hash": "4c6c785e4dd1cd0ec1f3fea3afd12519dba448402249e8b20c9bc78a98108dad"
    },
    "input_schema": {
      "type": "object",
      "required": ["path"],
      "properties": {
        "path": {
          "type": "object",
          "required": ["deploy_id"],
          "properties": {
            "deploy_id": {
              "type": "string",
              "description": "The unique identifier of the deployment."
            }
          },
          "description": "path parameters",
          "additionalProperties": false
        }
      },
      "additionalProperties": false
    }
  },
  {
    "name": "NETLIFY__LIST_DEPLOYS",
    "description": "List all deployments for a specific site.",
    "tags": [],
    "tool_metadata": {
      "canonical_tool_name": "LIST_DEPLOYS",
      "canonical_tool_description_hash": "061225bb003bbf717ae768f2ce34d45d7eead36ca2e63a717ecc7ebe8bb213d1",
      "canonical_tool_input_schema_hash": "b2bf6b5f7ecfd8d422ef47c4c8316500856a3d1340b07ce3c87a14aa6f07279b"
    },
    "input_schema": {
      "type": "object",
      "required": ["path"],
      "properties": {
        "path": {
          "type": "object",
          "required": ["site_id"],
          "properties": {
            "site_id": {
              "type": "string",
              "description": "The unique identifier of the site."
            }
          },
          "description": "path parameters",
          "additionalProperties": false
        },
        "query": {
          "type": "object",
          "required": [],
          "properties": {
            "page": {
              "type": "integer",
              "default": 1,
              "description": "Page number for pagination."
            },
            "per_page": {
              "type": "integer",
              "default": 20,
              "maximum": 100,
              "description": "Number of deployments per page."
            }
          },
          "description": "query parameters",
          "additionalProperties": false
        }
      },
      "additionalProperties": false
    }
  },
  {
    "name": "NETLIFY__GET_SITE_DEPLOY",
    "description": "Get information about a specific deployment for a specific site.",
    "tags": [],
    "tool_metadata": {
      "canonical_tool_name": "GET_SITE_DEPLOY",
      "canonical_tool_description_hash": "a2997996dc34d90945eb2f75d1da29ab9bcac20715b59040744315dd543049e3",
      "canonical_tool_input_schema_hash": "b6a4c75569976536c028d35603192a7e77232e59ebef62e21bdc44365aa37c72"
    },
    "input_schema": {
      "type": "object",
      "required": ["path"],
      "properties": {
        "path": {
          "type": "object",
          "required": ["site_id", "deploy_id"],
          "properties": {
            "site_id": {
              "type": "string",
              "description": "The unique identifier of the site."
            },
            "deploy_id": {
              "type": "string",
              "description": "The unique identifier of the deployment."
            }
          },
          "description": "path parameters",
          "additionalProperties": false
        }
      },
      "additionalProperties": false
    }
  },
  {
    "name": "NETLIFY__CREATE_DEPLOY_KEY",
    "description": "Step 1 of private repository deployment: Create a new deploy key pair. This generates SSH keys that allow Netlify to access private repositories. After creating this, use NETLIFY__GET_DEPLOY_KEY or NETLIFY__LIST_DEPLOY_KEYS to get the public key, then add it to your GitHub repository using GITHUB__CREATE_DEPLOY_KEY.",
    "tags": [],
    "tool_metadata": {
      "canonical_tool_name": "CREATE_DEPLOY_KEY",
      "canonical_tool_description_hash": "dda40107ff94ae427cfdf497a04a5df4f27303bf7a0012e3d116df8be1c2c720",
      "canonical_tool_input_schema_hash": "c5d7d3f8942ee3b390f8ae7c8b8d4820ae87938344b4a27b3cb5d8b80ee296ab"
    },
    "input_schema": {
      "type": "object",
      "required": ["body"],
      "properties": {
        "body": {
          "type": "object",
          "required": [],
          "properties": {
            "title": {
              "type": "string",
              "description": "A descriptive title for the deploy key."
            }
          },
          "description": "Deploy key configuration",
          "additionalProperties": false
        }
      },
      "additionalProperties": false
    }
  },
  {
    "name": "NETLIFY__GET_DEPLOY_KEY",
    "description": "Get information about a specific deploy key.",
    "tags": [],
    "tool_metadata": {
      "canonical_tool_name": "GET_DEPLOY_KEY",
      "canonical_tool_description_hash": "9768d4f41e86c622f788db66d417cff2216be59b71ada83e0bb20ec5879d6c58",
      "canonical_tool_input_schema_hash": "bdbbb82424bcff66649f33c46c275303e990af8253f8ac0e69a77a3f1f6d99cf"
    },
    "input_schema": {
      "type": "object",
      "required": ["path"],
      "properties": {
        "path": {
          "type": "object",
          "required": ["key_id"],
          "properties": {
            "key_id": {
              "type": "string",
              "description": "The unique identifier of the deploy key."
            }
          },
          "description": "path parameters",
          "additionalProperties": false
        }
      },
      "additionalProperties": false
    }
  },
  {
    "name": "NETLIFY__LIST_DEPLOY_KEYS",
    "description": "List all deploy keys for the account.",
    "tags": [],
    "tool_metadata": {
      "canonical_tool_name": "LIST_DEPLOY_KEYS",
      "canonical_tool_description_hash": "1a9640b754abb0c703dae3fbfd758510b6ddfaefc899d6f3c6da4759fdcb64e7",
      "canonical_tool_input_schema_hash": "d746974fa9afd5e951f76f9af38954b0ad7f436f2120dc974da65e5ee39f856f"
    },
    "input_schema": {
      "type": "object",
      "required": [],
      "properties": {},
      "additionalProperties": false
    }
  },
  {
    "name": "NETLIFY__DELETE_DEPLOY_KEY",
    "description": "Delete a deploy key.",
    "tags": [],
    "tool_metadata": {
      "canonical_tool_name": "DELETE_DEPLOY_KEY",
      "canonical_tool_description_hash": "b3e2e99956b2ce5a3469543045e3acf55e893152737309514b6121695e31312d",
      "canonical_tool_input_schema_hash": "bdbbb82424bcff66649f33c46c275303e990af8253f8ac0e69a77a3f1f6d99cf"
    },
    "input_schema": {
      "type": "object",
      "required": ["path"],
      "properties": {
        "path": {
          "type": "object",
          "required": ["key_id"],
          "properties": {
            "key_id": {
              "type": "string",
              "description": "The unique identifier of the deploy key."
            }
          },
          "description": "path parameters",
          "additionalProperties": false
        }
      },
      "additionalProperties": false
    }
  },
  {
    "name": "NETLIFY__CREATE_BUILD_HOOK",
    "description": "Create a new build hook for a site. Build hooks provide unique URLs to trigger new builds and deploys from external services or scripts. Once created, use NETLIFY__TRIGGER_BUILD_HOOK to actually trigger builds.",
    "tags": [],
    "tool_metadata": {
      "canonical_tool_name": "CREATE_BUILD_HOOK",
      "canonical_tool_description_hash": "9fe0cecf01005654ff25d3d8339612758896c80e0602d0d7ec4b0aa445d7cd4a",
      "canonical_tool_input_schema_hash": "ea030d6f82791d16831ab8b981a525a45d90f6d40a2cabc407f65726c6112b38"
    },
    "input_schema": {
      "type": "object",
      "required": ["path", "body"],
      "properties": {
        "body": {
          "type": "object",
          "required": ["title"],
          "properties": {
            "title": {
              "type": "string",
              "description": "A descriptive name for the build hook. This will appear in deploy messages."
            },
            "branch": {
              "type": "string",
              "default": "main",
              "description": "The branch to build when the hook is triggered. Defaults to the site's default branch."
            }
          },
          "description": "Build hook configuration",
          "additionalProperties": false
        },
        "path": {
          "type": "object",
          "required": ["site_id"],
          "properties": {
            "site_id": {
              "type": "string",
              "description": "The unique identifier of the site to create a build hook for."
            }
          },
          "description": "Path parameters",
          "additionalProperties": false
        }
      },
      "additionalProperties": false
    }
  },
  {
    "name": "NETLIFY__TRIGGER_BUILD_HOOK",
    "description": "Trigger a new build and deployment by calling a build hook URL. Build hooks pull the latest code from the connected Git repository and rebuild the site. This is the recommended method for triggering Git-based deployments.",
    "tags": [],
    "tool_metadata": {
      "canonical_tool_name": "TRIGGER_BUILD_HOOK",
      "canonical_tool_description_hash": "65939e6f9c7e76808a95cdf794c564c927e347faf64774976622d9413b072445",
      "canonical_tool_input_schema_hash": "c41966a856911c0f51e8b37791425a8694874b0b1602ea86f5bbae1e7cb497d2"
    },
    "input_schema": {
      "type": "object",
      "required": ["path"],
      "properties": {
        "body": {
          "type": "object",
          "required": [],
          "properties": {
            "message": {
              "type": "string",
              "description": "Custom message or payload to include with the build trigger."
            }
          },
          "description": "Optional payload that will be available as INCOMING_HOOK_BODY environment variable",
          "additionalProperties": false
        },
        "path": {
          "type": "object",
          "required": ["hook_id"],
          "properties": {
            "hook_id": {
              "type": "string",
              "description": "The build hook ID from the build hook URL. Find this in Project configuration > Build & deploy > Build hooks."
            }
          },
          "description": "Build hook parameters",
          "additionalProperties": false
        },
        "query": {
          "type": "object",
          "required": [],
          "properties": {
            "clear_cache": {
              "type": "boolean",
              "default": false,
              "description": "When set to true, triggers a build with a cleared cache."
            },
            "trigger_title": {
              "type": "string",
              "description": "Custom title to replace the default deploy message in your site deploy list."
            },
            "trigger_branch": {
              "type": "string",
              "description": "Specify which repository branch the build will use. If not specified, uses the default branch."
            }
          },
          "description": "Optional parameters to customize the build",
          "additionalProperties": false
        }
      },
      "additionalProperties": false
    }
  }
]
