{
  "name": "CAL",
  "url": "https://mcp.aci.dev/virtual/mcp?server_name=CAL",
  "transport_type": "streamable_http",
  "description": "Cal.com is a fully customizable scheduling platform that enables individuals and teams to automate meeting bookings, manage availability, and integrate with popular calendar and productivity tools. With Cal.com, users can streamline appointment scheduling, avoid double bookings, and enhance collaboration through flexible, privacy-focused solutions.",
  "logo": "https://raw.githubusercontent.com/aipotheosis-labs/aipolabs-icons/refs/heads/main/apps/cal.svg",
  "categories": ["Productivity", "Communication"],
  "auth_configs": [
    {
      "type": "api_key",
      "location": "header",
      "name": "Authorization"
    }
  ],
  "server_metadata": {
    "is_virtual_mcp_server": true
  }
}
