[
  {
    "name": "GMAIL__SEND_EMAIL",
    "description": "Sends an email on behalf of the user",
    "tool_metadata": {
      "type": "connector"
    },
    "input_schema": {
      "type": "object",
      "properties": {
        "sender": {
          "type": "string",
          "description": "The user's email address where the email will be sent from. The special value me can be used to indicate the authenticated user.",
          "default": "me"
        },
        "recipient": {
          "type": "string",
          "description": "The email address of the recipient.",
          "format": "email"
        },
        "body": {
          "type": "string",
          "description": "The body content of the email, for now only plain text is supported."
        },
        "subject": {
          "type": "string",
          "description": "The subject of the email."
        },
        "cc": {
          "type": "array",
          "items": {
            "type": "string",
            "format": "email"
          },
          "description": "The email addresses of the cc recipients."
        },
        "bcc": {
          "type": "array",
          "items": {
            "type": "string",
            "format": "email"
          },
          "description": "The email addresses of the bcc recipients."
        }
      },
      "required": ["sender", "recipient", "body"],
      "additionalProperties": false
    }
  },
  {
    "name": "GMAIL__MESSAGES_LIST",
    "description": "Lists the messages in the user's mailbox",
    "tool_metadata": {
      "type": "rest",
      "method": "GET",
      "endpoint": "https://gmail.googleapis.com/gmail/v1/users/me/messages"
    },
    "input_schema": {
      "type": "object",
      "properties": {
        "query": {
          "type": "object",
          "description": "Query parameters",
          "properties": {
            "maxResults": {
              "type": "integer",
              "description": "Maximum number of messages to return. Default is 100.",
              "maximum": 500,
              "default": 100
            },
            "pageToken": {
              "type": "string",
              "description": "Page token to retrieve a specific page of results",
              "default": null
            },
            "q": {
              "type": "string",
              "description": "Only return messages matching the specified query. Supports the same query format as the Gmail search box."
            },
            "labelIds": {
              "type": "array",
              "description": "Only return messages with labels that match all of the specified label IDs.",
              "items": {
                "type": "string"
              }
            },
            "includeSpamTrash": {
              "type": "boolean",
              "description": "Include messages from SPAM and TRASH in the results.",
              "default": false
            }
          },
          "required": [],
          "visible": ["maxResults", "pageToken", "q", "labelIds", "includeSpamTrash"],
          "additionalProperties": false
        }
      },
      "required": [],
      "visible": ["query"],
      "additionalProperties": false
    }
  },
  {
    "name": "GMAIL__MESSAGES_GET",
    "description": "Gets the specified message",
    "tool_metadata": {
      "type": "rest",
      "method": "GET",
      "endpoint": "https://gmail.googleapis.com/gmail/v1/users/me/messages/{id}"
    },
    "input_schema": {
      "type": "object",
      "properties": {
        "path": {
          "type": "object",
          "description": "Path parameters",
          "properties": {
            "id": {
              "type": "string",
              "description": "The ID of the message to retrieve"
            }
          },
          "required": ["id"],
          "visible": ["id"],
          "additionalProperties": false
        },
        "query": {
          "type": "object",
          "description": "Query parameters",
          "properties": {
            "format": {
              "type": "string",
              "description": "The format to return the message in",
              "enum": ["full", "metadata", "minimal", "raw"],
              "default": "full"
            },
            "metadataHeaders": {
              "type": "array",
              "description": "When given and format is metadata, only include headers specified",
              "items": {
                "type": "string"
              }
            }
          },
          "required": ["format"],
          "visible": ["format", "metadataHeaders"],
          "additionalProperties": false
        }
      },
      "required": ["path", "query"],
      "visible": ["path", "query"],
      "additionalProperties": false
    }
  },
  {
    "name": "GMAIL__MESSAGES_TRASH",
    "description": "Moves the specified message to the trash",
    "tool_metadata": {
      "type": "rest",
      "method": "POST",
      "endpoint": "https://gmail.googleapis.com/gmail/v1/users/me/messages/{id}/trash"
    },
    "input_schema": {
      "type": "object",
      "properties": {
        "path": {
          "type": "object",
          "description": "Path parameters",
          "properties": {
            "id": {
              "type": "string",
              "description": "The ID of the message to trash"
            }
          },
          "required": ["id"],
          "visible": ["id"],
          "additionalProperties": false
        }
      },
      "required": ["path"],
      "visible": ["path"],
      "additionalProperties": false
    }
  },
  {
    "name": "GMAIL__MESSAGES_UNTRASH",
    "description": "Removes the specified message from the trash",
    "tool_metadata": {
      "type": "rest",
      "method": "POST",
      "endpoint": "https://gmail.googleapis.com/gmail/v1/users/me/messages/{id}/untrash"
    },
    "input_schema": {
      "type": "object",
      "properties": {
        "path": {
          "type": "object",
          "description": "Path parameters",
          "properties": {
            "id": {
              "type": "string",
              "description": "The ID of the message to untrash"
            }
          },
          "required": ["id"],
          "visible": ["id"],
          "additionalProperties": false
        }
      },
      "required": ["path"],
      "visible": ["path"],
      "additionalProperties": false
    }
  },
  {
    "name": "GMAIL__LABELS_LIST",
    "description": "Lists all labels in the user's mailbox",
    "tool_metadata": {
      "type": "rest",
      "method": "GET",
      "endpoint": "https://gmail.googleapis.com/gmail/v1/users/me/labels"
    },
    "input_schema": {
      "type": "object",
      "properties": {},
      "required": [],
      "visible": [],
      "additionalProperties": false
    }
  },
  {
    "name": "GMAIL__LABELS_GET",
    "description": "Gets the specified label",
    "tool_metadata": {
      "type": "rest",
      "method": "GET",
      "endpoint": "https://gmail.googleapis.com/gmail/v1/users/me/labels/{id}"
    },
    "input_schema": {
      "type": "object",
      "properties": {
        "path": {
          "type": "object",
          "description": "Path parameters",
          "properties": {
            "id": {
              "type": "string",
              "description": "The ID of the label to retrieve"
            }
          },
          "required": ["id"],
          "visible": ["id"],
          "additionalProperties": false
        }
      },
      "required": ["path"],
      "visible": ["path"],
      "additionalProperties": false
    }
  },
  {
    "name": "GMAIL__LABELS_CREATE",
    "description": "Creates a new label",
    "tool_metadata": {
      "type": "rest",
      "method": "POST",
      "endpoint": "https://gmail.googleapis.com/gmail/v1/users/me/labels"
    },
    "input_schema": {
      "type": "object",
      "properties": {
        "body": {
          "type": "object",
          "description": "Label data",
          "properties": {
            "name": {
              "type": "string",
              "description": "The display name of the label"
            },
            "messageListVisibility": {
              "type": "string",
              "description": "The visibility of the label in the message list in the Gmail web interface",
              "enum": ["hide", "show"],
              "default": "show"
            },
            "labelListVisibility": {
              "type": "string",
              "description": "The visibility of the label in the label list in the Gmail web interface",
              "enum": ["labelHide", "labelShow", "labelShowIfUnread"],
              "default": "labelShow"
            },
            "color": {
              "type": "object",
              "description": "The color to assign to the label",
              "properties": {
                "textColor": {
                  "type": "string",
                  "description": "The text color of the label"
                },
                "backgroundColor": {
                  "type": "string",
                  "description": "The background color of the label"
                }
              },
              "required": [],
              "visible": ["textColor", "backgroundColor"],
              "additionalProperties": false
            }
          },
          "required": ["name"],
          "visible": ["name", "messageListVisibility", "labelListVisibility", "color"],
          "additionalProperties": false
        }
      },
      "required": ["body"],
      "visible": ["body"],
      "additionalProperties": false
    }
  },
  {
    "name": "GMAIL__LABELS_UPDATE",
    "description": "Updates the specified label",
    "tool_metadata": {
      "type": "rest",
      "method": "PUT",
      "endpoint": "https://gmail.googleapis.com/gmail/v1/users/me/labels/{id}"
    },
    "input_schema": {
      "type": "object",
      "properties": {
        "path": {
          "type": "object",
          "description": "Path parameters",
          "properties": {
            "id": {
              "type": "string",
              "description": "The ID of the label to update"
            }
          },
          "required": ["id"],
          "visible": ["id"],
          "additionalProperties": false
        },
        "body": {
          "type": "object",
          "description": "Label data",
          "properties": {
            "name": {
              "type": "string",
              "description": "The display name of the label"
            },
            "messageListVisibility": {
              "type": "string",
              "description": "The visibility of the label in the message list in the Gmail web interface",
              "enum": ["hide", "show"]
            },
            "labelListVisibility": {
              "type": "string",
              "description": "The visibility of the label in the label list in the Gmail web interface",
              "enum": ["labelHide", "labelShow", "labelShowIfUnread"]
            },
            "color": {
              "type": "object",
              "description": "The color to assign to the label",
              "properties": {
                "textColor": {
                  "type": "string",
                  "description": "The text color of the label"
                },
                "backgroundColor": {
                  "type": "string",
                  "description": "The background color of the label"
                }
              },
              "required": [],
              "visible": ["textColor", "backgroundColor"],
              "additionalProperties": false
            }
          },
          "required": [],
          "visible": ["name", "messageListVisibility", "labelListVisibility", "color"],
          "additionalProperties": false
        }
      },
      "required": ["path", "body"],
      "visible": ["path", "body"],
      "additionalProperties": false
    }
  },
  {
    "name": "GMAIL__LABELS_DELETE",
    "description": "Deletes the specified label",
    "tool_metadata": {
      "type": "rest",
      "method": "DELETE",
      "endpoint": "https://gmail.googleapis.com/gmail/v1/users/me/labels/{id}"
    },
    "input_schema": {
      "type": "object",
      "properties": {
        "path": {
          "type": "object",
          "description": "Path parameters",
          "properties": {
            "id": {
              "type": "string",
              "description": "The ID of the label to delete"
            }
          },
          "required": ["id"],
          "visible": ["id"],
          "additionalProperties": false
        }
      },
      "required": ["path"],
      "visible": ["path"],
      "additionalProperties": false
    }
  },
  {
    "name": "GMAIL__MESSAGES_MODIFY",
    "description": "Modifies the labels on the specified message",
    "tool_metadata": {
      "type": "rest",
      "method": "POST",
      "endpoint": "https://gmail.googleapis.com/gmail/v1/users/me/messages/{id}/modify"
    },
    "input_schema": {
      "type": "object",
      "properties": {
        "path": {
          "type": "object",
          "description": "Path parameters",
          "properties": {
            "id": {
              "type": "string",
              "description": "The ID of the message to modify"
            }
          },
          "required": ["id"],
          "visible": ["id"],
          "additionalProperties": false
        },
        "body": {
          "type": "object",
          "description": "Message modification data",
          "properties": {
            "addLabelIds": {
              "type": "array",
              "description": "A list of label IDs to add to the message",
              "items": {
                "type": "string"
              },
              "default": []
            },
            "removeLabelIds": {
              "type": "array",
              "description": "A list of label IDs to remove from the message",
              "items": {
                "type": "string"
              },
              "default": []
            }
          },
          "required": [],
          "visible": ["addLabelIds", "removeLabelIds"],
          "additionalProperties": false
        }
      },
      "required": ["path", "body"],
      "visible": ["path", "body"],
      "additionalProperties": false
    }
  },
  {
    "name": "GMAIL__DRAFTS_LIST",
    "description": "Lists the drafts in the user's mailbox",
    "tool_metadata": {
      "type": "rest",
      "method": "GET",
      "endpoint": "https://gmail.googleapis.com/gmail/v1/users/me/drafts"
    },
    "input_schema": {
      "type": "object",
      "properties": {
        "query": {
          "type": "object",
          "description": "Query parameters",
          "properties": {
            "maxResults": {
              "type": "integer",
              "description": "Maximum number of drafts to return. Default is 100.",
              "default": 100
            },
            "pageToken": {
              "type": "string",
              "description": "Page token to retrieve a specific page of results",
              "default": null
            },
            "q": {
              "type": "string",
              "description": "Only return drafts matching the specified query. Supports the same query format as the Gmail search box."
            }
          },
          "required": [],
          "visible": ["maxResults", "pageToken", "q"],
          "additionalProperties": false
        }
      },
      "required": [],
      "visible": ["query"],
      "additionalProperties": false
    }
  },
  {
    "name": "GMAIL__DRAFTS_CREATE",
    "description": "create an email draft on behalf of the user",
    "tool_metadata": {
      "type": "connector"
    },
    "input_schema": {
      "type": "object",
      "properties": {
        "sender": {
          "type": "string",
          "description": "The user's email address where the email will be sent from. The special value me can be used to indicate the authenticated user.",
          "default": "me"
        },
        "recipient": {
          "type": "string",
          "description": "The email address of the recipient.",
          "format": "email"
        },
        "body": {
          "type": "string",
          "description": "The body content of the email, for now only plain text is supported."
        },
        "subject": {
          "type": "string",
          "description": "The subject of the email."
        },
        "cc": {
          "type": "array",
          "items": {
            "type": "string",
            "format": "email"
          },
          "description": "The email addresses of the cc recipients."
        },
        "bcc": {
          "type": "array",
          "items": {
            "type": "string",
            "format": "email"
          },
          "description": "The email addresses of the bcc recipients."
        }
      },
      "required": ["sender", "recipient", "body"],
      "additionalProperties": false
    }
  },
  {
    "name": "GMAIL__DRAFTS_GET",
    "description": "Gets the specified draft",
    "tool_metadata": {
      "type": "rest",
      "method": "GET",
      "endpoint": "https://gmail.googleapis.com/gmail/v1/users/me/drafts/{id}"
    },
    "input_schema": {
      "type": "object",
      "properties": {
        "path": {
          "type": "object",
          "description": "Path parameters",
          "properties": {
            "id": {
              "type": "string",
              "description": "The ID of the draft to retrieve"
            }
          },
          "required": ["id"],
          "visible": ["id"],
          "additionalProperties": false
        },
        "query": {
          "type": "object",
          "description": "Query parameters",
          "properties": {
            "format": {
              "type": "string",
              "description": "The format to return the draft message in",
              "enum": ["full", "metadata", "minimal", "raw"],
              "default": "full"
            }
          },
          "required": [],
          "visible": ["format"],
          "additionalProperties": false
        }
      },
      "required": ["path"],
      "visible": ["path", "query"],
      "additionalProperties": false
    }
  },
  {
    "name": "GMAIL__DRAFTS_UPDATE",
    "description": "create an email draft on behalf of the user",
    "tool_metadata": {
      "type": "connector"
    },
    "input_schema": {
      "type": "object",
      "properties": {
        "draft_id": {
          "type": "string",
          "description": "The ID of the draft to update"
        },
        "sender": {
          "type": "string",
          "description": "The user's email address where the email will be sent from. The special value me can be used to indicate the authenticated user.",
          "default": "me"
        },
        "recipient": {
          "type": "string",
          "description": "The email address of the recipient.",
          "format": "email"
        },
        "body": {
          "type": "string",
          "description": "The body content of the email, for now only plain text is supported."
        },
        "subject": {
          "type": "string",
          "description": "The subject of the email."
        },
        "cc": {
          "type": "array",
          "items": {
            "type": "string",
            "format": "email"
          },
          "description": "The email addresses of the cc recipients."
        },
        "bcc": {
          "type": "array",
          "items": {
            "type": "string",
            "format": "email"
          },
          "description": "The email addresses of the bcc recipients."
        }
      },
      "required": ["draft_id", "sender", "recipient", "body"],
      "additionalProperties": false
    }
  },
  {
    "name": "GMAIL__DRAFTS_DELETE",
    "description": "Deletes the specified draft",
    "tool_metadata": {
      "type": "rest",
      "method": "DELETE",
      "endpoint": "https://gmail.googleapis.com/gmail/v1/users/me/drafts/{id}"
    },
    "input_schema": {
      "type": "object",
      "properties": {
        "path": {
          "type": "object",
          "description": "Path parameters",
          "properties": {
            "id": {
              "type": "string",
              "description": "The ID of the draft to delete"
            }
          },
          "required": ["id"],
          "visible": ["id"],
          "additionalProperties": false
        }
      },
      "required": ["path"],
      "visible": ["path"],
      "additionalProperties": false
    }
  },
  {
    "name": "GMAIL__DRAFTS_SEND",
    "description": "Sends the specified draft",
    "tool_metadata": {
      "type": "rest",
      "method": "POST",
      "endpoint": "https://gmail.googleapis.com/gmail/v1/users/me/drafts/send"
    },
    "input_schema": {
      "type": "object",
      "properties": {
        "body": {
          "type": "object",
          "description": "Draft data",
          "properties": {
            "id": {
              "type": "string",
              "description": "The ID of the draft to send"
            }
          },
          "required": ["id"],
          "visible": ["id"],
          "additionalProperties": false
        }
      },
      "required": ["body"],
      "visible": ["body"],
      "additionalProperties": false
    }
  },
  {
    "name": "GMAIL__THREADS_LIST",
    "description": "Lists the threads in the user's mailbox",
    "tool_metadata": {
      "type": "rest",
      "method": "GET",
      "endpoint": "https://gmail.googleapis.com/gmail/v1/users/me/threads"
    },
    "input_schema": {
      "type": "object",
      "properties": {
        "query": {
          "type": "object",
          "description": "Query parameters",
          "properties": {
            "maxResults": {
              "type": "integer",
              "description": "Maximum number of threads to return. Default is 100.",
              "default": 100
            },
            "pageToken": {
              "type": "string",
              "description": "Page token to retrieve a specific page of results",
              "default": null
            },
            "q": {
              "type": "string",
              "description": "Only return threads matching the specified query. Supports the same query format as the Gmail search box."
            },
            "labelIds": {
              "type": "array",
              "description": "Only return threads with labels that match all of the specified label IDs.",
              "items": {
                "type": "string"
              }
            },
            "includeSpamTrash": {
              "type": "boolean",
              "description": "Include threads from SPAM and TRASH in the results.",
              "default": false
            }
          },
          "required": [],
          "visible": ["maxResults", "pageToken", "q", "labelIds", "includeSpamTrash"],
          "additionalProperties": false
        }
      },
      "required": [],
      "visible": ["query"],
      "additionalProperties": false
    }
  },
  {
    "name": "GMAIL__THREADS_GET",
    "description": "Gets the specified thread",
    "tool_metadata": {
      "type": "rest",
      "method": "GET",
      "endpoint": "https://gmail.googleapis.com/gmail/v1/users/me/threads/{id}"
    },
    "input_schema": {
      "type": "object",
      "properties": {
        "path": {
          "type": "object",
          "description": "Path parameters",
          "properties": {
            "id": {
              "type": "string",
              "description": "The ID of the thread to retrieve"
            }
          },
          "required": ["id"],
          "visible": ["id"],
          "additionalProperties": false
        },
        "query": {
          "type": "object",
          "description": "Query parameters",
          "properties": {
            "format": {
              "type": "string",
              "description": "The format to return the messages in",
              "enum": ["full", "metadata", "minimal"],
              "default": "metadata"
            }
          },
          "required": ["format"],
          "visible": [],
          "additionalProperties": false
        }
      },
      "required": ["path", "query"],
      "visible": ["path"],
      "additionalProperties": false
    }
  },
  {
    "name": "GMAIL__THREADS_MODIFY",
    "description": "Modifies the labels applied to the thread",
    "tool_metadata": {
      "type": "rest",
      "method": "POST",
      "endpoint": "https://gmail.googleapis.com/gmail/v1/users/me/threads/{id}/modify"
    },
    "input_schema": {
      "type": "object",
      "properties": {
        "path": {
          "type": "object",
          "description": "Path parameters",
          "properties": {
            "id": {
              "type": "string",
              "description": "The ID of the thread to modify"
            }
          },
          "required": ["id"],
          "visible": ["id"],
          "additionalProperties": false
        },
        "body": {
          "type": "object",
          "description": "Request body",
          "properties": {
            "addLabelIds": {
              "type": "array",
              "description": "A list of IDs of labels to add to this thread",
              "items": {
                "type": "string"
              }
            },
            "removeLabelIds": {
              "type": "array",
              "description": "A list of IDs of labels to remove from this thread",
              "items": {
                "type": "string"
              }
            }
          },
          "required": [],
          "visible": ["addLabelIds", "removeLabelIds"],
          "additionalProperties": false
        }
      },
      "required": ["path", "body"],
      "visible": ["path", "body"],
      "additionalProperties": false
    }
  },
  {
    "name": "GMAIL__THREADS_TRASH",
    "description": "Moves the specified thread to the trash",
    "tool_metadata": {
      "type": "rest",
      "method": "POST",
      "endpoint": "https://gmail.googleapis.com/gmail/v1/users/me/threads/{id}/trash"
    },
    "input_schema": {
      "type": "object",
      "properties": {
        "path": {
          "type": "object",
          "description": "Path parameters",
          "properties": {
            "id": {
              "type": "string",
              "description": "The ID of the thread to trash"
            }
          },
          "required": ["id"],
          "visible": ["id"],
          "additionalProperties": false
        }
      },
      "required": ["path"],
      "visible": ["path"],
      "additionalProperties": false
    }
  },
  {
    "name": "GMAIL__THREADS_UNTRASH",
    "description": "Removes the specified thread from the trash",
    "tool_metadata": {
      "type": "rest",
      "method": "POST",
      "endpoint": "https://gmail.googleapis.com/gmail/v1/users/me/threads/{id}/untrash"
    },
    "input_schema": {
      "type": "object",
      "properties": {
        "path": {
          "type": "object",
          "description": "Path parameters",
          "properties": {
            "id": {
              "type": "string",
              "description": "The ID of the thread to untrash"
            }
          },
          "required": ["id"],
          "visible": ["id"],
          "additionalProperties": false
        }
      },
      "required": ["path"],
      "visible": ["path"],
      "additionalProperties": false
    }
  },
  {
    "name": "GMAIL__THREADS_DELETE",
    "description": "Immediately and permanently deletes the specified thread",
    "tool_metadata": {
      "type": "rest",
      "method": "DELETE",
      "endpoint": "https://gmail.googleapis.com/gmail/v1/users/me/threads/{id}"
    },
    "input_schema": {
      "type": "object",
      "properties": {
        "path": {
          "type": "object",
          "description": "Path parameters",
          "properties": {
            "id": {
              "type": "string",
              "description": "The ID of the thread to delete"
            }
          },
          "required": ["id"],
          "visible": ["id"],
          "additionalProperties": false
        }
      },
      "required": ["path"],
      "visible": ["path"],
      "additionalProperties": false
    }
  }
]
