{
  "name": "BREEZY",
  "url": "https://mcp.aci.dev/virtual/mcp?server_name=BREEZY",
  "transport_type": "streamable_http",
  "description": "Breezy HR is an applicant tracking system that helps companies streamline their hiring process with features for job posting, candidate management, and interview scheduling.",
  "logo": "https://raw.githubusercontent.com/aipotheosis-labs/aipolabs-icons/refs/heads/main/apps/breezy.svg",
  "categories": ["HR"],
  "auth_configs": [
    {
      "type": "api_key",
      "location": "header",
      "name": "Authorization"
    }
  ],
  "server_metadata": {
    "is_virtual_mcp_server": true
  }
}
