[
  {
    "name": "BREEZY__GET_COMPANY",
    "description": "Retrieve the company information associated with the specified company ID",
    "tags": [],
    "tool_metadata": {
      "canonical_tool_name": "GET_COMPANY",
      "canonical_tool_description_hash": "a8938002402a2afdbaa25fb13b4fa4ba07a1dbc231f2adf313385af0af1722a2",
      "canonical_tool_input_schema_hash": "12cf8ca61e2ee750857f710db604b485d44e835f74bf6d8b14f47ae948bc8a06"
    },
    "input_schema": {
      "type": "object",
      "required": ["path"],
      "properties": {
        "path": {
          "type": "object",
          "required": ["company_id"],
          "properties": {
            "company_id": {
              "type": "string",
              "description": "Unique identifier for the company"
            }
          },
          "description": "Path parameters for the request",
          "additionalProperties": false
        }
      },
      "additionalProperties": false
    }
  },
  {
    "name": "BREEZY__GET_POSITIONS",
    "description": "Retrieve all positions for given company in given state (status)",
    "tags": [],
    "tool_metadata": {
      "canonical_tool_name": "GET_POSITIONS",
      "canonical_tool_description_hash": "ad8cf24c00716f897927df376494dc2e06a540b178bf4dafcafa40a28e39ccbb",
      "canonical_tool_input_schema_hash": "50ac7d26f1ec1fc521a2247bffe599bc431010f345e637bae72cdd9ed7d974c1"
    },
    "input_schema": {
      "type": "object",
      "required": ["path"],
      "properties": {
        "path": {
          "type": "object",
          "required": ["company_id"],
          "properties": {
            "company_id": {
              "type": "string",
              "description": "Unique identifier for the company"
            }
          },
          "description": "Path parameters for the request",
          "additionalProperties": false
        },
        "query": {
          "type": "object",
          "required": [],
          "properties": {
            "state": {
              "enum": ["draft", "archived", "published", "closed", "pending"],
              "type": "string",
              "default": "published",
              "description": "Specify an optional position state filter. Default is published."
            }
          },
          "description": "Query parameters for the request",
          "additionalProperties": false
        }
      },
      "additionalProperties": false
    }
  },
  {
    "name": "BREEZY__GET_POSITION_BYID",
    "description": "Retrieve details for given position id",
    "tags": [],
    "tool_metadata": {
      "canonical_tool_name": "GET_POSITION_BYID",
      "canonical_tool_description_hash": "54a9611814364b710f9b3fb9d2d2b1e320732264ee5d1ea75d801085cc9bede0",
      "canonical_tool_input_schema_hash": "8e623219c75199174a73f4c1c990c0e51e83af18af2eaec0a36a38e1250ae19c"
    },
    "input_schema": {
      "type": "object",
      "required": ["path"],
      "properties": {
        "path": {
          "type": "object",
          "required": ["company_id", "position_id"],
          "properties": {
            "company_id": {
              "type": "string",
              "description": "Unique identifier for the company"
            },
            "position_id": {
              "type": "string",
              "description": "Unique identifier for the position"
            }
          },
          "description": "Path parameters for the request",
          "additionalProperties": false
        }
      },
      "additionalProperties": false
    }
  }
]
