{
  "name": "TYPEFULLY",
  "url": "https://mcp.aci.dev/virtual/mcp?server_name=TYPEFULLY",
  "transport_type": "streamable_http",
  "description": "Typefully is a Twitter/X writing platform that helps users create, schedule, and publish better tweets and threads. It provides powerful API capabilities for draft management and content scheduling.",
  "logo": "https://raw.githubusercontent.com/aipotheosis-labs/aipolabs-icons/refs/heads/main/apps/typefully.svg",
  "categories": ["Marketing", "Productivity"],
  "auth_configs": [
    {
      "type": "api_key",
      "location": "header",
      "name": "X-API-KEY",
      "prefix": "Bearer"
    }
  ],
  "server_metadata": {
    "is_virtual_mcp_server": true
  }
}
