[
  {
    "name": "TYPEFULLY__CREATE_DRAFT",
    "description": "Create a draft given some plain-text content",
    "tags": [],
    "tool_metadata": {
      "canonical_tool_name": "CREATE_DRAFT",
      "canonical_tool_description_hash": "f5cee4627b184cf558ce48dc6ea8e091b296128b698b639fb7a8097f2ddb17b8",
      "canonical_tool_input_schema_hash": "998fbe3d8b0e48990a92a5a236067609ff5cca6d4e6e8f3e2d79ee0588969aee"
    },
    "input_schema": {
      "type": "object",
      "required": ["body"],
      "properties": {
        "body": {
          "type": "object",
          "required": ["content"],
          "properties": {
            "share": {
              "type": "boolean",
              "description": "If true, returned payload will include a share_url"
            },
            "content": {
              "type": "string",
              "description": "Content of the draft. You can split into multiple tweets by adding 4 consecutive newlines between tweets in the content."
            },
            "threadify": {
              "type": "boolean",
              "description": "Content will be automatically split into multiple tweets"
            },
            "schedule-date": {
              "type": "string",
              "description": "Can either be an ISO formatted date (e.g.: 2022-06-13T11:13:31.662Z) or 'next-free-slot'"
            },
            "auto_plug_enabled": {
              "type": "boolean",
              "description": "If true, the post will have an AutoPlug enabled, according to the one set on Typefully for the account"
            },
            "auto_retweet_enabled": {
              "type": "boolean",
              "description": "If true, the post will have an AutoRT enabled, according to the one set on Typefully for the account"
            }
          },
          "description": "Draft content and options",
          "additionalProperties": false
        }
      },
      "additionalProperties": false
    }
  },
  {
    "name": "TYPEFULLY__GET_RECENTLY_PUBLISHED_DRAFTS",
    "description": "Get a list of all the most recently published drafts in Typefully",
    "tags": [],
    "tool_metadata": {
      "canonical_tool_name": "GET_RECENTLY_PUBLISHED_DRAFTS",
      "canonical_tool_description_hash": "a199eecc79c8503460a31d0070dbc8450d3aba273454a819e81aa6bf5c5791ef",
      "canonical_tool_input_schema_hash": "07530d0a70dfacf52826512a5d98b9818f3ec6f9d649c1b13f5dca2e5466c35f"
    },
    "input_schema": {
      "type": "object",
      "required": [],
      "properties": {
        "query": {
          "type": "object",
          "required": [],
          "properties": {
            "content_filter": {
              "enum": ["threads", "tweets"],
              "type": "string",
              "description": "Filters the list of drafts to only include tweets or threads"
            }
          },
          "description": "Query parameters",
          "additionalProperties": false
        }
      },
      "additionalProperties": false
    }
  },
  {
    "name": "TYPEFULLY__GET_LATEST_NOTIFICATIONS",
    "description": "Get the latest notifications from Typefully",
    "tags": [],
    "tool_metadata": {
      "canonical_tool_name": "GET_LATEST_NOTIFICATIONS",
      "canonical_tool_description_hash": "8483e8f12c6fe6c7e256e0b88ac7b5be6ff6dfba0ca530dfb4fdcdb9fd15f84f",
      "canonical_tool_input_schema_hash": "2bc44200a436c8e627c05e3638211d834f6c5db7e528e785963f07ec9b01deb9"
    },
    "input_schema": {
      "type": "object",
      "required": [],
      "properties": {
        "query": {
          "type": "object",
          "required": [],
          "properties": {
            "kind": {
              "enum": ["inbox", "activity"],
              "type": "string",
              "description": "Filter notifications based on whether they are inbox notifications (e.g. comments, replies) or activity events (e.g. tweet published)"
            }
          },
          "description": "Query parameters",
          "additionalProperties": false
        }
      },
      "additionalProperties": false
    }
  },
  {
    "name": "TYPEFULLY__MARK_NOTIFICATIONS_READ",
    "description": "Mark all notifications as read",
    "tags": [],
    "tool_metadata": {
      "canonical_tool_name": "MARK_NOTIFICATIONS_READ",
      "canonical_tool_description_hash": "6d82efd5f9d1ca3a690b7839f156d0abf6ceb81dac377f5cc632a099c59f9bab",
      "canonical_tool_input_schema_hash": "def2f477aedadfadd0e5d8d2bc5a22a418b3feeecdd265fc400fa05cd795c675"
    },
    "input_schema": {
      "type": "object",
      "required": [],
      "properties": {
        "body": {
          "type": "object",
          "required": [],
          "properties": {
            "kind": {
              "enum": ["inbox", "activity"],
              "type": "string",
              "description": "Specifies whether to mark inbox notifications (e.g. comments, replies) or activities (e.g. publishing events) as read"
            },
            "username": {
              "type": "string",
              "description": "The username of the account. If given, it will only mark read notifications for that specific account"
            }
          },
          "description": "Options for marking notifications as read",
          "additionalProperties": false
        }
      },
      "additionalProperties": false
    }
  },
  {
    "name": "TYPEFULLY__GET_RECENTLY_SCHEDULED_DRAFTS",
    "description": "Get a list of all the most recently scheduled drafts in Typefully",
    "tags": [],
    "tool_metadata": {
      "canonical_tool_name": "GET_RECENTLY_SCHEDULED_DRAFTS",
      "canonical_tool_description_hash": "cef5a26daf5d86a57a5b0bb5b16dd0d1d88d0694b2ff8a8caee5e695a5a44b0d",
      "canonical_tool_input_schema_hash": "07530d0a70dfacf52826512a5d98b9818f3ec6f9d649c1b13f5dca2e5466c35f"
    },
    "input_schema": {
      "type": "object",
      "required": [],
      "properties": {
        "query": {
          "type": "object",
          "required": [],
          "properties": {
            "content_filter": {
              "enum": ["threads", "tweets"],
              "type": "string",
              "description": "Filters the list of drafts to only include tweets or threads"
            }
          },
          "description": "Query parameters",
          "additionalProperties": false
        }
      },
      "additionalProperties": false
    }
  }
]
