{
  "name": "MICROSOFT_TEAMS",
  "url": "https://mcp.aci.dev/virtual/mcp?server_name=MICROSOFT_TEAMS",
  "transport_type": "streamable_http",
  "description": "The Microsoft Graph Teams API enables access to Microsoft Teams data including teams, channels, messages, and team settings. This integration allows managing Teams content and collaboration on behalf of the user.",
  "logo": "https://raw.githubusercontent.com/aipotheosis-labs/aipolabs-icons/refs/heads/main/apps/microsoft_teams.jpg",
  "categories": ["Communication", "Collaboration", "Productivity"],
  "auth_configs": [
    {
      "type": "oauth2",
      "client_id": "{{ CLIENT_ID }}",
      "client_secret": "{{ CLIENT_SECRET }}",
      "scope": "User.Read Team.ReadBasic.All Channel.ReadBasic.All ChannelMessage.ReadWrite ChannelMessage.Read.All ChannelMessage.Send ChannelSettings.ReadWrite.All Chat.Create Chat.ReadBasic Chat.Read Chat.ReadWrite Chat.ReadWrite.All ChatMessage.Read ChatMessage.Send ChatMember.ReadWrite Group.Read.All Group.ReadWrite.All TeamMember.ReadWrite.All offline_access",
      "authorize_url": "https://login.microsoftonline.com/common/oauth2/v2.0/authorize",
      "access_token_url": "https://login.microsoftonline.com/common/oauth2/v2.0/token",
      "refresh_token_url": "https://login.microsoftonline.com/common/oauth2/v2.0/token"
    }
  ],
  "server_metadata": {
    "is_virtual_mcp_server": true
  }
}
