{
  "name": "NOTION",
  "url": "https://mcp.notion.com/mcp",
  "transport_type": "streamable_http",
  "description": "Notion API is a REST API to manage Notion workspaces which are collaborative environments where teams can organize work, manage projects, and store information in a highly customizable way.",
  "logo": "https://raw.githubusercontent.com/aipotheosis-labs/aipolabs-icons/refs/heads/main/apps/notion.svg",
  "categories": ["Productivity", "Document Management"],
  "auth_configs": [
    {
      "type": "oauth2",
      "client_id": "{{ CLIENT_ID }}",
      "client_secret": "{{ CLIENT_SECRET }}",
      "scope": "",
      "authorize_url": "https://mcp.notion.com/authorize",
      "access_token_url": "https://mcp.notion.com/token",
      "refresh_token_url": "https://mcp.notion.com/token"
    }
  ],
  "server_metadata": {}
}
