{
  "name": "RESEND",
  "url": "https://mcp.aci.dev/virtual/mcp?server_name=RESEND",
  "transport_type": "streamable_http",
  "description": "Resend is the email API for developers. It provides a modern API for sending transactional emails, managing email templates, and tracking email delivery status with comprehensive analytics.",
  "logo": "https://raw.githubusercontent.com/aipotheosis-labs/aipolabs-icons/refs/heads/main/apps/resend.svg",
  "categories": ["Communication"],
  "auth_configs": [
    {
      "type": "api_key",
      "location": "header",
      "name": "Authorization",
      "prefix": "Bearer"
    }
  ],
  "server_metadata": {
    "is_virtual_mcp_server": true
  }
}
