[
  {
    "name": "RESEND__SEND_EMAIL",
    "description": "Start sending emails through the Resend Email API.",
    "tags": [],
    "tool_metadata": {
      "canonical_tool_name": "SEND_EMAIL",
      "canonical_tool_description_hash": "be0790cf2fc90d18d44cb925d70453ad292f88149d739b27596eb6306312655f",
      "canonical_tool_input_schema_hash": "fbc46d309bfc0a78f81995a0838ad495d926e7a7984fc70a5ff59282830d1052"
    },
    "input_schema": {
      "type": "object",
      "required": ["body"],
      "properties": {
        "body": {
          "type": "object",
          "required": ["from", "to", "subject"],
          "properties": {
            "cc": {
              "type": "array",
              "items": {
                "type": "string"
              },
              "description": "Cc recipient email address(es)"
            },
            "to": {
              "type": "array",
              "items": {
                "type": "string"
              },
              "description": "Recipient email address(es)"
            },
            "bcc": {
              "type": "array",
              "items": {
                "type": "string"
              },
              "description": "Bcc recipient email address(es)"
            },
            "from": {
              "type": "string",
              "description": "Sender email address"
            },
            "html": {
              "type": "string",
              "description": "The HTML version of the message"
            },
            "tags": {
              "type": "array",
              "items": {
                "type": "object",
                "visible": ["name", "value"],
                "required": ["name", "value"],
                "properties": {
                  "name": {
                    "type": "string",
                    "description": "The name of the email tag"
                  },
                  "value": {
                    "type": "string",
                    "description": "The value of the email tag"
                  }
                }
              },
              "description": "Custom data passed in key/value pairs"
            },
            "text": {
              "type": "string",
              "description": "The plain text version of the message"
            },
            "subject": {
              "type": "string",
              "description": "Email subject"
            },
            "reply_to": {
              "oneOf": [
                {
                  "type": "string",
                  "format": "email",
                  "description": "Single reply-to email address"
                },
                {
                  "type": "array",
                  "items": {
                    "type": "string",
                    "format": "email"
                  },
                  "description": "Multiple reply-to email addresses"
                }
              ],
              "description": "Reply-to email address(es). Can be a single email or an array of emails."
            },
            "scheduled_at": {
              "type": "string",
              "description": "Schedule email to be sent later. The date should be in natural language (e.g.: in 1 min) or ISO 8601 format (e.g: 2024-08-05T11:52:01.858Z)."
            }
          },
          "description": "Body parameters for the email request",
          "additionalProperties": false
        }
      },
      "additionalProperties": false
    }
  },
  {
    "name": "RESEND__RETRIVE_EMAIL",
    "description": "Retrieve a single email.",
    "tags": [],
    "tool_metadata": {
      "canonical_tool_name": "RETRIVE_EMAIL",
      "canonical_tool_description_hash": "1ef6b7216a335c78b03a99695209a09f22931bc6bee08558ceb99f46f9228014",
      "canonical_tool_input_schema_hash": "9eb959adb3049bf7550682df676f3fa99d5ebd36fd2114c29a19f9b50aaab36d"
    },
    "input_schema": {
      "type": "object",
      "required": ["path"],
      "properties": {
        "path": {
          "type": "object",
          "required": ["id"],
          "properties": {
            "id": {
              "type": "string",
              "description": "The ID of the email to retrieve"
            }
          },
          "description": "Path parameters for the request",
          "additionalProperties": false
        }
      },
      "additionalProperties": false
    }
  },
  {
    "name": "RESEND__SEND_BATCH_EMAILS",
    "description": "Trigger up to 100 batch emails at once.",
    "tags": [],
    "tool_metadata": {
      "canonical_tool_name": "SEND_BATCH_EMAILS",
      "canonical_tool_description_hash": "2ee675340de6e0b3e4913c5aabf446ab0e76186de280ca156f9882d0d9543e0d",
      "canonical_tool_input_schema_hash": "96eab16510cdcb114d6726a2993f814a40f0fc2bd43897a056e79370d9b5bdcf"
    },
    "input_schema": {
      "type": "object",
      "required": ["body"],
      "properties": {
        "body": {
          "type": "array",
          "items": {
            "type": "object",
            "visible": [
              "from",
              "to",
              "subject",
              "bcc",
              "cc",
              "scheduled_at",
              "reply_to",
              "html",
              "text",
              "tags"
            ],
            "required": ["from", "to", "subject"],
            "properties": {
              "cc": {
                "type": "array",
                "items": {
                  "type": "string"
                },
                "description": "Cc recipient email address(es)"
              },
              "to": {
                "type": "array",
                "items": {
                  "type": "string"
                },
                "description": "Recipient email address(es)"
              },
              "bcc": {
                "type": "array",
                "items": {
                  "type": "string"
                },
                "description": "Bcc recipient email address(es)"
              },
              "from": {
                "type": "string",
                "description": "Sender email address"
              },
              "html": {
                "type": "string",
                "description": "The HTML version of the message"
              },
              "tags": {
                "type": "array",
                "items": {
                  "type": "object",
                  "visible": ["name", "value"],
                  "required": ["name", "value"],
                  "properties": {
                    "name": {
                      "type": "string",
                      "description": "The name of the email tag"
                    },
                    "value": {
                      "type": "string",
                      "description": "The value of the email tag"
                    }
                  }
                },
                "description": "Custom data passed in key/value pairs"
              },
              "text": {
                "type": "string",
                "description": "The plain text version of the message"
              },
              "subject": {
                "type": "string",
                "description": "Email subject"
              },
              "reply_to": {
                "oneOf": [
                  {
                    "type": "string",
                    "format": "email",
                    "description": "Single reply-to email address"
                  },
                  {
                    "type": "array",
                    "items": {
                      "type": "string",
                      "format": "email"
                    },
                    "description": "Multiple reply-to email addresses"
                  }
                ],
                "description": "Reply-to email address(es). Can be a single email or an array of emails."
              },
              "scheduled_at": {
                "type": "string",
                "description": "Schedule email to be sent later. The date should be in natural language (e.g.: in 1 min) or ISO 8601 format (e.g: 2024-08-05T11:52:01.858Z)."
              }
            },
            "additionalProperties": false
          },
          "description": "Array of email objects to send in batch"
        }
      },
      "additionalProperties": false
    }
  },
  {
    "name": "RESEND__UPDATE_EMAIL",
    "description": "Update a scheduled email.",
    "tags": [],
    "tool_metadata": {
      "canonical_tool_name": "UPDATE_EMAIL",
      "canonical_tool_description_hash": "a640ddce6c6e5f4dcd51eca2fa819310492a8320855a4d293e2d056e56a4f675",
      "canonical_tool_input_schema_hash": "4005263324dd971000b2e2c10d7fde58595cc24bd1c075a8fa45403081122eae"
    },
    "input_schema": {
      "type": "object",
      "required": ["path", "body"],
      "properties": {
        "body": {
          "type": "object",
          "required": ["scheduled_at"],
          "properties": {
            "scheduled_at": {
              "type": "string",
              "description": "Schedule email to be sent later. The date should be in ISO 8601 format (e.g: 2024-08-05T11:52:01.858Z)."
            }
          },
          "description": "Body parameters for the email update request",
          "additionalProperties": false
        },
        "path": {
          "type": "object",
          "required": ["id"],
          "properties": {
            "id": {
              "type": "string",
              "description": "The ID of the email to update"
            }
          },
          "description": "Path parameters for the request",
          "additionalProperties": false
        }
      },
      "additionalProperties": false
    }
  },
  {
    "name": "RESEND__CANCEL_EMAIL",
    "description": "Cancel a scheduled email.",
    "tags": [],
    "tool_metadata": {
      "canonical_tool_name": "CANCEL_EMAIL",
      "canonical_tool_description_hash": "6f14d9854458e0a034071b2b17a274cfcc1a2aebee38aa3e3af15b0ae120dccb",
      "canonical_tool_input_schema_hash": "9f9c789a28d77002264e93a2aad526b69d6c39bef44ac18a991debe7f845878d"
    },
    "input_schema": {
      "type": "object",
      "required": ["path"],
      "properties": {
        "path": {
          "type": "object",
          "required": ["id"],
          "properties": {
            "id": {
              "type": "string",
              "description": "The ID of the email to cancel"
            }
          },
          "description": "Path parameters for the request",
          "additionalProperties": false
        }
      },
      "additionalProperties": false
    }
  },
  {
    "name": "RESEND__CREATE_DOMAIN",
    "description": "Add a domain to your Resend account.",
    "tags": [],
    "tool_metadata": {
      "canonical_tool_name": "CREATE_DOMAIN",
      "canonical_tool_description_hash": "59c5bbd06ac28beea4028944d4faaad9654c23550515e4af4821f46405922c3a",
      "canonical_tool_input_schema_hash": "26fd018098b2fa7391004ba4051a1d41f4a368ac1b1fb6a721e4188abf4e5717"
    },
    "input_schema": {
      "type": "object",
      "required": ["body"],
      "properties": {
        "body": {
          "type": "object",
          "required": ["name"],
          "properties": {
            "name": {
              "type": "string",
              "description": "The domain name to add"
            },
            "region": {
              "type": "string",
              "description": "The region to create the domain in"
            }
          },
          "description": "Body parameters for the domain creation request",
          "additionalProperties": false
        }
      },
      "additionalProperties": false
    }
  },
  {
    "name": "RESEND__RETRIEVE_DOMAIN",
    "description": "Retrieve a single domain.",
    "tags": [],
    "tool_metadata": {
      "canonical_tool_name": "RETRIEVE_DOMAIN",
      "canonical_tool_description_hash": "30621a35d734e312ae458ea932808ab47458c130dda97b92548523f11fdb50e8",
      "canonical_tool_input_schema_hash": "5b7044038235b7c0f6a8a5330e64bda1c9bb927215734062fe71a44ad5c73e67"
    },
    "input_schema": {
      "type": "object",
      "required": ["path"],
      "properties": {
        "path": {
          "type": "object",
          "required": ["id"],
          "properties": {
            "id": {
              "type": "string",
              "description": "The ID of the domain to retrieve"
            }
          },
          "description": "Path parameters for the request",
          "additionalProperties": false
        }
      },
      "additionalProperties": false
    }
  },
  {
    "name": "RESEND__VERIFY_DOMAIN",
    "description": "Verify a domain.",
    "tags": [],
    "tool_metadata": {
      "canonical_tool_name": "VERIFY_DOMAIN",
      "canonical_tool_description_hash": "cc8e205e6bce7287f51de5146d15c80e7f031e92dfcb78a0b74cf148a4095328",
      "canonical_tool_input_schema_hash": "6c914cb6d894f4e8af3f88081fe966e345a1b0eea7ece46fb516faa8f45b1204"
    },
    "input_schema": {
      "type": "object",
      "required": ["path"],
      "properties": {
        "path": {
          "type": "object",
          "required": ["id"],
          "properties": {
            "id": {
              "type": "string",
              "description": "The ID of the domain to verify"
            }
          },
          "description": "Path parameters for the request",
          "additionalProperties": false
        }
      },
      "additionalProperties": false
    }
  },
  {
    "name": "RESEND__UPDATE_DOMAIN",
    "description": "Update a domain.",
    "tags": [],
    "tool_metadata": {
      "canonical_tool_name": "UPDATE_DOMAIN",
      "canonical_tool_description_hash": "2589f4ca27027315037a1bd82b4a0f1e18e375b7ea1de66b4762c0bdb70daed6",
      "canonical_tool_input_schema_hash": "5476c70097993da4758cbb2f1fd60b3ea21c22bd90028dd4aef3e4d89862e870"
    },
    "input_schema": {
      "type": "object",
      "required": ["path", "body"],
      "properties": {
        "body": {
          "type": "object",
          "required": [],
          "properties": {
            "open_tracking": {
              "type": "boolean",
              "description": "Enable or disable open tracking"
            },
            "click_tracking": {
              "type": "boolean",
              "description": "Enable or disable click tracking"
            }
          },
          "description": "Body parameters for the domain update request",
          "additionalProperties": false
        },
        "path": {
          "type": "object",
          "required": ["id"],
          "properties": {
            "id": {
              "type": "string",
              "description": "The ID of the domain to update"
            }
          },
          "description": "Path parameters for the request",
          "additionalProperties": false
        }
      },
      "additionalProperties": false
    }
  },
  {
    "name": "RESEND__LIST_DOMAINS",
    "description": "Returns a list of your domains.",
    "tags": [],
    "tool_metadata": {
      "canonical_tool_name": "LIST_DOMAINS",
      "canonical_tool_description_hash": "2d93d367a1c3c761e1af58863dcd9156c0093d8d2399cf2b91579ce325df8a4b",
      "canonical_tool_input_schema_hash": "d746974fa9afd5e951f76f9af38954b0ad7f436f2120dc974da65e5ee39f856f"
    },
    "input_schema": {
      "type": "object",
      "required": [],
      "properties": {},
      "additionalProperties": false
    }
  },
  {
    "name": "RESEND__DELETE_DOMAIN",
    "description": "Delete a domain.",
    "tags": [],
    "tool_metadata": {
      "canonical_tool_name": "DELETE_DOMAIN",
      "canonical_tool_description_hash": "fea6f5f4870436df3042c6191c81c1c721ae5b24683ffd1c3d0563c39f04a285",
      "canonical_tool_input_schema_hash": "5da663c36c4ae81d4091bc84432b5b9d90695b2663225134972ea7a417a66682"
    },
    "input_schema": {
      "type": "object",
      "required": ["path"],
      "properties": {
        "path": {
          "type": "object",
          "required": ["id"],
          "properties": {
            "id": {
              "type": "string",
              "description": "The ID of the domain to delete"
            }
          },
          "description": "Path parameters for the request",
          "additionalProperties": false
        }
      },
      "additionalProperties": false
    }
  },
  {
    "name": "RESEND__RETRIEVE_CONTACT",
    "description": "Retrieve a single contact.",
    "tags": [],
    "tool_metadata": {
      "canonical_tool_name": "RETRIEVE_CONTACT",
      "canonical_tool_description_hash": "14bfdb1d66a62732acf23c761d8f9550c0074039a5f378d9feb8578b45e9aa63",
      "canonical_tool_input_schema_hash": "b2fb1479f15c8173edd4ec48f272ae274c19b190cf718fc33f95473cd9595411"
    },
    "input_schema": {
      "type": "object",
      "required": ["path"],
      "properties": {
        "path": {
          "type": "object",
          "required": ["audience_id", "id"],
          "properties": {
            "id": {
              "type": "string",
              "description": "The ID of the contact to retrieve"
            },
            "audience_id": {
              "type": "string",
              "description": "The ID of the audience containing the contact"
            }
          },
          "description": "Path parameters for the request",
          "additionalProperties": false
        }
      },
      "additionalProperties": false
    }
  },
  {
    "name": "RESEND__CREATE_API_KEY",
    "description": "Add a new API key to authenticate communications with Resend.",
    "tags": [],
    "tool_metadata": {
      "canonical_tool_name": "CREATE_API_KEY",
      "canonical_tool_description_hash": "cc9ccaa3268fcf566654e5189d245d6ce87e3a91a3eaaa89700d30c39319f3ca",
      "canonical_tool_input_schema_hash": "e1bec9c72cd81085a621e60b54d368591566b42d42047acf6413b4919a6bcd40"
    },
    "input_schema": {
      "type": "object",
      "required": ["body"],
      "properties": {
        "body": {
          "type": "object",
          "required": ["name"],
          "properties": {
            "name": {
              "type": "string",
              "description": "The API key name"
            },
            "domain_id": {
              "type": "string",
              "description": "Restrict API key to send emails only from a specific domain (only used with sending_access permission)"
            },
            "permission": {
              "enum": ["full_access", "sending_access"],
              "type": "string",
              "description": "The API key permission level (full_access or sending_access)"
            }
          },
          "description": "Body parameters for the API key creation request",
          "additionalProperties": false
        }
      },
      "additionalProperties": false
    }
  },
  {
    "name": "RESEND__LIST_API_KEYS",
    "description": "Retrieve a list of API keys for the authenticated user.",
    "tags": [],
    "tool_metadata": {
      "canonical_tool_name": "LIST_API_KEYS",
      "canonical_tool_description_hash": "1e20e11e087925ec4c7811f914ad23b5c6acee20915c537c5e1465421cb56d2a",
      "canonical_tool_input_schema_hash": "d746974fa9afd5e951f76f9af38954b0ad7f436f2120dc974da65e5ee39f856f"
    },
    "input_schema": {
      "type": "object",
      "required": [],
      "properties": {},
      "additionalProperties": false
    }
  },
  {
    "name": "RESEND__DELETE_API_KEY",
    "description": "Remove an existing API key.",
    "tags": [],
    "tool_metadata": {
      "canonical_tool_name": "DELETE_API_KEY",
      "canonical_tool_description_hash": "ec5afca522c63f27adc415ae2cea24d445d256f37eb337e63af7d25abd18af97",
      "canonical_tool_input_schema_hash": "b19e36f1732ecd66c806caf231789ebff0c16a35459b5df13119819ecfaaabf6"
    },
    "input_schema": {
      "type": "object",
      "required": ["path"],
      "properties": {
        "path": {
          "type": "object",
          "required": ["api_key_id"],
          "properties": {
            "api_key_id": {
              "type": "string",
              "description": "The API key ID to delete"
            }
          },
          "description": "Path parameters for the request",
          "additionalProperties": false
        }
      },
      "additionalProperties": false
    }
  },
  {
    "name": "RESEND__CREATE_AUDIENCE",
    "description": "Create a list of contacts.",
    "tags": [],
    "tool_metadata": {
      "canonical_tool_name": "CREATE_AUDIENCE",
      "canonical_tool_description_hash": "99ea0de42dffebedcd6cd23a0d4cc63b10b0877bf593301bbeb264947985cbc9",
      "canonical_tool_input_schema_hash": "c199e88c3aafe1c882a6575881acb8a0236c8af51cb8c8ccd1cb607f2e1a8dc4"
    },
    "input_schema": {
      "type": "object",
      "required": ["body"],
      "properties": {
        "body": {
          "type": "object",
          "required": ["name"],
          "properties": {
            "name": {
              "type": "string",
              "description": "The name of the audience you want to create"
            }
          },
          "description": "Body parameters for the audience creation request",
          "additionalProperties": false
        }
      },
      "additionalProperties": false
    }
  },
  {
    "name": "RESEND__RETRIEVE_AUDIENCE",
    "description": "Retrieve a single audience.",
    "tags": [],
    "tool_metadata": {
      "canonical_tool_name": "RETRIEVE_AUDIENCE",
      "canonical_tool_description_hash": "43089b187a160635318ed932c3b03027a7ca985b662f2bebca53954e899a022a",
      "canonical_tool_input_schema_hash": "a6543b607fe886997e8e7e9a749522eb0f0b604c5fbf9594eb7f1f15cc45ec54"
    },
    "input_schema": {
      "type": "object",
      "required": ["path"],
      "properties": {
        "path": {
          "type": "object",
          "required": ["id"],
          "properties": {
            "id": {
              "type": "string",
              "description": "The ID of the audience to retrieve"
            }
          },
          "description": "Path parameters for the request",
          "additionalProperties": false
        }
      },
      "additionalProperties": false
    }
  },
  {
    "name": "RESEND__DELETE_AUDIENCE",
    "description": "Remove an existing audience.",
    "tags": [],
    "tool_metadata": {
      "canonical_tool_name": "DELETE_AUDIENCE",
      "canonical_tool_description_hash": "fa5259c96fe5c2df8c90f9ce44b5428456e30262dfb8265bae5e032c6b46e7ab",
      "canonical_tool_input_schema_hash": "fa42695e1e45afe1b671496a3fbc6846a7a692839564076dbe25ddcacd80a33e"
    },
    "input_schema": {
      "type": "object",
      "required": ["path"],
      "properties": {
        "path": {
          "type": "object",
          "required": ["id"],
          "properties": {
            "id": {
              "type": "string",
              "description": "The ID of the audience to delete"
            }
          },
          "description": "Path parameters for the request",
          "additionalProperties": false
        }
      },
      "additionalProperties": false
    }
  },
  {
    "name": "RESEND__LIST_AUDIENCES",
    "description": "Retrieve a list of audiences.",
    "tags": [],
    "tool_metadata": {
      "canonical_tool_name": "LIST_AUDIENCES",
      "canonical_tool_description_hash": "30d4591b0afcedae4a80da401b684fdb4880f43e9169037288ac75fe99e62368",
      "canonical_tool_input_schema_hash": "d746974fa9afd5e951f76f9af38954b0ad7f436f2120dc974da65e5ee39f856f"
    },
    "input_schema": {
      "type": "object",
      "required": [],
      "properties": {},
      "additionalProperties": false
    }
  },
  {
    "name": "RESEND__CREATE_CONTACT",
    "description": "Add a contact to an audience.",
    "tags": [],
    "tool_metadata": {
      "canonical_tool_name": "CREATE_CONTACT",
      "canonical_tool_description_hash": "1b0a7621ca61d48817f73e59be996a517dd86f2d9783ada6d939743f608d7dac",
      "canonical_tool_input_schema_hash": "cae3faad175465e7109dfab27c97d113b7c94dcede4b19a81c81c80593980f95"
    },
    "input_schema": {
      "type": "object",
      "required": ["path", "body"],
      "properties": {
        "body": {
          "type": "object",
          "required": ["email"],
          "properties": {
            "email": {
              "type": "string",
              "description": "Email address of the contact"
            },
            "last_name": {
              "type": "string",
              "description": "Last name of the contact"
            },
            "first_name": {
              "type": "string",
              "description": "First name of the contact"
            },
            "unsubscribed": {
              "type": "boolean",
              "description": "Whether the contact is unsubscribed"
            }
          },
          "description": "Body parameters for the contact creation request",
          "additionalProperties": false
        },
        "path": {
          "type": "object",
          "required": ["audience_id"],
          "properties": {
            "audience_id": {
              "type": "string",
              "description": "The ID of the audience to add the contact to"
            }
          },
          "description": "Path parameters for the request",
          "additionalProperties": false
        }
      },
      "additionalProperties": false
    }
  },
  {
    "name": "RESEND__UPDATE_CONTACT",
    "description": "Update a contact.",
    "tags": [],
    "tool_metadata": {
      "canonical_tool_name": "UPDATE_CONTACT",
      "canonical_tool_description_hash": "487e5f297f1f039c78779af0b7cc9849c874b3b173c6844015a06d6da730f04a",
      "canonical_tool_input_schema_hash": "c75eef2af10a9c60427d713aa53855462f10fbe94cd18bcd714a15ec1b5770b6"
    },
    "input_schema": {
      "type": "object",
      "required": ["path", "body"],
      "properties": {
        "body": {
          "type": "object",
          "required": [],
          "properties": {
            "last_name": {
              "type": "string",
              "description": "Last name of the contact"
            },
            "first_name": {
              "type": "string",
              "description": "First name of the contact"
            },
            "unsubscribed": {
              "type": "boolean",
              "description": "Whether the contact is unsubscribed"
            }
          },
          "description": "Body parameters for the contact update request",
          "additionalProperties": false
        },
        "path": {
          "type": "object",
          "required": ["audience_id", "id"],
          "properties": {
            "id": {
              "type": "string",
              "description": "The ID of the contact to update"
            },
            "audience_id": {
              "type": "string",
              "description": "The ID of the audience containing the contact"
            }
          },
          "description": "Path parameters for the request",
          "additionalProperties": false
        }
      },
      "additionalProperties": false
    }
  },
  {
    "name": "RESEND__DELETE_CONTACT",
    "description": "Remove an existing contact.",
    "tags": [],
    "tool_metadata": {
      "canonical_tool_name": "DELETE_CONTACT",
      "canonical_tool_description_hash": "e4d572d7dab0745750ab1be24ce6c5f9b92abacc99b20d94bf6326919d8f266e",
      "canonical_tool_input_schema_hash": "89c388bb5049b63640d1c5565f65bbd809c82348e0465641146427ae9f68882e"
    },
    "input_schema": {
      "type": "object",
      "required": ["path"],
      "properties": {
        "path": {
          "type": "object",
          "required": ["audience_id", "id"],
          "properties": {
            "id": {
              "type": "string",
              "description": "The ID of the contact to delete"
            },
            "audience_id": {
              "type": "string",
              "description": "The ID of the audience containing the contact"
            }
          },
          "description": "Path parameters for the request",
          "additionalProperties": false
        }
      },
      "additionalProperties": false
    }
  },
  {
    "name": "RESEND__LIST_CONTACTS",
    "description": "Returns a list of contacts for an audience.",
    "tags": [],
    "tool_metadata": {
      "canonical_tool_name": "LIST_CONTACTS",
      "canonical_tool_description_hash": "990d5e5611a4f8f04a13955733cc06ca341be50364b248dfbff33d301f184a2b",
      "canonical_tool_input_schema_hash": "a7f1c21e6b3605fdc0a1cec7f97963239aadbf1ae9e19bbbf5228d16af8d6d54"
    },
    "input_schema": {
      "type": "object",
      "required": ["path"],
      "properties": {
        "path": {
          "type": "object",
          "required": ["audience_id"],
          "properties": {
            "audience_id": {
              "type": "string",
              "description": "The ID of the audience to list contacts from"
            }
          },
          "description": "Path parameters for the request",
          "additionalProperties": false
        }
      },
      "additionalProperties": false
    }
  },
  {
    "name": "RESEND__CREATE_BROADCAST",
    "description": "Create a new broadcast to send to your audience.",
    "tags": [],
    "tool_metadata": {
      "canonical_tool_name": "CREATE_BROADCAST",
      "canonical_tool_description_hash": "8024d3f5e297cb6b852a82ffb5cf161f9992530c75392498128726631724b9c6",
      "canonical_tool_input_schema_hash": "384fe2cb2ed0a259b858ecfd88633dc64bbf89dbe1157b8cbd3623d180155807"
    },
    "input_schema": {
      "type": "object",
      "required": ["body"],
      "properties": {
        "body": {
          "type": "object",
          "required": ["audience_id", "from", "subject"],
          "properties": {
            "from": {
              "type": "string",
              "description": "Sender email address. To include a friendly name, use the format \"Your Name <sender@domain.com>\""
            },
            "html": {
              "type": "string",
              "description": "The HTML version of the message"
            },
            "name": {
              "type": "string",
              "description": "The friendly name of the broadcast. Only used for internal reference"
            },
            "text": {
              "type": "string",
              "description": "The plain text version of the message"
            },
            "subject": {
              "type": "string",
              "description": "Email subject"
            },
            "reply_to": {
              "oneOf": [
                {
                  "type": "string",
                  "format": "email",
                  "description": "Single reply-to email address"
                },
                {
                  "type": "array",
                  "items": {
                    "type": "string",
                    "format": "email"
                  },
                  "description": "Multiple reply-to email addresses"
                }
              ],
              "description": "Reply-to email address(es). Can be a single email or an array of emails"
            },
            "audience_id": {
              "type": "string",
              "description": "The ID of the audience you want to send to"
            }
          },
          "description": "Body parameters for the broadcast creation request",
          "additionalProperties": false
        }
      },
      "additionalProperties": false
    }
  },
  {
    "name": "RESEND__RETRIEVE_BROADCAST",
    "description": "Retrieve a single broadcast.",
    "tags": [],
    "tool_metadata": {
      "canonical_tool_name": "RETRIEVE_BROADCAST",
      "canonical_tool_description_hash": "f6fc3e65c14b33fb09811d6b70f9806862dd142f2ace39d477193d056d5474d6",
      "canonical_tool_input_schema_hash": "aaffc48c8031879ded538a01c48af8c8a875420b1c6263f58beb4d1ba2a6967e"
    },
    "input_schema": {
      "type": "object",
      "required": ["path"],
      "properties": {
        "path": {
          "type": "object",
          "required": ["id"],
          "properties": {
            "id": {
              "type": "string",
              "description": "The ID of the broadcast to retrieve"
            }
          },
          "description": "Path parameters for the request",
          "additionalProperties": false
        }
      },
      "additionalProperties": false
    }
  },
  {
    "name": "RESEND__SEND_BROADCAST",
    "description": "Start sending broadcasts to your audience through the Resend API.",
    "tags": [],
    "tool_metadata": {
      "canonical_tool_name": "SEND_BROADCAST",
      "canonical_tool_description_hash": "a6c6b96370bd0473e209e87586b048d6e617cb9824303f5c37a297743de3176a",
      "canonical_tool_input_schema_hash": "6c03e7cec8941717b57ea96581a362c8e93264824c29a76f8a9b590a33c44d01"
    },
    "input_schema": {
      "type": "object",
      "required": ["path"],
      "properties": {
        "body": {
          "type": "object",
          "required": [],
          "properties": {
            "scheduled_at": {
              "type": "string",
              "description": "Schedule email to be sent later. The date should be in natural language (e.g.: in 1 min) or ISO 8601 format (e.g: 2024-08-05T11:52:01.858Z)"
            }
          },
          "description": "Body parameters for the send broadcast request",
          "additionalProperties": false
        },
        "path": {
          "type": "object",
          "required": ["id"],
          "properties": {
            "id": {
              "type": "string",
              "description": "The broadcast ID"
            }
          },
          "description": "Path parameters for the request",
          "additionalProperties": false
        }
      },
      "additionalProperties": false
    }
  },
  {
    "name": "RESEND__DELETE_BROADCAST",
    "description": "Delete a broadcast.",
    "tags": [],
    "tool_metadata": {
      "canonical_tool_name": "DELETE_BROADCAST",
      "canonical_tool_description_hash": "8d0516b0ea8f07f5ad4183b4fb743c938c4c8186f08ad64bf09088aace69342e",
      "canonical_tool_input_schema_hash": "9af3af1a0332044dd7e20bc6ec1db3dbee51c287ec24c30d30d80764ee9928e4"
    },
    "input_schema": {
      "type": "object",
      "required": ["path"],
      "properties": {
        "path": {
          "type": "object",
          "required": ["id"],
          "properties": {
            "id": {
              "type": "string",
              "description": "The ID of the broadcast to delete"
            }
          },
          "description": "Path parameters for the requests",
          "additionalProperties": false
        }
      },
      "additionalProperties": false
    }
  },
  {
    "name": "RESEND__LIST_BROADCASTS",
    "description": "Returns a list of your broadcasts.",
    "tags": [],
    "tool_metadata": {
      "canonical_tool_name": "LIST_BROADCASTS",
      "canonical_tool_description_hash": "60a4bfb5b8ad457bc40d74433eb5a8148fa5de5d5f747a722b74228f031f5d88",
      "canonical_tool_input_schema_hash": "d746974fa9afd5e951f76f9af38954b0ad7f436f2120dc974da65e5ee39f856f"
    },
    "input_schema": {
      "type": "object",
      "required": [],
      "properties": {},
      "additionalProperties": false
    }
  }
]
